,x,y,z,t
0,1.0,0.0,0.0,0.0
1,0.9,0.28,0.0,0.01
2,0.838,0.5292,0.0025200000000000005,0.02
3,0.80712,0.7585268824,0.006887496,0.03
4,0.80226068824,0.9768796232182848,0.01282605161322688,0.04
5,0.8197225817378284,1.1916409213233556,0.020321144758714826,0.05
6,0.8569144156963812,1.4090802579842592,0.029547397290465353,0.060000000000000005
7,0.912130999925169,1.6346722958925581,0.04083407855545182,0.07
8,0.9843851295219079,1.8733497926236418,0.05465552255199761,0.08
9,1.0732815958320814,2.129706110127075,0.07163901873312764,0.09
10,1.1789240472615807,2.4081590074552897,0.09258638862554945,0.09999999999999999
11,1.3018475432809515,2.7130846274139815,0.11850778389738768,0.10999999999999999
12,1.4429712516942546,3.048928302585243,0.15066780189591275,0.11999999999999998
13,1.6035669567833535,3.4202968769668645,0.19064515273642973,0.12999999999999998
14,1.7852399488017046,3.832035533422544,0.24040803253972523,0.13999999999999999
15,1.9899195072637885,4.289290503515769,0.302408180866935,0.15
16,2.2198566068889867,4.797557381131839,0.37969739116315687,0.16
17,2.4776266843132717,5.362712919625516,0.4760710218931514,0.17
18,2.7661353078444963,5.99102599936227,0.5962438009424245,0.18000000000000002
19,3.0886243769962736,6.6891407152664035,0.7460638517211298,0.19000000000000003
20,3.4486760108232866,7.4640210236804805,0.932771246418534,0.20000000000000004
21,3.850210512109006,8.322841838263102,1.1653072490005152,0.21000000000000005
22,4.297473644724415,9.272805581071607,1.4546793203901807,0.22000000000000006
23,4.795006838359135,10.320855685374703,1.8143842478195296,0.23000000000000007
24,5.347591723060692,11.473249194504456,2.26088640376857,0.24000000000000007
25,5.960157470205068,12.734939410820672,2.8141386239595225,0.25000000000000006
26,6.637635664266629,14.108707014952035,3.4981173699407195,0.26000000000000006
27,7.38474279933517,15.59396564467208,4.341318808666978,0.2700000000000001
28,8.20566508386886,17.185158743919988,5.377124562178247,0.2800000000000001
29,9.103614449873973,18.869664547249272,6.643891144510773,0.2900000000000001
30,10.080219459611502,20.625145713475913,8.184542222356617,0.3000000000000001
31,11.134712084997943,22.416335887254263,10.045347714876801,0.3100000000000001
32,12.262874465223575,24.191371366192694,12.27346623686525,0.3200000000000001
33,13.455724155320487,25.87798274563498,14.912731305934429,0.3300000000000001
34,14.697950014351937,27.380189693117707,17.997128446323586,0.34000000000000014
35,15.966173982228515,28.576604857145718,21.541531616017473,0.35000000000000014
36,17.227217069720236,29.322009107348133,25.529681222629524,0.36000000000000015
37,18.436696273483026,29.454356194366323,29.900255881485403,0.37000000000000016
38,19.538462265571354,28.809468227134197,34.53332591551094,0.38000000000000017
39,20.465562861727637,27.244862126173956,39.24136430290103,0.3900000000000002
40,21.14349278817227,24.671805026986195,43.7707423065135,0.4000000000000002
41,21.496324012053662,21.09060121449742,47.82000382826589,0.4100000000000002
42,21.455751732298037,16.619122960226967,51.07850769933729,0.4200000000000002
43,20.97208885509093,11.501264415135601,53.28217192311993,0.4300000000000002
44,20.025006411095397,6.084052210770682,54.27336939777126,0.4400000000000002
45,18.630910991062926,0.7619677823485027,54.044411392425246,0.45000000000000023
46,16.844016670191483,-4.0979630001439835,52.74518862793717,0.46000000000000024
47,14.749818703157935,-8.225067067702607,50.64838869364298,0.47000000000000025
48,12.452330126071882,-11.48341266852444,48.08458251444655,0.48000000000000026
49,10.05875584661225,-13.86957706098139,45.372374525504156,0.49000000000000027
50,7.665922555852886,-15.478326028651104,42.767337644635525,0.5000000000000002
51,5.351497697402486,-16.455595435763662,40.440318821146434,0.5100000000000002
52,3.170788384085871,-16.956782856669204,38.481289508410434,0.5200000000000002
53,1.1580312600103637,-17.1195545383376,36.917458087052225,0.5300000000000002
54,-0.6697273198244327,-17.05162594520061,35.734742744935694,0.5400000000000003
55,-2.3079171823620506,-16.82930800046763,34.89601566916669,0.5500000000000003
56,-3.7600562641726087,-16.501860589935877,34.35386174233766,0.5600000000000003
57,-5.034236696748936,-16.097933207576883,34.05823800535891,0.5700000000000003
58,-6.1406063478317305,-15.631967834658946,33.96042638616997,0.5800000000000003
59,-7.089742496514452,-15.109641835285366,34.014712625018184,0.5900000000000003
60,-7.891732430391543,-14.532117779913378,34.17888831995172,0.6000000000000003
61,-8.555770965343726,-13.89917526873094,34.41428714974646,0.6100000000000003
62,-9.090111395682447,-13.21139179845185,34.685754427817535,0.6200000000000003
63,-9.502239435959387,-12.471535355336945,34.9617312078084,0.6300000000000003
64,-9.799169027897143,-11.685299633529715,35.21449352640462,0.6400000000000003
65,-9.987782088460401,-10.861486222035332,35.420502628206314,0.6500000000000004
66,-10.075152501817893,-10.011727727441254,35.56077746687919,0.6600000000000004
67,-10.068810024380229,-9.14985059005568,35.621186904368905,0.6700000000000004
68,-9.976914080947774,-8.290989253151274,35.592569660346406,0.6800000000000004
69,-9.808321598168124,-7.450575209070892,35.47061934365135,0.6900000000000004
70,-9.572546959258402,-6.643327086379902,35.25551253857304,0.7000000000000004
71,-9.279624971970552,-5.882356470626316,34.951301142545276,0.7100000000000004
72,-8.939898121836128,-5.1784782292195475,34.5651270653993,0.7200000000000004
73,-8.56375613257447,-4.539777775711564,34.10634102160901,0.7300000000000004
74,-8.16135829688818,-3.9714478442404966,33.58561409203886,0.7400000000000004
75,-7.742367251623412,-3.4758713866653226,33.01412180439367,0.7500000000000004
76,-7.315717665127603,-3.052900948258785,32.402859950892896,0.7600000000000005
77,-6.889435993440721,-2.700271135577897,31.76212529950637,0.7700000000000005
78,-6.470519507654439,-2.414079209719587,31.101168743054526,0.7800000000000005
79,-6.064875477860953,-2.1892766891377664,30.428007709434876,0.7900000000000005
80,-5.677315598988635,-2.0201282780762995,29.749371075578654,0.8000000000000005
81,-5.311596866897402,-1.9006096783375142,29.07074357141403,0.8100000000000005
82,-4.970498148041413,-1.824729999562406,28.396476466969514,0.8200000000000005
83,-4.655921333193512,-1.786775844118642,27.729935265351997,0.8300000000000005
84,-4.369006784286025,-1.7814820872713646,27.07366120264528,0.8400000000000005
85,-4.110254314584559,-1.8041390713005523,26.4295299771618,0.8500000000000005
86,-3.879642790256158,-1.850647992460511,25.79889721512339,0.8600000000000005
87,-3.676743310476593,-1.917536438035499,25.182725154132612,0.8700000000000006
88,-3.5008226232324837,-2.001945038088313,24.581688709400495,0.8800000000000006
89,-3.3509348647180666,-2.1015946027012475,23.996261555281226,0.8900000000000006
90,-3.2260008385163847,-2.2147413241104372,23.42678431339734,0.9000000000000006
91,-3.12487488707579,-2.3401258872662973,22.873517638726852,0.9100000000000006
92,-3.0463999870948406,-2.476920788291429,22.336683174537946,0.9200000000000006
93,-2.9894520672144993,-2.6246788634485303,21.81649520445846,0.9300000000000006
94,-2.9529747468379024,-2.7832849867506693,21.31318551554734,0.9400000000000006
95,-2.936005770829179,-2.9529120799769486,20.82702360459069,0.9500000000000006
96,-2.9376964017439557,-3.1339819600866115,20.358333977543907,0.9600000000000006
97,-2.9573249575782214,-3.3271310882607286,19.907511946748837,0.9700000000000006
98,-2.994305570646472,-3.533180946265954,19.47503903954668,0.9800000000000006
99,-3.0481931082084204,-3.753112517737585,19.06149889905383,0.9900000000000007
100,-3.118685049161337,-3.988044167096384,18.667594378854712,1.0000000000000007
101,-3.2056209609548416,-4.239212064259171,18.29416639927844,1.0100000000000007
102,-3.3089800712852746,-4.507952179956708,17.942215032475566,1.0200000000000007
103,-3.428877282152418,-4.79568275834525,17.612923204200722,1.0300000000000007
104,-3.565557829771701,-5.103886047292685,17.307683328713704,1.0400000000000007
105,-3.7193906515237996,-5.434087921076792,17.028127115196543,1.0500000000000007
106,-3.8908603784790987,-5.7878338562404785,16.776158683590083,1.0600000000000007
107,-4.080557726255237,-6.166659512401634,16.55399098631234,1.0700000000000007
108,-4.289167904869877,-6.57205392243352,16.3641853278625,1.0800000000000007
109,-4.5174565066262415,-7.005413011596647,16.209693479984594,1.0900000000000007
110,-4.766252157123282,-7.467980850520295,16.093901473093418,1.1000000000000008
111,-5.036425026462983,-7.960775719883,16.020673565525737,1.1100000000000008
112,-5.328860095804985,-8.484497757231727,15.99439410443516,1.1200000000000008
113,-5.64442386194766,-9.039414721487775,16.02000394363148,1.1300000000000008
114,-5.983922947901672,-9.62522233033895,16.10302671998804,1.1400000000000008
115,-6.3480528861454,-10.240875821243925,16.2495785619334,1.1500000000000008
116,-6.737335179655252,-10.884390030264921,16.466352680085553,1.1600000000000008
117,-7.152040664716219,-11.552606608344233,16.760567780549867,1.1700000000000008
118,-7.59209725907902,-12.240929305079082,17.139866428865343,1.1800000000000008
119,-8.056980463679027,-12.943031915214725,17.61214658235231,1.1900000000000008
120,-8.545585608832598,-13.650548916518066,18.18530689297284,1.2000000000000008
121,-9.056081939601144,-14.352766429058082,18.86688471956352,1.2100000000000009
122,-9.585750388546838,-15.036341168202062,19.663566082123555,1.2200000000000009
123,-10.13080946651236,-15.685087503193833,20.580550451887753,1.2300000000000009
124,-10.686237270180508,-16.27988692534516,21.620762102775053,1.2400000000000009
125,-11.245602235696973,-16.79878855381844,22.78391579086053,1.2500000000000009
126,-11.80092086750912,-17.21738075071908,24.065469644282462,1.260000000000001
127,-12.342566855830116,-17.509517756998243,25.455533264951704,1.270000000000001
128,-12.859261945946928,-17.648475087325952,26.937842979843946,1.280000000000001
129,-13.338183260084831,-17.608575889951823,28.488964141325873,1.290000000000001
130,-13.76522252307153,-17.367271197806158,30.077922552583406,1.300000000000001
131,-14.125427390544994,-16.907567822607902,31.666488144411176,1.310000000000001
132,-14.403641433751284,-16.220585023760083,33.21031467684984,1.320000000000001
133,-14.585335792752165,-15.307904129898915,34.66106119074634,1.330000000000001
134,-14.65759262646684,-14.183286946568877,35.9694754458381,1.340000000000001
135,-14.610162058477044,-12.873320831785938,37.08921785562,1.350000000000001
136,-14.436477935807934,-11.416638164913964,37.98098508196841,1.360000000000001
137,-14.134493958718537,-9.861569074130173,38.61631926280475,1.370000000000001
138,-13.707201470259701,-8.262390378549462,38.980433634147744,1.380000000000001
139,-13.162720361088677,-6.674656314223177,39.07349789935093,1.390000000000001
140,-12.513913956402128,-5.150336188398353,38.91010430107319,1.400000000000001
141,-11.777556179601751,-3.7335517617243434,38.51701015879285,1.410000000000001
142,-10.973155737814011,-2.4575694642408488,37.929611044123305,1.420000000000001
143,-10.121597110456694,-1.34340208556761,37.18782767428946,1.430000000000001
144,-9.243777607967786,-0.40001316431731204,36.332126016316366,1.440000000000001
145,-8.359401163602739,0.37419016628977186,35.40024564986002,1.450000000000001
146,-7.486042030613487,0.9890644855907335,34.42495904208217,1.460000000000001
147,-6.638531378993065,1.4601489750747993,33.43291835119212,1.470000000000001
148,-5.828663343586278,1.806213474863013,32.44444141393661,1.480000000000001
149,-5.065175661741349,2.0472028676356735,31.47397820684871,1.490000000000001
150,-4.3539378088036464,2.202693937586816,30.53097769993479,1.500000000000001
151,-3.6982746341646004,2.2908641932207976,29.620914370442378,1.5100000000000011
152,-3.099360751426061,2.327901416292189,28.74630087120287,1.5200000000000011
153,-2.556634534654236,2.3277529584188796,27.907582785142342,1.5300000000000011
154,-2.0681957853469246,2.3021126584036744,27.103868441522174,1.5400000000000011
155,-1.6311649409718647,2.2605577766960354,26.333486419439872,1.5500000000000012
156,-1.2419926692050747,2.2107686136664433,25.594386688997595,1.5600000000000012
157,-0.896716540917923,2.1587833865577073,24.884412126509503,1.5700000000000012
158,-0.59116654817036,2.109257560883708,24.201469635426065,1.5800000000000012
159,-0.32112413726495315,2.065709344437416,23.543627886700005,1.5900000000000012
160,-0.08244078909471628,2.0307417644908914,22.90916431841061,1.6000000000000012
161,0.1288774662638445,2.006237421738565,22.29657911038454,1.6100000000000012
162,0.31661346181131655,1.9935254718540787,21.704589255397323,1.6200000000000012
163,0.48430466281559276,1.9935223350292661,21.132111978595255,1.6300000000000012
164,0.6352264300369601,2.0068486136035903,20.5782437141222,1.6400000000000012
165,0.7723886483936231,2.03392508496838,20.042238581216715,1.6500000000000012
166,0.8985422920510988,2.0750506799836255,19.52348869219073,1.6600000000000013
167,1.0161931308443515,2.130465212174949,19.02150753500679,1.6700000000000013
168,1.1276203389774113,2.200399383735838,18.535916975214427,1.6800000000000013
169,1.234898243453254,2.2851143149836703,18.066438006865113,1.6900000000000013
170,1.3399198506062957,2.3849325543993967,17.612885163218674,1.7000000000000013
171,1.4444211209856057,2.5002622424587075,17.175164410252812,1.7100000000000013
172,1.550005233132916,2.6316158316043956,16.753274341889504,1.7200000000000013
173,1.6581662929800638,2.7796245095451666,16.34731054254494,1.7300000000000013
174,1.7703121146365741,2.9450492332588762,15.957473058099097,1.7400000000000013
175,1.8877858264988043,3.1287890542871324,15.584077006574848,1.7500000000000013
176,2.011886149277637,3.3318871982431473,15.22756645604073,1.7600000000000013
177,2.143886254174188,3.555535147657323,14.888531794263987,1.7700000000000014
178,2.2850511435225016,3.8010747607639432,14.567730909043238,1.7800000000000014
179,2.4366535052466456,4.0699982316202306,14.266114587089067,1.7900000000000014
180,2.599987977884004,4.36394544962428,13.984856619340944,1.8000000000000014
181,2.7763837250580314,4.684698038108379,13.725389166543499,1.8100000000000014
182,2.967215156363066,5.034169029722752,13.48944398266716,1.8200000000000014
183,3.1739105436990345,5.414386756844377,13.27910010290957,1.8300000000000014
184,3.3979581650135686,5.827471083237066,13.09683855898411,1.8400000000000014
185,3.6409094568359186,6.275599563434849,12.945604560231192,1.8500000000000014
186,3.9043784674958117,6.760960475036518,12.82887733660328,1.8600000000000014
187,4.190036668249882,7.285688916833192,12.750747425943755,1.8700000000000014
188,4.499601893108213,7.851781302151855,12.716000531735183,1.8800000000000014
189,4.834819834012578,8.46098261854703,12.730206084336587,1.8900000000000015
190,5.197436112466023,9.1146398172089,12.799807187881479,1.9000000000000015
191,5.589156482940311,9.813513729418323,12.932206577585461,1.9100000000000015
192,6.011592207588112,10.557541145029075,13.135840374328538,1.9200000000000015
193,6.466187101332209,11.345538395359108,13.420227618467253,1.9300000000000015
194,6.954122230734899,12.174838372543784,13.795978622272196,1.9400000000000015
195,7.476193844915787,13.040854997105253,14.274739000832714,1.9500000000000015
196,8.032659960134733,13.936573565152573,14.869038892761818,1.9600000000000015
197,8.623051320636517,14.851973284743032,15.592008753537568,1.9700000000000015
198,9.245943517047168,15.773401004938144,16.45691513191385,1.9800000000000015
199,9.898689265836266,16.68293410191683,17.476463809363413,1.9900000000000015
200,10.577113749444322,17.5577969081866,18.661816581620034,2.0000000000000013
201,11.27518206531855,18.36992922139853,20.021276290318816,2.010000000000001
202,11.984656780926548,19.085845553939834,21.558618554226488,2.020000000000001
203,12.694775658227876,19.666964556626674,23.271095142824535,2.0300000000000007
204,13.391994548067755,20.070618773769873,25.147209634929496,2.0400000000000005
205,14.059856970637966,20.251958116190217,27.164473549944766,2.0500000000000003
206,14.679067085193191,20.166912358857928,29.287483933502756,2.06
207,15.227851612559665,19.776252604959396,31.466798956111553,2.07
208,15.682691711799638,19.050571078167366,33.63918271849009,2.0799999999999996
209,16.01947964843641,17.97568972657981,35.729780177523274,2.0899999999999994
210,16.215100656250748,16.5576622669068,37.65659799687151,2.099999999999999
211,16.249356817316354,14.826258559075523,39.33726365318926,2.109999999999999
212,16.107046991492272,12.835763549158129,40.697441611692966,2.1199999999999988
213,15.779918647258857,10.662223026553868,41.67963896862756,2.1299999999999986
214,15.268149085188357,8.39696489580018,42.25067204904366,2.1399999999999983
215,14.58103066624954,6.137181392752925,42.406048579990866,2.149999999999998
216,13.736645738899878,3.9752592175821215,42.17008491877844,2.159999999999998
217,12.760507086768103,1.989012259212427,41.59161659686657,2.1699999999999977
218,11.683357604012535,0.23476293757079403,40.73631487124362,2.1799999999999975
219,10.53849813736836,-1.2556139037853349,39.677441334861875,2.1899999999999973
220,9.359086933252991,-2.4736847023141832,38.48705338473594,2.199999999999997
221,8.175809769696274,-3.430440298305128,37.22921765939881,2.209999999999997
222,7.0151847628961335,-4.150699174385739,35.955972248762414,2.2199999999999966
223,5.898596369167946,-4.667318335577307,34.70596710609359,2.2299999999999964
224,4.842004898693421,-5.016203084459168,33.50516838005122,2.239999999999996
225,3.8561841003781625,-5.232601576257977,32.36881242417193,2.249999999999996
226,2.9473055327145485,-5.348745010571661,31.30386534284088,2.259999999999996
227,2.1177004783859275,-5.392632566508932,30.311451742737752,2.2699999999999956
228,1.3666671738964413,-5.38765586545746,29.388946557272856,2.2799999999999954
229,0.6912348699610512,-5.3527615834640985,28.531609991589868,2.289999999999995
230,0.08683522461853621,-5.302908641263524,27.73376690391002,2.299999999999995
231,-0.45213916196966975,-5.2496483707438895,26.989594993842463,2.3099999999999947
232,-0.9318900828470917,-5.201720323763791,26.293608176823167,2.3199999999999945
233,-1.3588731069387616,-5.165604816700851,25.64091960794248,2.3299999999999943
234,-1.7395462779149706,-5.146005677552577,25.027355766395562,2.339999999999994
235,-2.0801922178787313,-5.1462561428983715,24.44947676285017,2.349999999999994
236,-2.3867986103806955,-5.168651289542555,23.904542735637513,2.3599999999999937
237,-2.6649838782968813,-5.214715093721669,23.390453559841404,2.3699999999999934
238,-2.91995699983936,-5.2854116122772865,22.905679448125763,2.3799999999999932
239,-3.1565024610831527,-5.381309465703221,22.44919307585209,2.389999999999993
240,-3.3789831615451593,-5.502707728216891,22.020409092886123,2.399999999999993
241,-3.5913556182123325,-5.649730020815386,21.619133751307984,2.4099999999999926
242,-3.797193058472638,-5.822392319120247,21.245525414456154,2.4199999999999924
243,-3.999712984537399,-6.020648836027615,20.900065547049334,2.429999999999992
244,-4.20180656968642,-6.244419347875651,20.58353913904268,2.439999999999992
245,-4.406067847505343,-6.4936004940908205,20.297023184399354,2.4499999999999917
246,-4.614821112163892,-6.768062873922883,20.041881676330956,2.4599999999999915
247,-4.830145288339791,-7.067635169715317,19.819765492685782,2.4699999999999913
248,-5.053894276477344,-7.392076029648347,19.63261546002788,2.479999999999991
249,-5.2877124517944445,-7.741034037708365,19.48266675513572,2.489999999999991
250,-5.533044610385836,-8.113995787880798,19.37245259570832,2.4999999999999907
251,-5.791139728135333,-8.510221876663634,19.30480486645104,2.5099999999999905
252,-6.063047942988163,-8.928670557714842,19.282848910064278,2.5199999999999902
253,-6.349610204460831,-9.367908901983212,19.309989182381617,2.52999999999999
254,-6.651440074213069,-9.826011626607626,19.38988183710303,2.53999999999999
255,-6.968897229452525,-10.300448360265577,19.526389596475966,2.5499999999999896
256,-7.3020523425338295,-10.787961077308708,19.72351353430301,2.5599999999999894
257,-7.650643216011318,-11.284434840383543,19.98529573794552,2.569999999999989
258,-8.01402237844854,-11.784766919887948,20.315686366847995,2.579999999999989
259,-8.391096832592481,-12.282741864880043,20.718368588606538,2.5899999999999888
260,-8.780261335821237,-12.770923188953738,21.19653552315649,2.5999999999999885
261,-9.179327521134487,-13.240575918020824,21.75261500685945,2.6099999999999883
262,-9.58545236082312,-13.681638088867192,22.38794110254279,2.619999999999988
263,-9.995070933627527,-14.082762940055616,23.10237624099691,2.629999999999988
264,-10.403840134270336,-14.431456279429614,23.893895019843495,2.6399999999999877
265,-10.806601748786264,-14.714334314516114,24.758150126339977,2.6499999999999875
266,-11.197375005359248,-14.917524776510922,25.688052298992332,2.6599999999999873
267,-11.569389982474416,-15.027226982755423,26.67340876176251,2.669999999999987
268,-11.915173682502516,-15.0304332267529,27.70067635463544,2.679999999999987
269,-12.226699636927554,-14.915793826703355,28.752893876045338,2.6899999999999866
270,-12.495609055905135,-14.674581815627437,29.809859349005198,2.6999999999999864
271,-12.713506331877365,-14.301683048757724,30.84860814063481,2.709999999999986
272,-12.872324003565401,-13.796508241940165,31.844223970186725,2.719999999999986
273,-12.964742427402877,-13.163702194655603,32.770975906396224,2.7299999999999858
274,-12.98463840412815,-12.413520435171327,33.60372329900647,2.7399999999999856
275,-12.927526607232467,-11.561762023275742,34.31947475276252,2.7499999999999853
276,-12.790950148836794,-10.629192622942272,34.89893862117939,2.759999999999985
277,-12.574774396247342,-9.640460896878945,35.32787498757232,2.769999999999985
278,-12.281343046310502,-8.622592540183899,35.59806452977803,2.7799999999999847
279,-11.915467995697842,-7.603222244999982,35.70775297832951,2.7899999999999845
280,-11.484243420628056,-6.608775183229682,35.66150574548547,2.7999999999999843
281,-10.996696596888219,-5.662821461900429,35.469500088103345,2.809999999999984
282,-10.46330908338944,-4.784794985288402,35.14637004740925,2.819999999999984
283,-9.895457673579337,-3.989200249132323,34.709781401128915,2.8299999999999836
284,-9.304831931134636,-3.28534466810259,34.17893685259936,2.8399999999999834
285,-8.702883204831432,-2.677551532156254,33.57319433625548,2.849999999999983
286,-8.100350037563913,-2.165747422972097,32.91093333654807,2.859999999999983
287,-7.506889776104732,-1.746287158370566,32.20874156976372,2.869999999999983
288,-6.930829514331315,-1.412878696183598,31.480933646723166,2.8799999999999826
289,-6.379034432516543,-1.1574923326603832,30.73936629648734,2.8899999999999824
290,-5.856880222530927,-0.9711722900480988,29.99348669636849,2.899999999999982
291,-5.368309429282644,-0.8447044390892267,29.250540782247857,2.909999999999982
292,-4.915948930263302,-0.7691244959678978,28.51587270944111,2.9199999999999817
293,-4.501266486833762,-0.7360732120669281,27.793259204621272,2.9299999999999815
294,-4.124747159357079,-0.7380184340832551,27.0852382426447,2.9399999999999813
295,-3.7860742868296966,-0.7683698593438202,26.39340661723622,2.949999999999981
296,-3.484303844081109,-0.821512979709109,25.718673494448954,2.959999999999981
297,-3.218024757643909,-0.8927861970409744,25.061466209595277,2.9699999999999807
298,-2.985500901583616,-0.9784210799575206,24.421890524859677,2.9799999999999804
299,-2.7847929194210064,-1.0754613597979086,23.799850881026835,2.9899999999999802
300,-2.6138597634586964,-1.181672201470218,23.19513756266488,2.99999999999998
301,-2.4706410072598484,-1.2954478453945593,22.60748781520402,3.00999999999998
302,-2.3531216910733193,-1.415722984299667,22.036627339161228,3.0199999999999796
303,-2.259381820395954,-1.5418911700584037,21.48229762807933,3.0299999999999794
304,-2.1876327553621993,-1.6737320408565113,20.944273566783803,3.039999999999979
305,-2.1362426839116306,-1.8113481030297327,20.42237471536567,3.049999999999979
306,-2.103753225823441,-1.9551110877566742,19.916472847620398,3.0599999999999787
307,-2.0888890120167645,-2.1056174401076073,19.4264976175943,3.0699999999999785
308,-2.090561854825849,-2.2636522149175993,18.952441692466635,3.0799999999999783
309,-2.107870890835024,-2.4301604955388427,18.49436629706518,3.089999999999978
310,-2.140099851305406,-2.606225376397021,18.052407841496144,3.099999999999978
311,-2.1867124038145676,-2.79305152762566,17.626786124461205,3.1099999999999777
312,-2.2473463161956766,-2.9919533668400238,17.217814498675097,3.1199999999999775
313,-2.321807021260111,-3.2043468818410332,16.8259123324824,3.1299999999999772
314,-2.410061007318203,-3.4317441650488067,16.45162008783765,3.139999999999977
315,-2.5122293230912636,-3.6757497246383117,16.095617346821406,3.149999999999977
316,-2.6285813632459685,-3.938057619138071,15.758744146665313,3.1599999999999766
317,-2.7595289888351786,-4.220448412934703,15.442026018071456,3.1699999999999764
318,-2.905620931245131,-4.524784861247054,15.146703155003317,3.179999999999976
319,-3.067537324245323,-4.853005096117877,14.8742641668921,3.189999999999976
320,-3.2460841014325785,-5.207111890919125,14.626484865112587,3.1999999999999758
321,-3.442186880381233,-5.589156320606194,14.405472499944516,3.2099999999999755
322,-3.6568838244037294,-6.001213799456861,14.213715772204568,3.2199999999999753
323,-3.8913168219090424,-6.445350059374865,14.054140768312669,3.229999999999975
324,-4.146720145655625,-6.923574125023521,13.930172672249043,3.239999999999975
325,-4.424405543592414,-7.437774748032095,13.845802644030819,3.2499999999999747
326,-4.725742464036382,-7.989636093020286,13.805658558461845,3.2599999999999745
327,-5.052131826934772,-8.580527753083166,13.815077289139365,3.2699999999999743
328,-5.404971419549612,-9.211363470453822,13.880174801628135,3.279999999999974
329,-5.785610624640032,-9.882422352211648,14.007908369846913,3.289999999999974
330,-6.195291797397194,-10.593126068653037,14.206122624232354,3.2999999999999736
331,-6.635075224522778,-11.341765761570466,14.483567758005362,3.3099999999999734
332,-7.105744278227546,-12.125173550882757,14.849873974527922,3.319999999999973
333,-7.607687205493067,-12.938336143008623,15.315461161024189,3.329999999999973
334,-8.140752099244622,-13.773952819907098,15.89135700675223,3.3399999999999728
335,-8.70407217131087,-14.621947900370882,16.588890839907723,3.3499999999999726
336,-9.295859744216871,-15.46895959820867,17.41922531560994,3.3599999999999723
337,-9.913169729616051,-16.297843976739088,18.39268542866606,3.369999999999972
338,-10.551637154328354,-17.087254936886165,19.517846752917116,3.379999999999972
339,-11.205198932584135,-17.81138842102357,20.800355980081278,3.3899999999999717
340,-11.865817881428079,-18.440008971683124,22.24148132584339,3.3999999999999715
341,-12.523236990453583,-18.93890422050974,23.83643303905315,3.4099999999999713
342,-13.164803713459198,-19.270928536080245,25.572558683607852,3.419999999999971
343,-13.775416195721302,-19.397787135281877,27.42760370091427,3.429999999999971
344,-14.337653289677359,-19.28265923641702,29.368326846201718,3.4399999999999706
345,-14.832153884351325,-18.893646684974872,31.349852289983758,3.4499999999999704
346,-15.23830316441368,-18.207854971576264,33.31619097959864,3.45999999999997
347,-15.535258345129938,-17.215679123590046,35.20232736044823,3.46999999999997
348,-15.703300422975948,-15.924622170046536,36.93809885855459,3.47999999999997
349,-15.725432597683007,-14.36179943248466,38.453774149579374,3.4899999999999696
350,-15.589069281163171,-12.574280230353697,39.68679526182705,3.4999999999999694
351,-15.287590376082225,-10.626674817936246,40.5886939782291,3.509999999999969
352,-14.821498820267626,-8.59590010066669,41.1308913222407,3.519999999999969
353,-14.198938948307532,-6.563746197243494,41.308108785659314,3.5299999999999687
354,-13.435419673201128,-4.608498493620942,41.138541533310196,3.5399999999999685
355,-12.55272755524311,-2.7971953147466735,40.660684872339715,3.5499999999999683
356,-11.577174331193465,-1.1799620829465238,39.927524249458834,3.559999999999968
357,-10.53745310636877,0.21270781363816527,38.999396536857965,3.569999999999968
358,-9.462437014368078,1.3696369875567425,37.936998643092714,3.5799999999999677
359,-8.379229614175596,2.2962228554024335,36.79574430867053,3.5899999999999674
360,-7.311684367217794,3.0102762387476947,35.62211867493197,3.5999999999999672
361,-6.279488306621245,3.5374787359660065,34.45209361310853,3.609999999999967
362,-5.297791602362519,3.9072624125737527,33.31123555318477,3.619999999999967
363,-4.377286200868892,4.1495679795663305,32.21593731845758,3.6299999999999666
364,-3.52460078282537,4.292615942248792,31.17520719006681,3.6399999999999664
365,-2.7428791103179537,4.361603160303726,30.19257075656084,3.649999999999966
366,-2.0324308832557856,4.378126693961336,29.267802034426946,3.659999999999966
367,-1.3913751255340734,4.360112627107961,28.39834491447276,3.6699999999999657
368,-0.8162263502698699,4.322053972890686,27.580390194214633,3.6799999999999655
369,-0.3023983179538142,4.275408467358642,26.80963537896929,3.6899999999999653
370,0.1553823605774315,4.229054740093542,26.081783005572493,3.699999999999965
371,0.5627495985290425,4.1897447635395455,25.39283999717583,3.709999999999965
372,0.9254491150300928,4.1625190983530524,24.739275369087352,3.7199999999999647
373,1.2491561133623887,4.151070254609872,24.11808335540369,3.7299999999999645
374,1.539347527487137,4.15805075114538,23.526787813781684,3.7399999999999642
375,1.8012178498529614,4.185328524821731,22.96341365684359,3.749999999999964
376,2.0396289173498383,4.234195131809703,22.426442843791836,3.759999999999964
377,2.2590855387958246,4.305533063974649,21.914766236282798,3.7699999999999636
378,2.463730291313707,4.399948369292959,21.427638144798248,3.7799999999999634
379,2.657352099111632,4.517874155481382,20.964637321713397,3.789999999999963
380,2.8434043047486073,4.659649771738134,20.525636150173614,3.799999999999963
381,3.02502885144756,4.82557965747929,20.11077853503146,3.8099999999999627
382,3.2050839320507327,5.0159750863743895,19.720466284318956,3.8199999999999625
383,3.386173047483098,5.231181340280662,19.355353394932838,3.8299999999999623
384,3.5706738767628545,5.471592220268802,19.016347490344177,3.839999999999962
385,3.760765711113449,5.737653231407545,18.704617604653794,3.849999999999962
386,3.958454463142859,6.029854252934525,18.421607497212396,3.8599999999999617
387,4.165594442122026,6.348712015929117,18.16905366541636,3.8699999999999615
388,4.383906199502735,6.694742249891241,17.9490071625538,3.8799999999999613
389,4.614989804541586,7.068420925504708,17.76385819208608,3.889999999999961
390,4.860332916637898,7.470133617063307,17.61636221201791,3.899999999999961
391,5.121312986680438,7.900111646246418,17.509665916137727,3.9099999999999606
392,5.399192852637036,8.358353371566958,17.44733093540886,3.9199999999999604
393,5.695108904530028,8.844528791749132,17.43335239496708,3.92999999999996
394,6.010050893251939,9.35786559249618,17.472168544550584,3.93999999999996
395,6.344832363176363,9.897014964999515,17.568656534660366,3.9499999999999598
396,6.7000506233586785,10.459896071452473,17.72810803555712,3.9599999999999596
397,7.076035168168058,11.043519072332334,17.956176819880284,3.9699999999999593
398,7.472783558584486,11.643788342062898,18.25878873137839,3.979999999999959
399,7.889884036932327,12.255290092730803,18.642002799363688,3.989999999999959
400,8.326424642512174,12.871072319113074,19.111810901420107,3.9999999999999587
401,8.780889410172264,13.482429963299179,19.673862748049764,4.009999999999959
402,9.251043465484956,14.078714567899093,20.333103672983,4.019999999999959
403,9.73381057572637,14.647195333886115,21.093315579094696,4.0299999999999585
404,10.225149051542344,15.17300695914138,21.956557412109277,4.039999999999958
405,10.719934842302248,15.639227902006182,22.92251179162613,4.049999999999958
406,11.21186414827264,16.02713905054938,23.987759851450313,4.059999999999958
407,11.693391638500314,16.31671457480173,25.145027312613987,4.069999999999958
408,12.155723932130456,16.487390566561977,26.38247058871211,4.079999999999957
409,12.58889059557361,16.51913907065353,27.68309972056318,4.089999999999957
410,12.9819154430816,16.393841909422363,29.024460072950056,4.099999999999957
411,13.323108089715676,16.09690894990963,30.378709165558405,4.109999999999957
412,13.600488175735071,15.619021867143212,31.713218832976423,4.119999999999957
413,13.802341544875885,14.957815760153654,32.991796219636676,4.129999999999956
414,13.917888966403662,14.119252839093662,34.17654380598271,4.139999999999956
415,13.938025353672662,13.118415801824769,35.23027123752069,4.149999999999956
416,13.856064398487874,11.979474605581586,36.11924545831201,4.159999999999956
417,13.668405419197246,10.734671980150756,36.81594929537357,4.1699999999999555
418,13.375032075292596,9.422325569106725,37.30144913416492,4.179999999999955
419,12.97976142467401,8.084030508254074,37.56698289102704,4.189999999999955
420,12.490188333032016,6.761418648376843,37.61448455406889,4.199999999999955
421,11.9173113645665,5.492937233839596,37.45594555579407,4.209999999999955
422,11.27487395149381,4.311113387153333,37.11173077418976,4.2199999999999545
423,10.578497895059762,3.2406660936924334,36.608157220518876,4.229999999999954
424,9.844714714923029,2.2976457023794845,35.97475348914554,4.239999999999954
425,9.090007813668674,1.4895775151309407,35.24162339399394,4.249999999999954
426,8.329964783814901,0.8164176076291234,34.437249482670154,4.259999999999954
427,7.578610066196323,0.27203281660010115,33.58693012900332,4.269999999999953
428,6.847952341236701,-0.15409916071390078,32.71189496531878,4.279999999999953
429,6.147747191041641,-0.4752264907009232,31.829025129159675,4.289999999999953
430,5.485449822867385,-0.7058730106161062,30.951035402482265,4.299999999999953
431,4.866317539519036,-0.8606918467681626,30.08695414860556,4.3099999999999525
432,4.293616600890316,-0.9536427440757935,29.24275137300892,4.319999999999952
433,3.7688906663937054,-0.997465295894339,28.42199890655586,4.329999999999952
434,3.292255070164901,-1.0033953203368629,27.626485559276894,4.339999999999952
435,2.8626900311147248,-0.9810643190209898,26.856744944388588,4.349999999999952
436,2.4783145961011535,-0.9385258273235769,26.112480248745456,4.3599999999999515
437,2.1366305537586805,-0.8823618915507077,25.392887819545503,4.369999999999951
438,1.8347313092277417,-0.8178339172168456,24.696891330588027,4.379999999999951
439,1.569474786583283,-0.7490524091091598,24.023302506835684,4.389999999999951
440,1.3376220670140386,-0.6791486205241648,23.370924917954135,4.399999999999951
441,1.1359449982602183,-0.6104376045228295,22.738615811659404,4.40999999999995
442,0.9613067379819136,-0.5445667979508921,22.12531848791241,4.41999999999995
443,0.810719384388633,-0.48264742076070744,21.5300750375799,4.42999999999995
444,0.681382703873699,-0.42536801072736163,20.952026787046076,4.43999999999995
445,0.5707076324135929,-0.37309066017336856,20.39040768867194,4.4499999999999496
446,0.47632780315489676,-0.3259312294553277,19.844534226767255,4.459999999999949
447,0.3961018998938743,-0.2838251662060854,19.313794146321733,4.469999999999949
448,0.32810919328387833,-0.24658068812891198,18.797635398877436,4.479999999999949
449,0.2706402051425993,-0.21392107699183843,18.295556067667423,4.489999999999949
450,0.2221840769291555,-0.18551773925550663,17.807095616088013,4.4999999999999485
451,0.1814138953106893,-0.16101555134528528,17.33182754211583,4.509999999999948
452,0.14717095064509184,-0.14005184861752265,16.86935336974232,4.519999999999948
453,0.11844867071883039,-0.12227025167265132,16.419297830912186,4.529999999999948
454,0.09437677847968222,-0.10733036137673353,15.981305061266736,4.539999999999948
455,0.07420606449404064,-0.09491420066448912,15.555035631362225,4.549999999999947
456,0.05729403797818767,-0.08473014037219251,15.140164249099607,4.559999999999947
457,0.04309162014314965,-0.07651491978941716,14.73637799047148,4.569999999999947
458,0.03113096614989297,-0.07003426097795376,14.343374939206985,4.579999999999947
459,0.021014443437108295,-0.06508247904328095,13.960863138486054,4.589999999999947
460,0.01240475118906937,-0.06148140777802707,13.588559778072346,4.599999999999946
461,0.0050161352923597255,-0.059078890397955205,13.226190557374755,4.609999999999946
462,-0.0013933672766717675,-0.057747027224498156,12.873489179034356,4.619999999999946
463,-0.007028733271454406,-0.05738032480413472,12.530196938888288,4.629999999999946
464,-0.012063892424722437,-0.0578938527508782,12.196062386961248,4.6399999999999455
465,-0.016646888457338013,-0.059221484255876665,11.870841040894398,4.649999999999945
466,-0.020904348037191878,-0.06131427251434695,11.554295138338308,4.659999999999945
467,-0.024945340484907385,-0.06413899717065463,11.246193418664875,4.669999999999945
468,-0.02886470615348211,-0.06767690129484495,10.946310927191707,4.679999999999945
469,-0.03274592566761839,-0.0719226295210911,10.654428837205288,4.689999999999944
470,-0.036663596052965666,-0.0768833710654728,10.370334286610614,4.699999999999944
471,-0.04068557355421638,-0.08257820677746334,10.093820227176264,4.709999999999944
472,-0.04487483687654108,-0.08903765665191113,9.824685285201955,4.719999999999944
473,-0.04929111885407808,-0.0963034229154556,9.56273363309975,4.729999999999944
474,-0.05399234926021583,-0.10442832356465281,9.307774871918406,4.739999999999943
475,-0.05903594669065953,-0.11347641180466593,9.059623925305768,4.749999999999943
476,-0.06447999320206017,-0.12352327800908619,8.81810094583826,4.759999999999943
477,-0.07038432168276278,-0.13465653243514486,8.583031235083837,4.769999999999943
478,-0.07681154275800098,-0.14697646886733357,8.354245179235225,4.7799999999999425
479,-0.08382803536893424,-0.160596911542944,8.13157820268218,4.789999999999942
480,-0.09150492298633521,-0.17564625007901918,7.9148707425131315,4.799999999999942
481,-0.09991905569560361,-0.19226866963699824,7.703968247678644,4.809999999999942
482,-0.10915401708974307,-0.21062558621122762,7.498721207446314,4.819999999999942
483,-0.11930117400189152,-0.23089729970595527,7.298985214869448,4.8299999999999415
484,-0.1304607865722979,-0.2532848803778616,7.104621072328883,4.839999999999941
485,-0.14274319595285428,-0.27801230728038495,6.915494947847322,4.849999999999941
486,-0.15627010708560735,-0.30532888056986485,6.731478592890615,4.859999999999941
487,-0.1711759844340331,-0.33551193294258136,6.552449634848828,4.869999999999941
488,-0.18760957928488792,-0.36886986908768815,6.378291960440301,4.87999999999994
489,-0.20573560826516793,-0.405745565884036,6.208896210038064,4.88999999999994
490,-0.22573660402705473,-0.4465201701551679,6.0441604075450295,4.89999999999994
491,-0.24781496063986605,-0.4916173351352516,5.883990756145566,4.90999999999994
492,-0.2721951980894046,-0.541507941386666,5.728302637287249,4.9199999999999395
493,-0.29912647241913076,-0.5967153527271081,5.57702185890665,4.929999999999939
494,-0.3288853604499285,-0.6578212627246023,5.4300862095874685,4.939999999999939
495,-0.36177895067739585,-0.7254721924201927,5.287447388496164,4.949999999999939
496,-0.39814827485167553,-0.8003867050059408,5.149073397154794,4.959999999999939
497,-0.43837211786710206,-0.8833634080127322,5.01495149908879,4.9699999999999385
498,-0.48287124688166505,-0.97528981783883,4.885091877993257,4.979999999999938
499,-0.5321131039773815,-1.0771521647247269,4.759532155350878,4.989999999999938
500,-0.5866170100521161,-1.1900462179045073,4.6383429656931305,4.999999999999938
501,-0.6469599308373553,-1.315189209718743,4.521634833483024,5.009999999999938
502,-0.7137828587254941,-1.4539329326645956,4.40956665179172,5.019999999999937
503,-0.7877978661194043,-1.607778072876523,4.3023561317946655,5.029999999999937
504,-0.8697958867951161,-1.7783898248620553,4.200292676296865,5.039999999999937
505,-0.96065528060181,-1.9676148019842805,4.103753233143448,5.049999999999937
506,-1.0613512327400572,-2.1774992103958843,4.013221809090121,5.0599999999999365
507,-1.17296603050564,-2.4103081843157708,3.9293134755601593,5.069999999999936
508,-1.296700245886653,-2.668546078713791,3.852803879111076,5.079999999999936
509,-1.4338848291693669,-2.954977369400952,3.784665485899061,5.089999999999936
510,-1.5859940831925254,-3.2726476036372496,3.726112045146981,5.099999999999936
511,-1.7546594352369977,-3.624903554325629,3.6786530546338234,5.1099999999999355
512,-1.9416838471458608,-4.015411327735966,3.644160352077804,5.119999999999935
513,-2.1490565952048715,-4.448170618739058,3.624949335836177,5.129999999999935
514,-2.37896799755829,-4.9275225464344095,3.623877724261856,5.139999999999935
515,-2.633823452445902,-5.458147468955554,3.6444651694003505,5.149999999999935
516,-2.9162558540968675,-6.045047782602962,3.6910373996561083,5.159999999999934
517,-3.229135046947477,-6.693508849679679,3.7688987955083904,5.169999999999934
518,-3.5755724272206972,-7.409028742438434,3.884537267763704,5.179999999999934
519,-3.958918058742471,-8.197204291164573,4.04586479612949,5.189999999999934
520,-4.382746681984681,-9.063556832654545,4.262495669227631,5.199999999999934
521,-4.850827697051668,-10.013275947770895,4.546061854401191,5.209999999999933
522,-5.367072522123591,-11.05085331590926,4.910560301340509,5.219999999999933
523,-5.935450601502158,-12.179571756329217,5.372719338416445,5.229999999999933
524,-6.559862716984863,-13.400807104897467,5.952359287796769,5.239999999999933
525,-7.2439571557761235,-14.713093996903089,6.672704255838083,5.2499999999999325
526,-7.99087083988882,-16.11090322312681,7.560575701107129,5.259999999999932
527,-8.80287407821262,-17.583082187036922,8.646361816777153,5.269999999999932
528,-9.68089488909505,-19.110927763988535,9.963608752323257,5.279999999999932
529,-10.6238981765844,-20.665902564822176,11.548021348090582,5.289999999999932
530,-11.628098615408177,-22.207084999186215,13.435598557900352,5.299999999999931
531,-12.685997253785981,-23.678577111625632,15.659577673002566,5.309999999999931
532,-13.785255239569945,-25.007296978017862,18.245852577172254,5.319999999999931
533,-14.907459413414736,-26.101858126918422,21.206616225384685,5.329999999999931
534,-16.026899284765104,-26.85356047464752,24.53223036579189,5.339999999999931
535,-17.109565403753347,-27.140800816603246,28.181830647682688,5.34999999999993
536,-18.112688945038336,-26.838282374847875,32.073988230563636,5.35999999999993
537,-18.98524828801929,-25.831990735239934,36.07981648249585,5.36999999999993
538,-19.669922532741353,-24.039697607469392,40.02195562178607,5.37999999999993
539,-20.106900040214157,-21.434591273668836,43.68329336836628,5.3899999999999295
540,-20.239669163559626,-18.066821240341206,46.8282373866349,5.399999999999929
541,-20.022384371237784,-14.075380071553244,49.236149237074756,5.409999999999929
542,-19.42768394126933,-9.682642844940924,50.741411957058425,5.419999999999929
543,-18.45317983163649,-5.167686777692172,51.26942088728058,5.429999999999929
544,-17.124630526242058,-0.8220618278049816,50.85583886450967,5.4399999999999284
545,-15.49437365639835,3.100136749693587,49.64045821216496,5.449999999999928
546,-13.634922615789156,6.422188838546232,47.83636588798371,5.459999999999928
547,-11.629211470355617,9.062640088772145,45.68506898592852,5.469999999999928
548,-9.56002631444284,11.028647758936327,43.412886898916554,5.479999999999928
549,-7.501158907104924,12.391837324698699,41.200868287063926,5.489999999999927
550,-5.5118592839245615,13.258137058781998,39.17264705683996,5.499999999999927
551,-3.6348596496539054,13.741376272256735,37.39727327697431,5.509999999999927
552,-1.897236057462841,13.945540204046615,35.90053291482762,5.519999999999927
553,-0.3129584313118954,13.955976561197978,34.678605553273066,5.5299999999999265
554,1.1139350679390918,13.83731805475903,33.710166333198934,5.539999999999926
555,2.3862733666210856,13.635337328988285,32.96536730258786,5.549999999999926
556,3.5111797628578056,13.380496718201837,32.41166726431611,5.559999999999926
557,4.498111458392209,13.091790182830529,32.01716943020703,5.569999999999926
558,5.357479330836041,12.780175522559052,31.75226155972408,5.5799999999999255
559,6.099748950008342,12.451347129832337,31.59022984686377,5.589999999999925
560,6.734908767990742,12.107838651147055,31.507324633427913,5.599999999999925
561,7.272201756306373,11.750545150376949,31.482581196800112,5.609999999999925
562,7.72003609571343,11.379779367914686,31.49756904902006,5.619999999999925
563,8.086010422933557,10.995967981178689,31.53615694919509,5.629999999999924
564,8.37700617875807,10.600074281883698,31.584327880943764,5.639999999999924
565,8.599312989070633,10.193814171011253,31.630048014998273,5.649999999999924
566,8.758763107264695,9.779716838837892,31.663178054021145,5.659999999999924
567,8.860858480422015,9.361070582500492,31.675408869722336,5.6699999999999235
568,8.910879690629862,8.941787098152513,31.66020251643086,5.679999999999923
569,8.913970431382127,8.526212984498427,31.612722339834672,5.689999999999923
570,8.875194686693757,8.118913853512643,31.52974051512727,5.699999999999923
571,8.799566603375645,7.724453372324864,31.409516845668072,5.709999999999923
572,8.692055280270568,7.347186132913741,31.251648149028014,5.7199999999999225
573,8.557568365534884,6.991079216951194,31.05689234527117,5.729999999999922
574,8.400919450676515,6.659572772474299,30.82697493287657,5.739999999999922
575,8.226784782856294,6.355485157747779,30.564387612374613,5.749999999999922
576,8.039654820345442,6.080963656302015,30.272189361878908,5.759999999999922
577,7.8437857039411,5.837477838179321,29.95381946661281,5.769999999999921
578,7.643154917364922,5.625849647794534,29.612930199644975,5.779999999999921
579,7.441424390407883,5.44631239744876,29.25324446498674,5.789999999999921
580,7.241913191111971,5.298590034185312,28.878441165041988,5.799999999999921
581,7.047580875419305,5.181988187236126,28.492068691269477,5.809999999999921
582,6.861021606600987,5.095489366383931,28.097485001285765,5.81999999999992
583,6.684468382579282,5.03784600571868,27.69782136097447,5.82999999999992
584,6.519806144893222,5.007666581246063,27.29596601476378,5.83999999999992
585,6.368592188528506,5.00349156646517,26.89456374118326,5.84999999999992
586,6.232082126322172,5.0238573780286835,26.49602734780729,5.8599999999999195
587,6.111259651492824,5.067347615090473,26.10255753624047,5.869999999999919
588,6.006868447852589,5.132631774637596,25.716168105475965,5.879999999999919
589,5.919444780531089,5.218492234365378,25.338714061278434,5.889999999999919
590,5.849349525914518,5.3238406636163855,24.971920785833905,5.899999999999919
591,5.796798639684705,5.447725194138362,24.617412946829358,5.909999999999918
592,5.761891295130071,5.589329702481326,24.27674226152815,5.919999999999918
593,5.744635135865196,5.747966468984779,23.95141356947079,5.929999999999918
594,5.744968269177154,5.923063322888982,23.642908908993288,5.939999999999918
595,5.762777774548337,6.114146190297572,23.352709446550044,5.949999999999918
596,5.79791461612326,6.320817755527495,23.08231518573324,5.959999999999917
597,5.850204930063684,6.542732744593466,22.833262397286596,5.969999999999917
598,5.919457711516662,6.779570155104925,22.607138673610716,5.979999999999917
599,6.005468955875489,7.031002599210225,22.40559543066847,5.989999999999917
600,6.1080223202089625,7.296662802895408,22.230357564233014,5.9999999999999165
601,6.226886368477607,7.57610722263935,22.083229821818037,6.009999999999916
602,6.361808453893781,7.8687767060923175,21.966099281144,6.019999999999916
603,6.512505279113634,8.173954145063133,21.880933135353033,6.029999999999916
604,6.678650165708584,8.49071915620513,21.829770780286516,6.039999999999916
605,6.859857064758239,8.817899988650073,21.81470898847462,6.0499999999999154
606,7.0556613571474225,9.154023111193553,21.837878750783357,6.059999999999915
607,7.265497532552035,9.497261287843166,21.901412188709962,6.069999999999915
608,7.488673908081148,9.845381421914531,22.00739781487263,6.079999999999915
609,7.724344659464487,10.195694043948121,22.157822382836674,6.089999999999915
610,7.97147959791285,10.545007038276426,22.354497667673407,6.099999999999914
611,8.228832341949207,10.88958703451477,22.59897081452346,6.109999999999914
612,8.494907811205763,11.225132800582232,22.892417452603695,6.119999999999914
613,8.76793031014341,11.546765901358961,23.23551767029581,6.129999999999914
614,9.045813869264965,11.849044732652933,23.628316253061143,6.1399999999999135
615,9.326136955603761,12.126008660027402,24.07007035144791,6.149999999999913
616,9.606124126046126,12.371259194709975,24.55908998362516,6.159999999999913
617,9.88263763291251,12.578084690001395,25.09257943159389,6.169999999999913
618,10.1521823386214,12.739633682341722,25.666490511158404,6.179999999999913
619,10.410927472993432,12.849139483714536,26.27540160489794,6.1899999999999125
620,10.654748674065543,12.900194776991874,26.912438821320613,6.199999999999912
621,10.879293284358177,12.887069739486948,27.56925711803881,6.209999999999912
622,11.080070929871054,12.805060823522135,28.236099040943,6.219999999999912
623,11.252569919236162,12.650850274085684,28.90194622171057,6.229999999999912
624,11.392397954721114,12.422849642112936,29.55477342826766,6.239999999999911
625,11.495443123460296,12.121495169449295,30.18190660539334,6.249999999999911
626,11.558048328059195,11.749460384924788,30.770475345499882,6.259999999999911
627,11.577189533745754,11.311752901725699,31.307937645862328,6.269999999999911
628,11.550645870543748,10.815669161788833,31.782642381661102,6.2799999999999105
629,11.477148199668257,10.27059284411617,32.18438489489131,6.28999999999991
630,11.356492664113048,9.6876388600438,32.50490579273128,6.29999999999991
631,11.189607283706124,9.079163175566629,32.73828430139175,6.30999999999991
632,10.978562872892175,8.458176138499727,32.881186090680735,6.31999999999991
633,10.72652419945293,7.837710293206478,32.93294064686107,6.3299999999999095
634,10.437642808828285,7.230200118044211,32.89544278756191,6.339999999999909
635,10.116898539749878,6.64692928478751,32.77289344257853,6.349999999999909
636,9.76990161425364,6.09759120494359,32.57141270919398,6.359999999999909
637,9.402670573322636,5.589992768824415,32.298570365177845,6.369999999999909
638,9.021402792872815,5.129912430336026,31.962883760564885,6.379999999999908
639,8.632253756619136,4.721105599778762,31.57333025687875,6.389999999999908
640,8.241138940935098,4.365435608445151,31.138912598852844,6.399999999999908
641,7.853568607686103,4.06309910385472,30.66830321008579,6.409999999999908
642,7.474521657302965,3.812911089550995,30.169580066869678,6.419999999999908
643,7.108360600527768,3.6126162466847824,29.65005479691535,6.429999999999907
644,6.758786165143469,3.4591982391468856,29.11618445892521,6.439999999999907
645,6.428827372543811,3.3491657359680977,28.57355268536622,6.449999999999907
646,6.1208612088862395,3.278801366575633,28.026903364008895,6.459999999999907
647,5.836655224655179,3.2443666353383707,27.48021015526515,6.4699999999999065
648,5.577426365723499,3.2422613101149307,26.936767045853195,6.479999999999906
649,5.343909860162642,3.2691397321274263,26.399287995119778,6.489999999999906
650,5.13643284735912,3.3219889414677533,25.870006862404235,6.499999999999906
651,4.954988456769983,3.39817471921904,25.35077174391531,6.509999999999906
652,4.799307083014889,3.4954619263093347,24.84313032915575,6.519999999999905
653,4.6689225673443335,3.612015176760618,24.348404805525046,6.529999999999905
654,4.563231828285962,3.7463851770959145,23.867756202434723,6.539999999999905
655,4.481547163166957,3.897485189517827,23.402238944514558,6.549999999999905
656,4.423140965802045,4.0645611677739515,22.952846876273192,6.559999999999905
657,4.387282985999235,4.24715825351853,22.520552229664464,6.569999999999904
658,4.373270512751165,4.44508555073799,22.106339021651827,6.579999999999904
659,4.380452016549848,4.658380432918232,21.7112322633981,6.589999999999904
660,4.408244858186686,4.887273081723164,21.336324189319814,6.599999999999904
661,4.456147680540334,5.132151497196471,20.98279850860189,6.6099999999999035
662,4.523748062205947,5.3935268437222845,20.651953464943308,6.619999999999903
663,4.610725940357581,5.67199868802468,20.345224271955598,6.629999999999903
664,4.71685321512429,5.968219431313573,20.064205272882276,6.639999999999903
665,4.841989836743219,6.282857025732153,19.810671949070336,6.649999999999903
666,4.9860765556421125,6.616554887398408,19.586602662404854,6.659999999999902
667,5.149124388817742,6.969887770707273,19.394199750105823,6.669999999999902
668,5.331200727006695,7.343312252520439,19.235909281177715,6.679999999999902
669,5.53241187955807,7.737110398112614,19.114438416539052,6.689999999999902
670,5.752881731413524,8.15132515874033,19.032768873564383,6.699999999999902
671,5.992726074146204,8.585686108439267,18.99416446619462,6.709999999999901
672,6.252022077575511,9.039524301583954,19.00217006382755,6.719999999999901
673,6.530772299976355,9.511675372680315,19.06059858383498,6.729999999999901
674,6.828862607246751,10.000370570424112,19.173501815435394,6.739999999999901
675,7.146013403564487,10.503116298774916,19.34512000016025,6.7499999999999005
676,7.48172369308553,11.016564020638137,19.579804231991734,6.7599999999999
677,7.835207725840791,11.536374162211015,19.88190499963464,6.7699999999999
678,8.205324369477813,12.057080027248627,20.255619745950508,6.7799999999999
679,8.590499935254895,12.571960747226692,20.704792411781767,6.7899999999999
680,8.988646016452075,13.072935942897022,21.232658893985032,6.7999999999998995
681,9.39707500909657,13.55049892021359,21.84153459267664,6.809999999999899
682,9.812417400208272,13.993709544746896,22.532444217844557,6.819999999999899
683,10.230546614662135,14.390271844233741,23.304700229005384,6.829999999999899
684,10.646519137619295,14.726723957561132,24.15544502523284,6.839999999999899
685,11.054539619613479,14.9887679991304,25.079183309046076,6.849999999999898
686,11.447962457565172,15.161763157456882,26.06734438442733,6.859999999999898
687,11.819342527554342,15.231395215187097,27.107928155013212,6.869999999999898
688,12.160547796317617,15.184518289986089,28.18530084308801,6.879999999999898
689,12.462944845684465,15.01013950949553,29.280213424900012,6.8899999999998975
690,12.71766431206557,14.700485821348238,30.370113141898067,6.899999999999897
691,12.915946462993837,14.25205792993201,31.429801897115983,6.909999999999897
692,13.049557609687653,13.666545973814442,32.43246201863111,6.919999999999897
693,13.111256446100333,12.951463829427507,33.351020154908305,6.929999999999897
694,13.09527718443305,12.120363216140689,34.15975925364425,6.9399999999998965
695,12.997785787603814,11.192522035820803,34.836027499127425,6.949999999999896
696,12.817259412425512,10.19206460474432,35.3618468042637,6.959999999999896
697,12.554739931657393,9.146556956249041,35.725207582688746,6.969999999999896
698,12.213921634116558,8.085211665499301,35.9208618190417,6.979999999999896
699,11.801050637254832,7.036911693519896,35.950493587310454,6.989999999999895
700,11.324636742881339,6.028300802434492,35.8222432705667,6.999999999999895
701,10.795003148836654,5.0821771588739875,35.54966661766216,7.009999999999895
702,10.223720549840388,4.216368638181947,35.150296692187744,7.019999999999895
703,9.622985358674544,3.4431785995063717,34.64402519398157,7.0299999999998946
704,9.005004682757727,2.7693932418678133,34.05152109464557,7.039999999999894
705,8.381443538668735,2.19675955149823,33.392864523235865,7.049999999999894
706,7.762975139951685,1.7227920608513365,32.686508297438714,7.059999999999894
707,7.15895683204165,1.3417516661808828,31.948607995570633,7.069999999999894
708,6.577236315455573,1.0456550076496272,31.19270053826384,7.0799999999998935
709,6.024078184674979,0.8252069983266961,30.429670391474314,7.089999999999893
710,5.50419106604015,0.6705896843311179,29.667923629132943,7.099999999999893
711,5.0208309278692465,0.5720780841046985,28.91368953651747,7.109999999999893
712,4.575955643492792,0.5204824964294773,28.171380888921963,7.119999999999893
713,4.17040832878646,0.5074353580066899,27.443961113386134,7.129999999999892
714,3.804111031708483,0.5255500964652592,26.733284276796024,7.139999999999892
715,3.476254938184161,0.568481868067395,26.040389205278252,7.149999999999892
716,3.1854776311724846,0.6309181164074256,25.365740705482207,7.159999999999892
717,2.9300216796959786,0.7085226758172978,24.709418708805188,7.169999999999892
718,2.7078717793081104,0.7978521942791527,24.07126074457739,7.179999999999891
719,2.5168698208052147,0.8962588939165496,23.450965272464803,7.189999999999891
720,2.3548087281163483,1.001789587172666,22.848163868149676,7.199999999999891
721,2.21950681402198,1.1130875781920024,22.262469726968455,7.209999999999891
722,2.108864890438982,1.2293015777765914,21.693508922226634,7.2199999999998905
723,2.020908559172743,1.350003938156655,21.1409396603386,7.22999999999989
724,1.9538180970711343,1.475119236258129,20.604463614531614,7.23999999999989
725,1.9059482109898338,1.6048633721703094,20.083832398068825,7.24999999999989
726,1.8758397271078813,1.7396927932365704,19.578851398851036,7.25999999999989
727,1.8622250337207502,1.8802631162433467,19.08938254342684,7.269999999999889
728,1.8640288419730098,2.02739623401631,18.615347072719292,7.279999999999889
729,1.8803655811773399,2.1820549089597234,18.156729067989914,7.289999999999889
730,1.9105345139555783,2.3453238385376776,17.71358023564732,7.299999999999889
731,1.9540134464137882,2.518396200000607,17.28602631742935,7.309999999999889
732,2.01045172177247,2.702564724403266,16.87427541601322,7.319999999999888
733,2.0796630220355494,2.8992163986176585,16.478628497286646,7.329999999999888
734,2.1616183596937604,3.109829937404753,16.099492335396512,7.339999999999888
735,2.2564395174648597,3.3359751966055375,15.737395194668133,7.349999999999888
736,2.3643930853789277,3.5793137053375355,15.39300558543935,7.3599999999998875
737,2.4858851473747885,3.8415994724961395,15.067154482247323,7.369999999999887
738,2.6214565798869236,4.124679163629918,14.76086144676247,7.379999999999887
739,2.771778838261223,4.43049064071781,14.475365148183005,7.389999999999887
740,2.937650018506882,4.761058701085398,14.212158812908685,7.399999999999887
741,3.1199908867647337,5.118486633258831,13.973031153044678,7.4099999999998865
742,3.3198404614141435,5.504941916640577,13.760113305461433,7.419999999999886
743,3.538350606936787,5.922634017618992,13.575932239775108,7.429999999999886
744,3.7767789480050076,6.373781766581693,13.423470936756837,7.439999999999886
745,4.036479229862676,6.860567229926276,13.306235359728694,7.449999999999886
746,4.318888029869036,7.385072315416471,13.228327788089334,7.459999999999885
747,4.6255064584237795,7.949193575234006,13.194525384634646,7.469999999999885
748,4.957875170104802,8.554529824015685,13.21036183659278,7.479999999999885
749,5.31754063549589,9.202236324027439,13.28220843101439,7.489999999999885
750,5.706010204349044,9.892838508115563,13.417348862091862,7.4999999999998845
751,6.124693034725697,10.625997685028068,13.624039267208925,7.509999999999884
752,6.574823499755934,11.400221173853943,13.911541293501715,7.519999999999884
753,7.0573632671657345,12.212510255903663,14.290111279771036,7.529999999999884
754,7.572877966039528,13.057941803855364,14.770922858442802,7.539999999999884
755,8.121384349821112,13.929184253780168,15.365893579900089,7.5499999999998835
756,8.702164340217017,14.815956752784105,16.08737900781367,7.559999999999883
757,9.313543581473725,15.704453041223509,16.947691139474724,7.569999999999883
758,9.952634527448703,16.576770113295378,17.95839378731516,7.579999999999883
759,10.61504808603337,17.410406779196528,19.129328632151722,7.589999999999883
760,11.294583955349687,18.177928742655652,20.467336253546733,7.599999999999882
761,11.982918434080283,18.84693248614645,21.974662043301706,7.609999999999882
762,12.6693198392869,19.38047449401382,23.647083602621436,7.619999999999882
763,13.340435304759591,19.73815464979434,25.471869006569563,7.629999999999882
764,13.980207239263066,19.878036782894558,27.425774917803587,7.6399999999998816
765,14.569990193626216,19.7595342715765,29.473411657341092,7.649999999999881
766,15.088944601421245,19.34726299487439,31.566416218820237,7.659999999999881
767,15.51477644076656,18.61565579741176,33.64394291483957,7.669999999999881
768,15.82486437643108,17.553854113755797,35.634948483728216,7.679999999999881
769,15.997763350163552,16.17009532985787,37.462556797167224,7.6899999999998805
770,16.014996548132984,14.49459693327366,39.05040886694261,7.69999999999988
771,15.862956586647051,12.579928365345484,40.330373829020374,7.70999999999988
772,15.534653764516895,10.498167234223239,41.25044576880588,7.71999999999988
773,15.031005111487529,8.334774689441934,41.781287813094266,7.72999999999988
774,14.36138206928297,6.1799608669325075,41.9199205476794,7.739999999999879
775,13.543239949047923,4.119068284670317,41.68958379157363,7.749999999999879
776,12.600822782610162,2.2238644209048246,41.1357168585897,7.759999999999879
777,11.56312694643963,0.5464173741194409,40.31898962363105,7.769999999999879
778,10.46145598920761,-0.8835072083209365,39.30699950162772,7.779999999999879
779,9.326959669454755,-2.057548912800435,38.16638513049101,7.789999999999878
780,8.188508811229235,-2.985188064634772,36.95670810306838,7.799999999999878
781,7.071139123642835,-3.6887570162042613,35.726753499282175,7.809999999999878
782,5.995149509658125,-4.198238935717402,34.51320293208571,7.819999999999878
783,4.975810665120573,-4.546732800006204,33.34116015292782,7.8299999999998775
784,4.023556318607895,-4.767031488536695,32.2258257332725,7.839999999999877
785,3.144497537893436,-4.8893896519557725,31.174666183718188,7.849999999999877
786,2.341108818908515,-4.940323055419569,30.189595014928603,7.859999999999877
787,1.6129656314757066,-4.9421806268582475,29.26888080913084,7.869999999999877
788,0.9574510056423111,-4.913225431945336,28.408661645930678,7.879999999999876
789,0.37038336188354637,-4.86800591266452,27.604055609064893,7.889999999999876
790,-0.15345556557126028,-4.81785934139154,26.84991717553381,7.899999999999876
791,-0.6198959431532882,-4.771445614080448,26.141312657487003,7.909999999999876
792,-1.0350509102460042,-4.735253085371785,25.47378898441213,7.919999999999876
793,-1.4050711277585823,-4.714048124629644,24.8435002249904,7.929999999999875
794,-1.7359688274456886,-4.711258710369773,24.24724261480514,7.939999999999875
795,-2.033497815738097,-4.729292821642724,23.682435461002672,7.949999999999875
796,-2.30307731632856,-4.76979747401989,23.14707391493723,7.959999999999875
797,-2.5497493320976927,-4.833866139122963,22.639670734197868,7.9699999999998745
798,-2.77816101280022,-4.922202437384761,22.15919765088271,7.979999999999874
799,-2.992565155258674,-5.0352473067088095,21.705032422612362,7.989999999999874
800,-3.1968333704036875,-5.173275839897455,21.276914614391035,7.999999999999874
801,-3.3944776173530644,-5.336468918626361,20.874911233066815,8.009999999999874
802,-3.588676747480394,-5.524963772850182,20.499392176518143,8.019999999999873
803,-3.7823054500173727,-5.7388867040026685,20.151014808700648,8.029999999999873
804,-3.9779635754159024,-5.978370431624214,19.83071663837778,8.039999999999873
805,-4.178004261036733,-6.2435578438058155,19.539714926194485,8.049999999999873
806,-4.384559619313642,-6.534593336247206,19.279511974250465,8.059999999999873
807,-4.599562991006998,-6.851602399468829,19.051904795644575,8.069999999999872
808,-4.824766931853181,-7.194659650893745,18.858997769350967,8.079999999999872
809,-5.061756203757237,-7.563745107249123,18.70321672186398,8.089999999999872
810,-5.311955094106425,-7.958688160507547,18.587322613150175,8.099999999999872
811,-5.576628400746538,-8.379098474845044,18.51442261796563,8.109999999999872
812,-5.856875408156388,-8.824282892357912,18.487975866761275,8.119999999999871
813,-6.153616156576541,-9.293147465711893,18.511790431649636,8.129999999999871
814,-6.467569287490075,-9.784083988022623,18.590007310710178,8.139999999999871
815,-6.79922075754333,-10.294840945269966,18.727066193496157,8.14999999999987
816,-7.1487827763159935,-10.822379776022329,18.92764672417646,8.15999999999987
817,-7.516142476286627,-11.362718806650719,19.19657789961421,8.16999999999987
818,-7.900800109323036,-11.910769366438112,19.53870729031218,8.17999999999987
819,-8.301797035034543,-12.460171496430888,19.95872117502861,8.18999999999987
820,-8.717634481174178,-13.003140428536915,20.4609067582121,8.19999999999987
821,-9.146185075910452,-13.53033961626552,21.048848831626746,8.20999999999987
822,-9.58460052994596,-14.030801370868595,21.725056098819575,8.21999999999987
823,-10.029220614038223,-14.49192166356626,22.490517532065656,8.229999999999869
824,-10.475490718991027,-14.89956059833149,23.344197192729897,8.239999999999869
825,-10.917897706925073,-15.238283183318279,24.28248735523909,8.249999999999869
826,-11.349936254564394,-15.491774579282097,25.298654529345637,8.259999999999868
827,-11.764120087036165,-15.643457822424109,26.382330281345748,8.269999999999868
828,-12.15205386057496,-15.677327852513974,27.51911663783802,8.279999999999868
829,-12.50458125976886,-15.578991779165301,28.690390852032092,8.289999999999868
830,-12.812022311708505,-15.336871376271285,29.873401449123005,8.299999999999867
831,-13.064507218164783,-14.943482050859062,31.041740793125637,8.309999999999867
832,-13.25240470143421,-14.39665878487471,32.16625332982193,8.319999999999867
833,-13.36683010977826,-13.700563444870982,33.21639006001619,8.329999999999867
834,-13.400203443287532,-12.866291813236547,34.161950698174046,8.339999999999867
835,-13.346812280282434,-11.911914965473782,34.97507462480348,8.349999999999866
836,-13.203322548801568,-10.861845699236909,35.632266897570716,8.359999999999866
837,-12.969174863845101,-9.745514425972868,36.11619763605888,8.369999999999866
838,-12.646808820057878,-8.595455417997401,36.41701183971631,8.379999999999866
839,-12.24167347985183,-7.445017468086869,36.53294233791798,8.389999999999866
840,-11.762007878675334,-6.325992354174046,36.47012527120129,8.399999999999865
841,-11.218406326225205,-5.266475628899939,36.24165231640494,8.409999999999865
842,-10.623213256492678,-4.289228827761882,35.86602288975576,8.419999999999865
843,-9.989814813619597,-3.4107121531009805,35.36524953812771,8.429999999999865
844,-9.331904547567735,-2.6408302421500394,34.76290004503138,8.439999999999864
845,-8.662797117025965,-1.9833145628787952,34.08232913462462,8.449999999999864
846,-7.994848861611248,-1.4365815843277148,33.345277541142586,8.459999999999864
847,-7.339022133882895,-0.9948689078364381,32.57092266648619,8.469999999999864
848,-6.704606811278249,-0.6494591925419821,31.77537837806246,8.479999999999864
849,-6.099092049404622,-0.3898403247294604,30.971578639907104,8.489999999999863
850,-5.528166876937107,-0.20470260491378542,30.169446596427196,8.499999999999863
851,-4.995820449734774,-0.08272495070811993,29.376244322123544,8.509999999999863
852,-4.504510899832109,-0.013143005918077225,28.597010596871424,8.519999999999863
853,-4.055374110440706,0.013880831550329684,27.835015675755663,8.529999999999863
854,-3.6484486162416023,0.007051291663136009,27.09218567141984,8.539999999999862
855,-3.2828986254511285,-0.026140360562621232,26.369470124095535,8.549999999999862
856,-2.957222798962278,-0.07940759984063264,25.667142415657253,8.559999999999862
857,-2.669441279050113,-0.14760132019373062,24.985033544219654,8.569999999999862
858,-2.4172572831644747,-0.2266080661119081,24.32270611361014,8.579999999999862
859,-2.1981923614592183,-0.3132316397429099,23.67957831722953,8.589999999999861
860,-2.0096962892875876,-0.40507050275896905,23.055008329415244,8.599999999999861
861,-1.8492337106347256,-0.5003991118407015,22.44834879416045,8.60999999999986
862,-1.7143502507553232,-0.5980581263175386,21.858979708713377,8.61999999999986
863,-1.6027210383115447,-0.6973561418169707,21.286326394135873,8.62999999999986
864,-1.5121845486620873,-0.7979840397235547,20.729867697222442,8.63999999999986
865,-1.4407644977682341,-0.8999420166762125,20.189138216646,8.64999999999986
866,-1.3866822496590319,-1.0034787200537616,19.66372724261221,8.65999999999986
867,-1.348361896698505,-1.109041547463082,19.15327624409931,8.66999999999986
868,-1.3244298617749626,-1.2172369842191908,18.657476104567877,8.67999999999986
869,-1.3137105740193853,-1.3287997906915634,18.176064858553634,8.68999999999986
870,-1.315219495686603,-1.4445698675226348,17.70882637901673,8.699999999999859
871,-1.3281545328702062,-1.5654756906455374,17.25559027343609,8.709999999999859
872,-1.3518866486477394,-1.692523298552588,16.816233135824085,8.719999999999859
873,-1.3859503136382243,-1.8267899166197463,16.390681248700496,8.729999999999858
874,-1.4300342739363765,-1.9694214070984455,15.978914815980719,8.739999999999858
875,-1.4839729872525833,-2.1216328312580246,15.580973822007648,8.749999999999858
876,-1.5477389716531273,-2.2847114967066777,15.196965644858661,8.759999999999858
877,-1.6214362241584823,-2.4600219340082723,14.8270745978868,8.769999999999857
878,-1.7052947951434614,-2.6490122989194274,14.471573628703405,8.779999999999857
879,-1.7996665455210579,-2.8532217267047693,14.130838467460832,8.789999999999857
880,-1.905022063639429,-3.0742881696831046,13.805364585213587,8.799999999999857
881,-2.0219486742437964,-3.3139562244911307,13.49578739754021,8.809999999999857
882,-2.15114942926853,-3.574084396671157,13.202906227551923,8.819999999999856
883,-2.2934429260087925,-3.856651150938791,12.927712624251106,8.829999999999856
884,-2.4497637485017925,-4.163758948036232,12.671423713939785,8.839999999999856
885,-2.6211632684552364,-4.4976352635732155,12.435521338852048,8.849999999999856
886,-2.8088104679670343,-4.860629308530047,12.221797799960532,8.859999999999856
887,-3.0139923520233354,-5.25520281049646,12.03240905678865,8.869999999999855
888,-3.238113397870648,-5.683912752222256,11.869936226065965,8.879999999999855
889,-3.4826933333058085,-6.149383380848872,11.73745613372386,8.889999999999855
890,-3.7493623380601147,-6.654264078097115,11.638621468535463,8.899999999999855
891,-4.039852512063815,-7.201168801962329,11.577750700593754,8.909999999999854
892,-4.355984141053667,-7.79259176480215,11.559927280655284,8.919999999999854
893,-4.699644903428515,-8.430792807586474,11.591106614622978,8.929999999999854
894,-5.072759693844311,-9.1176446012055,11.678227762733387,8.939999999999854
895,-5.47724818458043,-9.854432438566576,11.829324556085089,8.949999999999854
896,-5.914966609979045,-10.641596141367133,12.053627623098246,8.959999999999853
897,-6.387629563117853,-11.478402781550122,12.361644411679643,8.969999999999853
898,-6.89670688496108,-12.362538978479664,12.765198410149557,8.979999999999853
899,-7.443290094312939,-13.289613198852244,13.27740119609704,8.989999999999853
900,-8.02792240476687,-14.252562805260066,13.912521627003793,8.999999999999853
901,-8.650386444816188,-15.240969009779915,14.685705732980633,9.009999999999852
902,-9.309444701312561,-16.240297226179297,15.612489630715121,9.019999999999852
903,-10.002529953799234,-17.23110268161544,16.708038063496012,9.029999999999852
904,-10.725387226580855,-18.188273529869704,17.98603658890127,9.039999999999852
905,-11.47167585690974,-19.08042714713947,19.457171712438804,9.049999999999851
906,-12.232550985932713,-19.86962844582949,21.127158554540753,9.059999999999851
907,-12.99625873192239,-20.511655995369313,22.99433009010448,9.069999999999851
908,-13.747798458267082,-20.957089248171627,25.046895837728428,9.07999999999985
909,-14.468727537257537,-21.153505164181702,27.2601170079468,9.08999999999985
910,-15.137205299949954,-21.04902176675457,29.593823581186705,9.09999999999985
911,-15.728386946630415,-20.597271201483778,31.990888590819853,9.10999999999985
912,-16.21527537211575,-19.763596089295866,34.37741674341423,9.11999999999985
913,-16.570107443833763,-18.531844441830874,36.665407159568545,9.12999999999985
914,-16.766281143633474,-16.910658720626394,38.75840950398223,9.13999999999985
915,-16.780718901332765,-14.937766949399085,40.56014050154996,9.14999999999985
916,-16.596423706139397,-12.68070740872755,41.98520143675681,9.15999999999985
917,-16.20485207639821,-10.232857048039019,42.970139995598196,9.169999999999849
918,-15.607652573562293,-7.704639435642216,43.482488943539586,9.179999999999849
919,-14.817351259770286,-5.21113995723794,43.5254692602059,9.189999999999849
920,-13.85673012951705,-2.8585652426531927,43.136942992035934,9.199999999999848
921,-12.756913640830664,-0.7324942499613982,42.382728183498934,9.209999999999848
922,-11.554471701743736,1.1096229061025882,41.345965757497254,9.219999999999848
923,-10.288062240959103,2.6405825138159913,40.11519560594897,9.229999999999848
924,-8.995197765481594,3.860595553231804,38.773792283911725,9.239999999999847
925,-7.709618433610254,4.791113520479541,37.39255628473549,9.249999999999847
926,-6.459545238201274,5.467332635989932,36.026044879325795,9.259999999999847
927,-5.266857450782154,5.9311053094484185,34.71218552426573,9.269999999999847
928,-4.147061174759097,6.225315499749045,33.47414438171422,9.279999999999847
929,-3.1098235073082825,6.390078461055881,32.32333288943882,9.289999999999846
930,-2.159833310471866,6.460625698940281,31.26265718360309,9.299999999999846
931,-1.2977874095306512,6.466487398608841,30.289447579463054,9.309999999999846
932,-0.521359928716702,6.431534687056828,29.397807718046007,9.319999999999846
933,0.17392953286065105,6.374506949508661,28.580334734238285,9.329999999999846
934,0.793987274525452,6.309752506521286,27.829279624818046,9.339999999999845
935,1.3455637977250356,6.2480104795100395,27.137264133445395,9.349999999999845
936,1.835808465903536,6.197139036205288,26.497674723643872,9.359999999999845
937,2.2719415229337114,6.162747460451989,25.904837667417173,9.369999999999845
938,2.661022116685539,6.148720848854285,25.3540560147936,9.379999999999844
939,3.0097919899024137,6.157642795007194,24.84156667608037,9.389999999999844
940,3.3245770704128916,6.191128640246864,24.364457137662487,9.399999999999844
941,3.6112322273962887,6.250083778230701,23.920567123831567,9.409999999999844
942,3.87511738247973,6.334900735167588,23.50839037350146,9.419999999999844
943,4.121095717748516,6.445606873205491,23.126984803092736,9.429999999999843
944,4.353546833294214,6.5819724250784155,22.77589483717817,9.439999999999843
945,4.576389392472634,6.74358656571162,22.455086893600388,9.449999999999843
946,4.793109109796532,6.929907515277601,22.164897356703147,9.459999999999843
947,5.006788950344639,7.140291276486665,21.90599145560631,9.469999999999843
948,5.2201391829588415,7.3740025101555595,21.679330998110363,9.479999999999842
949,5.435525515678513,7.6302102042467785,21.486148699212418,9.489999999999842
950,5.65499398453534,7.907970151711977,21.327926756451827,9.499999999999842
951,5.8802916012530035,8.206195790761297,21.206377279324606,9.509999999999842
952,6.112882020203833,8.523618659118375,21.1234221270758,9.519999999999841
953,6.353955684095287,8.85873956492649,21.081169622837763,9.529999999999841
954,6.604434072178408,9.209771585299835,21.081885485686932,9.539999999999841
955,6.8649678234905505,9.574576181582449,21.12795516528463,9.54999999999984
956,7.13592865929974,9.95059408648568,21.22183460164493,9.55999999999984
957,7.417395202018334,10.334773192856781,21.36598630745585,9.56999999999984
958,7.709133001102178,10.723496474260223,21.562797643536797,9.57999999999984
959,8.010569348417983,11.112514000727453,21.814478311945038,9.58999999999984
960,8.320763813648929,11.496884365103256,22.1229345306741,9.59999999999984
961,8.638375868794363,11.870932258328349,22.4896182038047,9.60999999999984
962,8.96163150774776,12.228230427106038,22.915350799307603,9.61999999999984
963,9.288291399683589,12.561615647662672,23.400123728788266,9.62999999999984
964,9.615623824481498,12.86324940328109,23.94287989521707,9.639999999999839
965,9.940386382361456,13.124734316631615,24.541284772235652,9.649999999999839
966,10.258821175788473,13.337296630970648,25.19149981437427,9.659999999999838
967,10.56666872130669,13.492042676425973,25.887975897046697,9.669999999999838
968,10.85920611681862,13.580292839934938,26.623289326480705,9.679999999999838
969,11.13131478913025,13.59398976120529,27.388046935197316,9.689999999999838
970,11.377582286337754,13.526168285598153,28.170888809647284,9.699999999999838
971,11.592440886263795,13.371463587806408,28.95861603493914,9.709999999999837
972,11.770343156418056,13.126621954751778,29.736465286052177,9.719999999999837
973,11.905971036251428,12.790967812243842,30.488541327344116,9.729999999999837
974,11.994470713850669,12.366773124462666,31.198402481596933,9.739999999999837
975,12.03170095491187,11.859473944251821,31.84977406274971,9.749999999999837
976,12.014478253845864,11.277685902139497,32.427343194207786,9.759999999999836
977,11.940799018675227,10.632986857826882,32.917569162611834,9.769999999999836
978,11.810017802590393,9.939459938936784,33.309430908650775,9.779999999999836
979,11.622962016225031,9.213020604019523,33.595031406023196,9.789999999999836
980,11.38196787500448,8.47058202286139,33.769989787214755,9.799999999999836
981,11.090829289790172,7.729137818660953,33.833575650890346,9.809999999999835
982,10.754660142677249,7.004854523543329,33.7885724479069,9.819999999999835
983,10.379679580763858,6.312264684422855,33.64089214679209,9.829999999999835
984,9.972938091129757,5.663635507245136,33.39899453807711,9.839999999999835
985,9.542007832741294,5.068560769346777,33.07318554657319,9.849999999999834
986,9.094663126401842,4.533791399429797,32.67487639761623,9.859999999999834
987,8.638575953704638,4.063289225496632,32.21587941497838,9.869999999999834
988,8.181047280883838,3.6584643878621597,31.70779962320885,9.879999999999834
989,7.728788991581671,3.3185429037283893,31.16155900124858,9.889999999999834
990,7.287764382796342,3.0410072506402455,30.58706727317289,9.899999999999833
991,6.8630886695807325,2.8220578108405685,29.993033589178694,9.909999999999833
992,6.458985583706716,2.6570535702923017,29.386899689998746,9.919999999999833
993,6.0787923823652745,2.540903383551887,28.774867738655324,9.929999999999833
994,5.7250034824839355,2.4683917486455824,28.161994173613795,9.939999999999833
995,5.3993423091001,2.4344336590783158,27.552323175888734,9.949999999999832
996,5.102851444097921,2.434260926659808,26.949037964406624,9.959999999999832
997,4.83599239235411,2.4635473488034076,26.35461367087162,9.969999999999832
998,4.59874788799904,2.518482633016857,25.770960935351884,9.979999999999832
999,4.3907213625008215,2.5958056935948672,25.199553977304653,9.989999999999831
1000,4.211229795610226,2.6928074184227078,24.64154046636088,9.999999999999831
1001,4.059387557891474,2.8073117927926035,24.097833028934275,10.009999999999831
1002,3.9341799813815874,2.93764275537627,23.569183813790538,10.01999999999983
1003,3.8345262587810556,3.082582611232175,23.05624439862931,10.02999999999983
1004,3.7593318940261673,3.241326391824372,22.55961365434218,10.03999999999983
1005,3.7075313438059876,3.4134353069566874,22.079876173730394,10.04999999999983
1006,3.6781217401210577,3.5987914003381927,21.61763365967021,10.05999999999983
1007,3.6701887061427714,3.7975546902326496,21.17353135762312,10.06999999999983
1008,3.6829253045517594,4.010123424471217,20.748281278103683,10.07999999999983
1009,3.715645116543705,4.237097574050142,20.34268362769786,10.08999999999983
1010,3.767790362294349,4.4792453001553865,19.95764757338597,10.09999999999983
1011,3.8389358560804525,4.737471826785542,19.594212210818455,10.109999999999829
1012,3.9287894531509613,5.012789909942609,19.25356838982681,10.119999999999829
1013,4.037189498830126,5.306290893470729,18.937081860721868,10.129999999999828
1014,4.164099638294187,5.61911516394253,18.646318029831196,10.139999999999828
1015,4.309601190859021,5.952420649390092,18.383068436586097,10.149999999999828
1016,4.473883136712128,6.307347840077174,18.149378869468187,10.159999999999828
1017,4.657229607048632,6.6849796392966665,17.947578804340026,10.169999999999828
1018,4.860004610273435,7.086294179053208,17.780311553877457,10.179999999999827
1019,5.0826335671514125,7.512108566899814,17.65056413624025,10.189999999999827
1020,5.325581067126253,7.963011382453075,17.561695377562614,10.199999999999827
1021,5.589324098658935,8.439281643330034,17.51746012738464,10.209999999999827
1022,5.874319853126044,8.940791954148356,17.522026659965395,10.219999999999827
1023,6.180967063228276,9.466893702725779,17.579983332488883,10.229999999999826
1024,6.509559727178026,10.01628256390028,17.69632935863216,10.239999999999826
1025,6.860232010850251,10.586843332752824,17.876443138341976,10.249999999999826
1026,7.232893143040508,11.175474387885387,18.126020003238263,10.259999999999826
1027,7.627151267524996,11.777894066137504,18.450969590522188,10.269999999999825
1028,8.042225547386247,12.388434119388963,18.85726153132809,10.279999999999825
1029,8.476846404586519,12.999829427053315,19.35070703749662,10.289999999999825
1030,8.929144706833199,13.603018412296905,19.936663756552925,10.299999999999825
1031,9.39653207737957,14.186975189549853,20.61965258824267,10.309999999999825
1032,9.875576388596599,14.738602149622185,21.402878860385464,10.319999999999824
1033,10.361878964699157,15.242719865716852,22.287657338005797,10.329999999999824
1034,10.849963054800927,15.682198699744397,23.272751992406043,10.339999999999824
1035,11.333186619295274,16.03828137507971,24.353658037711288,10.349999999999824
1036,11.803696094873718,16.291145300692765,25.521875515471113,10.359999999999824
1037,12.252441015455624,16.420744130692285,26.764249450059957,10.369999999999823
1038,12.66927132697929,16.407946296614934,28.062478120303656,10.379999999999823
1039,13.043138823942854,16.235951311067517,29.39291260593209,10.389999999999823
1040,13.36242007265532,15.891912273068918,30.72677927199754,10.399999999999823
1041,13.61536929269668,15.368629449559824,32.03094256691627,10.409999999999823
1042,13.790695308382995,14.666115438602068,33.26927975324888,10.419999999999822
1043,13.878237321404903,13.79278396849918,34.40465825354224,10.429999999999822
1044,13.869691986114331,12.76600245676265,35.40139599249145,10.439999999999822
1045,13.759323033179163,11.611791605363848,36.22796398571778,10.449999999999822
1046,13.544569890397632,10.363561545461657,36.85958886302023,10.459999999999821
1047,13.226469055904035,9.05993272445338,37.28036632999912,10.469999999999821
1048,12.80981542275897,7.741868616296976,37.48453242615136,10.479999999999821
1049,12.30302074211277,6.449498832632294,37.47666397480747,10.48999999999982
1050,11.717668551164723,5.219087909825079,37.270769447953676,10.49999999999982
1051,11.067810487030759,4.080578994672973,36.888437685342126,10.50999999999982
1052,10.36908733779498,3.0560177664547536,36.356376763636995,10.51999999999982
1053,9.637780380660958,2.1589775838934804,35.70375453453557,10.52999999999982
1054,8.88990010098421,1.3949168649507977,34.95973193161797,10.53999999999982
1055,8.14040177738087,0.7622544802841532,34.151479129227404,10.54999999999982
1056,7.402587047671198,0.25387681911047055,33.30282359637589,10.55999999999982
1057,6.687716024815125,-0.1412080817868076,32.433541753001045,10.569999999999819
1058,6.004823614154931,-0.43629868325125976,31.55920371074036,10.579999999999819
1059,5.360711384414312,-0.6456596013171628,30.6914259787605,10.589999999999819
1060,4.760074285841164,-0.7834825841504898,29.838376004907847,10.599999999999818
1061,4.205718598841999,-0.8631558217956773,29.005391625088112,10.609999999999818
1062,3.6988311567782315,-0.896808206145251,28.195612610151514,10.619999999999818
1063,3.2392672204858832,-0.8950755042546699,27.410558185868695,10.629999999999818
1064,2.825832948011828,-0.8670311537431303,26.65061608017094,10.639999999999818
1065,2.4565465378363323,-0.8202295068039961,25.915432132687716,10.649999999999817
1066,2.128868933372299,-0.7608188319626474,25.204204622931005,10.659999999999817
1067,1.8399001568388045,-0.6936918244199402,24.515895663899947,10.669999999999817
1068,1.58654095871293,-0.6226508650314083,23.84937520923047,10.679999999999817
1069,1.3656217763384961,-0.5505729940330428,23.203513259314153,10.689999999999817
1070,1.1740022993013421,-0.4795653966627179,22.57723416103129,10.699999999999816
1071,1.0086455297049362,-0.41110634706087035,21.969544474620314,10.709999999999816
1072,0.8666703420283555,-0.34616936351267513,21.37954334950514,10.719999999999816
1073,0.7453863714742524,-0.28533013558086556,20.806422046311585,10.729999999999816
1074,0.6423147207687405,-0.22885688453688705,20.249457313132282,10.739999999999815
1075,0.5551975602381778,-0.17678543907430175,19.708001803323214,10.749999999999815
1076,0.48199926030692986,-0.12898061300061553,19.18147358012333,10.759999999999815
1077,0.4209012729761753,-0.08518557475683264,18.669345932386108,10.769999999999815
1078,0.3702925882028745,-0.04506087726167416,18.171138160353934,10.779999999999815
1079,0.3287572416564196,-0.00821472159214734,17.68640761898915,10.789999999999814
1080,0.29506004533156294,0.02577410745127206,17.214743075990658,10.799999999999814
1081,0.26813145154353385,0.05733935034586684,16.755759309724038,10.809999999999814
1082,0.24705224142376714,0.08691530262029379,16.30909280629712,10.819999999999814
1083,0.2310385475434198,0.11492879785890625,15.874398390999126,10.829999999999814
1084,0.21942757257496845,0.14179432371865436,15.451346630397765,10.839999999999813
1085,0.21166424768933703,0.16791158596123298,15.03962185609641,10.849999999999813
1086,0.20728898151652664,0.19366495699760744,14.63892068206238,10.859999999999813
1087,0.2059265790646347,0.21942435266539956,14.248950909990965,10.869999999999813
1088,0.2072763564247112,0.24554717411529975,13.869430738787617,10.879999999999812
1089,0.21110343819377006,0.272381031480858,13.500088213655758,10.889999999999812
1090,0.21723119752247885,0.30026703348208583,13.140660867014049,10.899999999999812
1091,0.22553478111843955,0.3295434834897767,12.790895517566272,10.909999999999812
1092,0.23593565135557326,0.3605498691594106,12.45054820560535,10.919999999999812
1093,0.248397073135957,0.3936310708411424,12.11938425247147,10.929999999999811
1094,0.2629204729064755,0.4291417448455597,11.797178440464487,10.939999999999811
1095,0.27954260010038395,0.4674508624656273,11.483715316890422,10.949999999999811
1096,0.2983334263369083,0.508946405484117,11.178789632735139,10.95999999999981
1097,0.3193947242516292,0.5540402346692763,10.8822069331119,10.96999999999981
1098,0.3428592752933939,0.6031731602865353,10.593784323508682,10.97999999999981
1099,0.368890663792708,0.6568202536080933,10.31335144334124,10.98999999999981
1100,0.3976836227742465,0.7154964463353543,10.040751686778934,10.99999999999981
1101,0.4294649051303573,0.779762471187041,9.775843720653437,11.00999999999981
1102,0.46449466173602566,0.8502312019510744,9.518503360926472,11.01999999999981
1103,0.5030683157575305,0.9275744552289832,9.268625883180576,11.02999999999981
1104,0.5455189297046757,1.0125303189644188,9.026128859485079,11.039999999999809
1105,0.59222006863065,1.105911074544056,8.79095563445776,11.049999999999809
1106,0.6435891692219906,1.2086117795235216,8.563079578196877,11.059999999999809
1107,0.7000914302521437,1.3216195763933085,8.342509283955915,11.069999999999808
1108,0.7622442448662602,1.446023788535011,8.129294915111954,11.079999999999808
1109,0.8306221992331353,1.5830268565735672,7.92353595048314,11.089999999999808
1110,0.9058626649671785,1.7339561552241782,7.72539063096078,11.099999999999808
1111,0.9886720139928784,1.9002767104140004,7.535087475572235,11.109999999999808
1112,1.0798324836349906,2.083604806127001,7.352939313581263,11.119999999999807
1113,1.1802097158841915,2.28572242627351,7.179360373412902,11.129999999999807
1114,1.2907609869231234,2.50859241379299,7.014887081608249,11.139999999999807
1115,1.41254412961011,2.754374140267425,6.8602033582968485,11.149999999999807
1116,1.5467271306758414,3.025439355338644,6.716171352301446,11.159999999999807
1117,1.6945983531421216,3.324387713925768,6.583868740904575,11.169999999999806
1118,1.8575772892204863,3.6540612444098968,6.464633927266031,11.179999999999806
1119,2.0372256847394272,4.0175567012833975,6.360120701015969,11.189999999999806
1120,2.2352587863938242,4.418234313496076,6.272364179339725,11.199999999999806
1121,2.4535563391040496,4.859720859118076,6.20386010525322,11.209999999999805
1122,2.6941727911054523,5.3459042225944415,6.1576598249814545,11.219999999999805
1123,2.959345934254351,5.880915566304542,6.137483459985646,11.229999999999805
1124,3.2515028974593703,6.4690939049940965,6.147853870094393,11.239999999999805
1125,3.573261998212843,7.114926130515092,6.19425387598546,11.249999999999805
1126,3.927428411443068,7.822953308886122,6.283308724248459,11.259999999999804
1127,4.316980901187374,8.597631278986505,6.422994715802286,11.269999999999804
1128,4.745045938967287,9.443130163363646,6.622872956982584,11.279999999999804
1129,5.214854361406923,10.363053360352586,6.89434387579113,11.289999999999804
1130,5.729674261301489,11.360052055645914,7.250912845907307,11.299999999999804
1131,6.292712040735932,12.435306641212518,7.70844914871924,11.309999999999803
1132,6.90697150078359,13.587842438470991,8.285408543067408,11.319999999999803
1133,7.57505859455233,14.813645227512533,9.002972720048847,11.329999999999803
1134,8.29891725784835,16.1045447229168,9.88503575348739,11.339999999999803
1135,9.079480004355196,17.446845169794525,10.957937641369108,11.349999999999802
1136,9.916216520899129,18.819707362278216,12.249808789514903,11.359999999999802
1137,10.806565605037036,20.19333335154276,13.789350152437608,11.369999999999802
1138,11.745242379687609,21.527083216706256,15.603839964850899,11.379999999999802
1139,12.723426463389474,22.767771426441424,17.71614566686741,11.389999999999802
1140,13.72786095969467,23.848552355855226,20.14055577054682,11.399999999999801
1141,14.739930099310726,24.68900040832075,22.87737039164403,11.409999999999801
1142,15.734837130211728,25.19718242775581,25.906448583605204,11.419999999999801
1143,16.681071659966136,25.274627509085214,29.18034557111877,11.4299999999998
1144,17.540427244878043,24.824986943440802,32.61828174913562,11.4399999999998
1145,18.26888321473432,23.76667072383578,36.10286967585671,11.4499999999998
1146,18.818661965644466,22.04870021847304,39.482031803068544,11.4599999999998
1147,19.141665790927323,19.667448464481048,42.57844798358614,11.4699999999998
1148,19.194244058282695,16.680216189313995,45.207699958697674,11.4799999999998
1149,18.942841271385824,13.210526100531412,47.203802697958515,11.4899999999998
1150,18.36960975430038,9.44067497638171,48.44748361635162,11.4999999999998
1151,17.476716276508515,5.590145281719593,48.889765871248784,11.509999999999799
1152,16.288059177029623,1.8833987167573403,48.563012611679575,11.519999999999799
1153,14.847593131002395,-1.4847509331806674,47.574768039559636,11.529999999999799
1154,13.214358724584088,-4.3762853387001694,46.08565778093729,11.539999999999798
1155,11.455294318255662,-6.722426182186875,44.27840886331174,11.549999999999798
1156,9.63752226821141,-8.519941565986382,42.32757758912644,11.559999999999798
1157,7.82177588479163,-9.815565630973847,40.377730921089196,11.569999999999798
1158,6.058041733215082,-10.685568346934259,38.53323988438074,11.579999999999798
1159,4.383680725200148,-11.216820731520357,36.85835063090876,11.589999999999797
1160,2.823630579528097,-11.492974333382946,35.38375167236328,11.599999999999797
1161,1.3919700882369928,-11.586534460186384,34.11566582332554,11.609999999999797
1162,0.09411963339465501,-11.555797354541744,33.04463364075446,11.619999999999797
1163,-1.070872065398985,-11.444987371685107,32.15256713622842,11.629999999999797
1164,-2.108283596027597,-11.286068816509447,31.417726518580814,11.639999999999796
1165,-3.026062118075782,-11.101152760796028,30.81786281558018,11.649999999999796
1166,-3.8335711823478067,-10.904870953986451,30.331980918862214,11.659999999999796
1167,-4.540701159511671,-10.706424095963236,29.941174084723464,11.669999999999796
1168,-5.157273453156828,-10.511216940830424,29.628889498865146,11.679999999999795
1169,-5.692667801924188,-10.32209848571589,29.38087797978858,11.689999999999795
1170,-6.155610870303358,-10.140268704719444,29.184990677306804,11.699999999999795
1171,-6.554076653744966,-9.96592260272787,29.030919741910967,11.709999999999795
1172,-6.895261248643257,-9.798696106577157,28.909936088762354,11.719999999999795
1173,-7.185604734436647,-9.637966674995535,28.81465015523782,11.729999999999794
1174,-7.430840928492536,-9.483049468121717,28.738805674133385,11.739999999999794
1175,-7.636061782455454,-9.33331949902497,28.677107843969544,11.749999999999794
1176,-7.805787554112405,-9.188281930735354,28.625083011429865,11.759999999999794
1177,-7.9440369917747,-9.047606459518937,28.578965231844503,11.769999999999794
1178,-8.054393938549124,-8.911137182736505,28.535604696343032,11.779999999999793
1179,-8.140068262967862,-8.778886098712302,28.492393330876013,11.789999999999793
1180,-8.203950046542307,-8.651016084469571,28.447203496549363,11.799999999999793
1181,-8.248656650335032,-8.527817572161576,28.39833644139627,11.809999999999793
1182,-8.276572742517686,-8.409681991076019,28.34447786092025,11.819999999999792
1183,-8.28988366737352,-8.297074210424325,28.284658565368193,11.829999999999792
1184,-8.2906027216786,-8.190505604401844,28.218218803464868,11.839999999999792
1185,-8.280593009950923,-8.090508894298553,28.14477524926358,11.849999999999792
1186,-8.261584598385687,-7.9976155561849085,28.064190023253964,11.859999999999792
1187,-8.235187694165608,-7.91233628754821,27.976541397661727,11.869999999999791
1188,-8.202902553503868,-7.8351447846057125,27.88209603799725,11.879999999999791
1189,-8.166126776614053,-7.766464883869461,27.781282768591137,11.889999999999791
1190,-8.126160587339594,-7.706660961429915,27.674667929906697,11.89999999999979
1191,-8.084210624748627,-7.6560313582735136,27.56293243075679,11.90999999999979
1192,-8.041392698101115,-7.614804507560868,27.446850599769576,11.91999999999979
1193,-7.99873387904709,-7.583137377964979,27.327270917421394,11.92999999999979
1194,-7.957174228938879,-7.561115813227747,27.205098671502792,11.93999999999979
1195,-7.917568387367766,-7.548756338752143,27.081280532506433,11.94999999999979
1196,-7.880687182506203,-7.546009017491485,26.956790997156055,11.95999999999979
1197,-7.847219366004731,-7.552760965490444,26.832620602664107,11.96999999999979
1198,-7.817773525953303,-7.568840177978031,26.709765774411743,11.979999999999789
1199,-7.792880191155776,-7.5940193659090784,26.589220137416447,11.989999999999789
1200,-7.7729941086311065,-7.6280195567020765,26.471967097963805,11.999999999999789
1201,-7.758496653438203,-7.670513268588274,26.358973486099117,12.009999999999788
1202,-7.749698314953211,-7.721127123065425,26.25118404171476,12.019999999999788
1203,-7.746841195764432,-7.779443812685635,26.14951652582063,12.029999999999788
1204,-7.7501014574565525,-7.845003390657319,26.054857243214556,12.039999999999788
1205,-7.759591650776629,-7.917303893893985,25.96805677217902,12.049999999999788
1206,-7.775362875088365,-7.995801352009563,25.889925710171454,12.059999999999787
1207,-7.797406722780485,-8.07990927145758,25.821230261123514,12.069999999999787
1208,-7.825656977648195,-8.168997716836067,25.762687509554084,12.079999999999787
1209,-7.859991051566982,-8.262392140688082,25.71496024913081,12.089999999999787
1210,-7.900231160479092,-8.359372139224268,25.678651258724113,12.099999999999786
1211,-7.94614525835361,-8.459170334433692,25.65429694772154,12.109999999999786
1212,-7.997447765961618,-8.560971602953035,25.642360324874623,12.119999999999786
1213,-8.05380014966076,-8.663912888451245,25.64322328174961,12.129999999999786
1214,-8.114811423539807,-8.767083846428353,25.65717822341285,12.139999999999786
1215,-8.180038665828661,-8.869528577123742,25.68441912560312,12.149999999999785
1216,-8.24898765695817,-8.970248702216702,25.72503214933915,12.159999999999785
1217,-8.321113761484023,-9.068208032395315,25.778986000267746,12.169999999999785
1218,-8.395823188575152,-9.16233905364757,25.846122280097585,12.179999999999785
1219,-8.472474775082393,-9.251551428172215,25.926146139510337,12.189999999999785
1220,-8.550382440391376,-9.334742659092552,26.018617603512393,12.199999999999784
1221,-8.628818462261494,-9.410811005007908,26.122943997930836,12.209999999999784
1222,-8.707017716536136,-9.47867064981136,26.23837395543467,12.219999999999784
1223,-8.784183009863659,-9.537269035112663,26.363993516060933,12.229999999999784
1224,-8.85949161238856,-9.58560614836398,26.49872485515333,12.239999999999783
1225,-8.932103065986102,-9.622755432416904,26.641328165060152,12.249999999999783
1226,-9.001168302629182,-9.647885846718086,26.79040718033647,12.259999999999783
1227,-9.065840057038072,-9.660284473725337,26.9444187649028,12.269999999999783
1228,-9.125284498706797,-9.659378935434102,27.10168687061488,12.279999999999783
1229,-9.178693942379528,-9.64475877482539,27.260421029398334,12.289999999999782
1230,-9.225300425624114,-9.616194877250864,27.418739358036394,12.299999999999782
1231,-9.26438987078679,-9.573655968955409,27.57469584209529,12.309999999999782
1232,-9.295316480603653,-9.517321244590814,27.726311433491297,12.319999999999782
1233,-9.317516957002368,-9.447588250573117,27.871608258758638,12.329999999999782
1234,-9.330524086359443,-9.36507529032894,28.008646009133322,12.339999999999781
1235,-9.333979206756393,-9.270617819460957,28.13555938789294,12.349999999999781
1236,-9.327643068026848,-9.165258556187615,28.250595343822134,12.359999999999781
1237,-9.311404616842925,-9.050231331408915,28.352148739036515,12.36999999999978
1238,-9.285287288299523,-8.926939024150025,28.43879509735665,12.37999999999978
1239,-9.249452461884573,-8.796926248511987,28.50931916253746,12.38999999999978
1240,-9.204199840547314,-8.661847752208695,28.562738162999622,12.39999999999978
1241,-9.149964631713452,-8.523433729585097,28.598318922316878,12.40999999999978
1242,-9.087311541500616,-8.383453422512403,28.615588256052998,12.41999999999978
1243,-9.016925729601795,-8.243678465646852,28.61433643299855,12.42999999999978
1244,-8.9396010032063,-8.10584742109702,28.594613826086473,12.43999999999978
1245,-8.856225644995373,-7.971632843324019,28.556721208098928,12.449999999999779
1246,-8.767766364828237,-7.842612028487993,28.50119443474496,12.459999999999779
1247,-8.675250931194213,-7.720242351131153,28.428784482709506,12.469999999999779
1248,-8.579750073187908,-7.605841797790769,28.340433959627543,12.479999999999778
1249,-8.482359245648194,-7.500574996912561,28.237251271249985,12.489999999999778
1250,-8.384180820774631,-7.405444741801144,28.120483620744043,12.499999999999778
1251,-8.286307212877283,-7.321288729760536,27.991489935259356,12.509999999999778
1252,-8.189805364565608,-7.248781012571355,27.85171467974216,12.519999999999778
1253,-8.095702929366183,-7.188437481558981,27.70266334451555,12.529999999999777
1254,-8.004976384585463,-7.140624599071525,27.545880199098697,12.539999999999777
1255,-7.918541206034069,-7.105570535900686,27.382928706656976,12.549999999999777
1256,-7.837244139020731,-7.083377875175653,27.21537480528857,12.559999999999777
1257,-7.761857512636223,-7.074037088509698,27.044773094514436,12.569999999999776
1258,-7.693075470223571,-7.077440068950755,26.872655824528547,12.579999999999776
1259,-7.6315119300962895,-7.093393106489436,26.70052447507201,12.589999999999776
1260,-7.577700047735604,-7.121628805138102,26.52984363024046,12.599999999999776
1261,-7.532092923475854,-7.161816557019778,26.36203680280055,12.609999999999776
1262,-7.495065286830246,-7.213571301514979,26.198483832809476,12.619999999999775
1263,-7.466915888298719,-7.276460401383561,26.04051947582849,12.629999999999775
1264,-7.447870339607204,-7.350008559957208,25.889432800956403,12.639999999999775
1265,-7.438084161642204,-7.433700782772682,25.746467033759874,12.649999999999775
1266,-7.437645823755252,-7.526983453584248,25.612819500073567,12.659999999999775
1267,-7.446579586738152,-7.629263649806683,25.48964135056186,12.669999999999774
1268,-7.464847993045005,-7.739906868051592,25.378036770778483,12.679999999999774
1269,-7.4923538805456635,-7.858233368865997,25.279061406061025,12.689999999999774
1270,-7.528941829377697,-7.983513383507588,25.193719754653962,12.699999999999774
1271,-7.574398984790686,-8.114961456913933,25.122961306448058,12.709999999999773
1272,-7.62845523200301,-8.251730231941227,25.06767522981809,12.719999999999773
1273,-7.690782731996832,-8.392904011972076,25.02868343696557,12.729999999999773
1274,-7.760994859994356,-8.537492472995169,25.006731891112306,12.739999999999773
1275,-7.838644621294437,-8.684424932341841,25.002480059350873,12.749999999999773
1276,-7.923222652399177,-8.832545618618344,25.01648846561755,12.759999999999772
1277,-8.014154949021094,-8.980610424161293,25.049204361772272,12.769999999999772
1278,-8.110800496535115,-9.127285654596207,25.100945613551904,12.779999999999772
1279,-8.212449012341224,-9.2711493156211,25.171882994050353,12.789999999999772
1280,-8.318319042669213,-9.410695489587855,25.262021191279082,12.799999999999772
1281,-8.427556687361077,-9.544342347322056,25.371178967802972,12.809999999999771
1282,-8.539235253357175,-9.67044430654651,25.4989690570846,12.819999999999771
1283,-8.652356158676108,-9.787308779455849,25.64477853827657,12.829999999999771
1284,-8.765851420754082,-9.89321784085518,25.807750591203757,12.83999999999977
1285,-8.87858806276419,-9.986454988394065,25.986768685432555,12.84999999999977
1286,-8.989374755327178,-10.06533695368114,26.180444387647228,12.85999999999977
1287,-9.096970975162574,-10.128250257020307,26.387110063129466,12.86999999999977
1288,-9.200098903348348,-10.173691883868534,26.604817780952313,12.87999999999977
1289,-9.297458201400367,-10.200313109064165,26.83134568889808,12.88999999999977
1290,-9.387743692166747,-10.20696512406709,27.064212984921333,12.89999999999977
1291,-9.469665835356782,-10.192744759306581,27.300704363253033,12.90999999999977
1292,-9.541973727751762,-10.157038271714685,27.537904448390126,12.919999999999769
1293,-9.603480182148054,-10.09956092512926,27.772742253171096,12.929999999999769
1294,-9.653088256446175,-10.020389968557078,28.00204512501529,12.939999999999769
1295,-9.689818427657265,-9.919988651148826,28.22260100898644,12.949999999999768
1296,-9.712835450006422,-9.799219131048417,28.431227203754,12.959999999999768
1297,-9.72147381811062,-9.659342551021643,28.624843174571506,12.969999999999768
1298,-9.715260691401722,-9.502005159891207,28.800544480348787,12.979999999999768
1299,-9.693935138250671,-9.329210125075782,28.95567453306669,12.989999999999768
1300,-9.657462636933182,-9.14327555445676,29.087890790620875,12.999999999999767
1301,-9.60604392868554,-8.946780152277345,29.195222123334492,13.009999999999767
1302,-9.540117551044721,-8.742498788541692,29.27611449834292,13.019999999999767
1303,-9.460355674794418,-8.533330977428436,29.329462773045982,13.029999999999767
1304,-9.36765320505782,-8.322225760760018,29.3546272271369,13.039999999999766
1305,-9.26311046062804,-8.112106722292943,29.351434415956565,13.049999999999766
1306,-9.14801008679453,-7.905800792317013,29.320162904567752,13.059999999999766
1307,-9.023789157346778,-7.705974148721865,29.26151534770232,13.069999999999766
1308,-8.892007656484287,-7.515077922070419,29.176579131463903,13.079999999999766
1309,-8.7543146830429,-7.335305636395348,29.066778325512793,13.089999999999765
1310,-8.612413778378144,-7.168563448445509,28.933819975205484,13.099999999999765
1311,-8.468028745384881,-7.01645337375121,28.77963778867904,13.109999999999765
1312,-8.322871208221514,-6.880268887958473,28.606336069576713,13.119999999999765
1313,-8.178610976195209,-6.7610016289190265,28.416136359378786,13.129999999999765
1314,-8.036850041467591,-6.659357438665744,28.211328744452192,13.139999999999764
1315,-7.899100781187407,-6.575779689992947,27.994229215671016,13.149999999999764
1316,-7.766768672067961,-6.510477733163029,27.767143901447852,13.159999999999764
1317,-7.641139578177468,-6.463458350344746,27.532340475723842,13.169999999999764
1318,-7.523371455394195,-6.434558283841881,27.292026603831747,13.179999999999763
1319,-7.414490138238964,-6.423476169402569,27.04833494893683,13.189999999999763
1320,-7.315388741355324,-6.429802519068689,26.803314024077665,13.199999999999763
1321,-7.226830119126661,-6.453046725030003,26.558924033006925,13.209999999999763
1322,-7.149451779716995,-6.492660369801854,26.317036783119192,13.219999999999763
1323,-7.083772638725481,-6.548056409765103,26.079438757929125,13.229999999999762
1324,-7.0302010158294435,-6.618624037443235,25.847836486040933,13.239999999999762
1325,-6.989043317990823,-6.7037392182894635,25.623863420727442,13.249999999999762
1326,-6.960512908020687,-6.802771040926554,25.4090876340661,13.259999999999762
1327,-6.944738721311273,-6.9150841201836215,25.205019720231125,13.269999999999762
1328,-6.941773261198508,-7.040037356723909,25.013120385530602,13.279999999999761
1329,-6.9515996707510475,-7.176979393578096,24.8348072727239,13.289999999999761
1330,-6.974137643033752,-7.325241126850276,24.67146062134511,13.299999999999761
1331,-7.009247991415405,-7.484125633351746,24.52442740364656,13.30999999999976
1332,-7.056735755609039,-7.652895879418316,24.395023598513365,13.31999999999976
1333,-7.116351767989967,-7.830760579329108,24.284534275748786,13.32999999999976
1334,-7.187792649123881,-8.01685858429263,24.1942111639963,13.33999999999976
1335,-7.270699242640756,-8.210242208645154,24.12526737163551,13.34999999999976
1336,-7.364653539241195,-8.409859942423553,24.07886892647483,13.35999999999976
1337,-7.469174179559431,-8.614539061383976,24.05612280299709,13.36999999999976
1338,-7.583710667741886,-8.822968728042209,24.058061122178124,13.37999999999976
1339,-7.7076364737719185,-9.033684279955029,24.085621246226776,13.389999999999759
1340,-7.84024125439023,-9.245053521702882,24.139621557481277,13.399999999999759
1341,-7.980722481121495,-9.455265969711792,24.22073281614745,13.409999999999759
1342,-8.128176829980525,-9.662326135778041,24.32944514461147,13.419999999999758
1343,-8.281591760560277,-9.864052063707677,24.466030894960628,13.429999999999758
1344,-8.439837790875016,-10.058080437294286,24.630503927393736,13.439999999999758
1345,-8.601662055516943,-10.241879635819217,24.822576163113272,13.449999999999758
1346,-8.76568381354717,-10.412772099981462,25.041612673169563,13.459999999999757
1347,-8.930392642190599,-10.567967258031654,25.286587013728006,13.469999999999757
1348,-9.094150103774705,-10.704606019129615,25.55603899713563,13.479999999999757
1349,-9.255195695310196,-10.819817441016522,25.84803756327603,13.489999999999757
1350,-9.411657869880829,-10.910787601414725,26.160151839630053,13.499999999999757
1351,-9.561570843034218,-10.974839939579894,26.489433790527784,13.509999999999756
1352,-9.702897752688786,-11.009525398433718,26.832415985179587,13.519999999999756
1353,-9.83356051726328,-11.012719627584145,27.18512788470779,13.529999999999756
1354,-9.951476428295367,-10.982723373903866,27.5431335902906,13.539999999999756
1355,-10.054601122856216,-10.918361093235857,27.901593155621782,13.549999999999756
1356,-10.14097711989418,-10.819071897983319,28.255348328549857,13.559999999999755
1357,-10.208786597703094,-10.684986363429212,28.59903197888125,13.569999999999755
1358,-10.256406574275706,-10.516982603418935,28.92719858194725,13.579999999999755
1359,-10.282464177190029,-10.316715521069318,29.23447111491448,13.589999999999755
1360,-10.285889311577957,-10.086614315689785,29.51569779623332,13.599999999999755
1361,-10.26596181198914,-9.8298451749143,29.766110505464724,13.609999999999754
1362,-10.222350148281656,-9.55023849311662,29.98147571048669,13.619999999999754
1363,-10.155138982765152,-9.252182722956352,30.158228510302738,13.629999999999754
1364,-10.064843356784271,-8.940489790939884,30.293581097816936,13.639999999999754
1365,-9.952408000199833,-8.620239548274398,30.385598561329207,13.649999999999753
1366,-9.819191155007289,-8.296612650721274,30.433237343465947,13.659999999999753
1367,-9.666933304578688,-7.974722298204118,30.43634460320503,13.669999999999753
1368,-9.49771220394123,-7.659455267360545,30.395619832912317,13.679999999999753
1369,-9.313886510283162,-7.3553316374563895,30.312542988384845,13.689999999999753
1370,-9.118031023000484,-7.06639069164215,30.189275749862222,13.699999999999752
1371,-8.91286698986465,-6.796107942674264,30.028544092002914,13.709999999999752
1372,-8.701191085145611,-6.547345426496544,29.833510977634354,13.719999999999752
1373,-8.485806519280704,-6.322334678500492,29.607647721461444,13.729999999999752
1374,-8.269459335202683,-6.122689456560645,29.35461153720808,13.739999999999752
1375,-8.05478234733848,-5.949443511775652,29.078135211046888,13.749999999999751
1376,-7.844248463782196,-5.80310763199805,28.781932997837018,13.759999999999751
1377,-7.640134380603781,-5.683739788507434,28.469624965835997,13.76999999999975
1378,-7.4444949213941465,-5.591022412147624,28.14468032443285,13.77999999999975
1379,-7.259147670469495,-5.524341468621488,27.810378895307647,13.78999999999975
1380,-7.085667050284694,-5.482862929939267,27.469788896460994,13.79999999999975
1381,-6.925386638250151,-5.465603294100289,27.12575860459435,13.80999999999975
1382,-6.779408303835165,-5.471491857942761,26.780919202034546,13.81999999999975
1383,-6.648616659245925,-5.499423404211063,26.437696130007996,13.82999999999975
1384,-6.533697333742439,-5.5483007655372845,26.098326480489295,13.83999999999975
1385,-6.435157676921923,-5.617067349922668,25.76488028686217,13.84999999999975
1386,-6.353348644221998,-5.704730154231826,25.439283953332268,13.859999999999749
1387,-6.288486795222981,-5.8103740709228475,25.123344443820486,13.869999999999749
1388,-6.2406755227929676,-5.9331684350080165,24.818773198188318,13.879999999999749
1389,-6.209924814014473,-6.072366793003128,24.52720903648625,13.889999999999748
1390,-6.196169011913338,-6.227300832855189,24.250239541123292,13.899999999999748
1391,-6.199282194007523,-6.397369320100535,23.989420571177334,13.909999999999748
1392,-6.219090906616824,-6.582022763307061,23.746293666425164,13.919999999999748
1393,-6.255384092285848,-6.780744399459527,23.522401147798107,13.929999999999747
1394,-6.307920123003216,-6.993027961781943,23.319298723692512,13.939999999999747
1395,-6.3764309068810885,-7.2183525798699915,23.138565375735862,13.949999999999747
1396,-6.460623074179979,-7.456155073970688,22.981810230586717,13.959999999999747
1397,-6.5601762741590495,-7.705799849379835,22.850676032926664,13.969999999999747
1398,-6.674738631681128,-7.966546580053567,22.74683872550182,13.979999999999746
1399,-6.803919426518372,-8.237515899226475,22.672002521678145,13.989999999999746
1400,-6.947279073789183,-8.51765339570616,22.627889732296737,13.999999999999746
1401,-7.10431650598088,-8.805692354198127,22.616224491373277,14.009999999999746
1402,-7.274454090802605,-9.10011588276047,22.638709426988516,14.019999999999746
1403,-7.457020269998392,-9.399119345341113,22.696994261036735,14.029999999999745
1404,-7.651230177532664,-9.700574364761371,22.79263531552585,14.039999999999745
1405,-7.856164596255534,-10.001996079306421,22.927044980302448,14.049999999999745
1406,-8.070747744560624,-10.300515814754805,23.101430389062386,14.059999999999745
1407,-8.293724551580041,-10.592861852997736,23.31672089315149,14.069999999999744
1408,-8.52363828172181,-10.875351503571471,23.573484453551146,14.079999999999744
1409,-8.758809603906776,-11.143898162199239,23.871833825486675,14.089999999999744
1410,-8.997318459736023,-11.39403739593575,24.211324412620662,14.099999999999744
1411,-9.236990353355996,-11.620976229979187,24.59084692488453,14.109999999999744
1412,-9.475388941018315,-11.81966960835895,25.00851946021658,14.119999999999743
1413,-9.709817007752378,-11.984927328514715,25.461585274879482,14.129999999999743
1414,-9.93732803982861,-12.11155347993661,25.946324179660248,14.139999999999743
1415,-10.15475058383941,-12.194518448279046,26.457987001556553,14.149999999999743
1416,-10.358727370283374,-12.22916083775857,26.990763614838066,14.159999999999743
1417,-10.545770717030894,-12.211413275041613,27.537795349299255,14.169999999999742
1418,-10.712334972831966,-12.138042184997552,28.09124178527957,14.179999999999742
1419,-10.854905694048526,-12.006887637473236,28.64240974233937,14.189999999999742
1420,-10.970103888390996,-11.817085789398185,29.181948479048412,14.199999999999742
1421,-11.054802078491715,-11.569253955445335,29.70010977395106,14.209999999999742
1422,-11.106247266187077,-11.265617645263498,30.187064973378252,14.219999999999741
1423,-11.12218430409472,-10.910060624995307,30.63326392583433,14.229999999999741
1424,-11.100971936184779,-10.50808355170082,31.029813938212527,14.23999999999974
1425,-11.041683097736383,-10.066663921184224,31.368851639298683,14.24999999999974
1426,-10.944181180081168,-9.594019359928124,31.64387805760871,14.25999999999974
1427,-10.809164998065864,-9.099286549722923,31.850028170608407,14.26999999999974
1428,-10.63817715323157,-8.592137786792614,31.984250982865216,14.27999999999974
1429,-10.433573216587675,-8.082364731138117,32.045384462330894,14.28999999999974
1430,-10.19845236804272,-7.579462934056981,32.03412031852369,14.29999999999974
1431,-9.936553424644146,-7.0922504655622385,31.95286502711298,14.30999999999974
1432,-9.652123128735955,-6.628549415683461,31.805513882910134,14.31999999999974
1433,-9.349765757430706,-6.194951035867,31.597162597283404,14.329999999999739
1434,-9.034284285274335,-5.7966752487484206,31.33378500533027,14.339999999999739
1435,-8.710523381621744,-5.437524881419551,31.021905526254194,14.349999999999739
1436,-8.383223531601525,-5.1199258451704655,30.6682915883983,14.359999999999738
1437,-8.056893762958419,-4.8450377383884105,30.279685307627226,14.369999999999738
1438,-7.735708160501418,-4.612915537639229,29.862586576114364,14.379999999999738
1439,-7.4234288982151995,-4.422702120497954,29.423092617766844,14.389999999999738
1440,-7.123356220443475,-4.272832830657303,28.966792961921417,14.399999999999737
1441,-6.838303881464858,-4.161236395758891,28.498714252835292,14.409999999999737
1442,-6.570597132894261,-4.085520435692248,28.02330652939446,14.419999999999737
1443,-6.32208946317406,-4.043133853183156,27.54446144388868,14.429999999999737
1444,-6.09419390217497,-4.031502069707934,27.065553011365765,14.439999999999737
1445,-5.887924718928266,-4.04813406041126,26.589492484360875,14.449999999999736
1446,-5.703945653076565,-4.090702340482805,26.118790437442893,14.459999999999736
1447,-5.542621321817189,-4.157098488146714,25.655620797441355,14.469999999999736
1448,-5.4040690384501415,-4.24546756481051,25.201883136682547,14.479999999999736
1449,-5.288208891086178,-4.354225056232596,24.759260917911714,14.489999999999736
1450,-5.19481050760082,-4.482059857946167,24.32927447666233,14.499999999999735
1451,-5.123535442635355,-4.627926494558236,23.91332834040888,14.509999999999735
1452,-5.0739745478276435,-4.791029300515938,23.512753038872447,14.519999999999735
1453,-5.045680023096473,-4.97080077621656,23.128841898456326,14.529999999999735
1454,-5.038192098408482,-5.166875819677429,22.76288348291764,14.539999999999734
1455,-5.0510604705353765,-5.3790630520287435,22.41619038598807,14.549999999999734
1456,-5.083860728684713,-5.607314021671766,22.090125036534587,14.559999999999734
1457,-5.136206057983419,-5.851690693837037,21.786123071042134,14.569999999999734
1458,-5.207754521568781,-6.112331310159435,21.505714681058986,14.579999999999734
1459,-5.298212200427846,-6.389414434398569,21.25054416640884,14.589999999999733
1460,-5.4073324238249185,-6.6831207824923995,21.02238772373714,14.599999999999733
1461,-5.5349112596916665,-6.9935922656906255,20.82316927476591,14.609999999999733
1462,-5.680779360291562,-7.320887554933712,20.654973886542788,14.619999999999733
1463,-5.844790179755777,-7.6649334068456785,20.520058052112475,14.629999999999733
1464,-6.026804502464767,-8.025470985198785,20.42085577910428,14.639999999999732
1465,-6.226671150738169,-8.401996480500038,20.359979071674797,14.649999999999732
1466,-6.444203683714356,-8.793695494749421,20.340210987367467,14.659999999999732
1467,-6.679152864817863,-9.19937094551874,20.364489010044935,14.669999999999732
1468,-6.93117467288795,-9.61736468709262,20.435876017829905,14.679999999999731
1469,-7.199793674308417,-10.04547368589971,20.55751566941214,14.689999999999731
1470,-7.484361675467546,-10.480862465085773,20.732568630552873,14.699999999999731
1471,-7.784011754429368,-10.919974688640721,20.964125787333472,14.70999999999973
1472,-8.097608047850503,-11.358448217495141,21.255094546349085,14.71999999999973
1473,-8.423692064814967,-11.791039742154934,21.60805464208393,14.72999999999973
1474,-8.760426832548964,-12.21156713863547,22.02508073074744,14.73999999999973
1475,-9.105540863157614,-12.612879898135855,22.50753064888193,14.74999999999973
1476,-9.456274766655438,-12.98687014031696,23.055800764724165,14.75999999999973
1477,-9.80933430402159,-13.32453850361235,23.66905353505529,14.76999999999973
1478,-10.160854723980666,-13.61613013585086,24.344927300407893,14.77999999999973
1479,-10.506382265167685,-13.851355461553783,25.07924444119564,14.78999999999973
1480,-10.840879584806295,-14.019707650977367,25.865740943128447,14.799999999999729
1481,-11.158762391423402,-14.11088302885086,26.69584747589602,14.809999999999729
1482,-11.453974455166147,-14.115301479948865,27.558558118393282,14.819999999999729
1483,-11.720107157644419,-14.024711105503014,28.440426261019162,14.829999999999728
1484,-11.950567552430279,-13.832845564706131,29.32572606417366,14.839999999999728
1485,-12.138795353657864,-13.536085320199822,30.196810256095926,14.849999999999728
1486,-12.27852435031206,-13.134058165702172,31.034679678515616,14.859999999999728
1487,-12.36407773185107,-12.63010370076464,31.81975675048176,14.869999999999727
1488,-12.390680328742427,-12.0315249699598,32.53282574297818,14.879999999999727
1489,-12.354764792864165,-11.349561772588832,33.15607152086597,14.889999999999727
1490,-12.254244490836632,-10.599045645908099,33.674121275667055,14.899999999999727
1491,-12.088724606343778,-9.7977344956222,34.074977675460886,14.909999999999727
1492,-11.85962559527162,-8.965369829582647,34.35073274495178,14.919999999999726
1493,-11.570200018702723,-8.122543005179224,34.49797250010634,14.929999999999726
1494,-11.225434317350373,-7.28948915970483,34.517821039074555,14.939999999999726
1495,-10.831839801585819,-6.484940548444024,34.415622629058944,14.949999999999726
1496,-10.397149876271639,-5.725161177505631,34.200311063719575,14.959999999999726
1497,-9.929951006395038,-5.023253931640598,33.88355635697043,14.969999999999725
1498,-9.439281298919594,-4.388787128643387,33.47880150845661,14.979999999999725
1499,-8.934231881891973,-3.8277397711642838,33.00030343091453,14.989999999999725
1500,-8.423582670819204,-3.3427236701365373,32.46227448641469,14.999999999999725
1501,-7.915496770750938,-2.9334130530731577,31.87819092525463,15.009999999999724
1502,-7.4172883989831595,-2.59710084509034,31.2603000494033,15.019999999999724
1503,-6.935269643593878,-2.3293039793030035,30.619326507778656,15.029999999999724
1504,-6.47467307716479,-2.124353583349393,29.964354646021516,15.039999999999724
1505,-6.03964112778325,-1.9759245061099082,29.302850138319183,15.049999999999724
1506,-5.633269465615916,-1.8774777882615028,28.6407795504223,15.059999999999723
1507,-5.257690297880474,-1.822606171623037,27.982788812047563,15.069999999999723
1508,-4.914181885254731,-1.8052850208659321,27.332408098246955,15.079999999999723
1509,-4.6032921988158515,-1.8200388509606482,26.692258871766313,15.089999999999723
1510,-4.324966864030332,-1.8620376077877294,26.064247008294235,15.099999999999723
1511,-4.078673938406071,-1.9271379071706025,25.449732930938993,15.109999999999722
1512,-3.8635203352825243,-2.01188360640444,24.849675057690863,15.119999999999722
1513,-3.678356662394716,-2.113478215113987,24.26474658840809,15.129999999999722
1514,-3.521868817666643,-2.229739375685464,23.695427946117782,15.139999999999722
1515,-3.392655873468525,-2.3590433628282796,23.142078363342144,15.149999999999721
1516,-3.2892946224045003,-2.500265492934568,22.60499049685968,15.159999999999721
1517,-3.210391709457507,-2.6527205954702286,22.08443184868169,15.169999999999721
1518,-3.154624598058779,-2.816106299012758,21.580676388122225,15.17999999999972
1519,-3.120772768154177,-2.9904507977119223,21.094029266455106,15.18999999999972
1520,-3.1077405711099515,-3.1760659437639696,20.62484699348968,15.19999999999972
1521,-3.114573108375353,-3.3735059064910864,20.173554963562847,15.20999999999972
1522,-3.1404663881869266,-3.5835311998728248,19.740663805640864,15.21999999999972
1523,-3.184772869355516,-3.8070775649453026,19.326785696999305,15.22999999999972
1524,-3.247003338914495,-4.045228965318878,18.932651518483024,15.23999999999972
1525,-3.3268259015549333,-4.299193783611559,18.559129530894115,15.24999999999972
1526,-3.424062689760596,-4.570283169873909,18.2072461024215,15.25999999999972
1527,-3.538684737771927,-4.859890370682232,17.87820890052632,15.269999999999719
1528,-3.6708053010629573,-5.169469743801642,17.573432861998732,15.279999999999719
1529,-3.820671745336826,-5.500514025584264,17.294569155071084,15.289999999999718
1530,-3.9886559733615696,-5.854528256837194,17.043537229492976,15.299999999999718
1531,-4.175243201709132,-6.232998581033788,16.822559894401643,15.309999999999718
1532,-4.381018739641598,-6.637353903357555,16.63420114673484,15.319999999999718
1533,-4.606652256013193,-7.068918141995496,16.481406167811002,15.329999999999718
1534,-4.852878844611424,-7.528850523207073,16.367542480400004,15.339999999999717
1535,-5.120476012470989,-8.01807108805208,16.296440675205805,15.349999999999717
1536,-5.410235520029098,-8.537168325002957,16.27243233059356,15.359999999999717
1537,-5.722928800526484,-9.086285673438603,16.300381714901715,15.369999999999717
1538,-6.059264487817695,-9.66498364109377,16.38570652887433,15.379999999999717
1539,-6.419836403145303,-10.272074564489678,16.5343812762892,15.389999999999716
1540,-6.80506021927974,-10.90542778351541,16.75291482450416,15.399999999999716
1541,-7.215096975703307,-11.561744424786433,17.048291357022336,15.409999999999716
1542,-7.64976172061162,-12.236303379625888,17.42786132649972,15.419999999999716
1543,-8.108415886513047,-12.922683763125029,17.899166409745586,15.429999999999715
1544,-8.589842674174244,-13.612474520996214,18.469680248698776,15.439999999999715
1545,-9.092105858856442,-14.29498924876878,19.146445587482436,15.449999999999715
1546,-9.612394197847676,-14.957013895738646,19.935589260159777,15.459999999999715
1547,-10.146856167636773,-15.582626706828266,20.841700682440766,15.469999999999715
1548,-10.690433221555923,-16.153142775561644,21.8670687166573,15.479999999999714
1549,-11.236704176956495,-16.64724827117569,23.010787825817108,15.489999999999714
1550,-11.777758586378415,-17.041398801237566,24.267768858964168,15.499999999999714
1551,-12.304122607864329,-17.310557986902026,25.627723166610203,15.509999999999714
1552,-12.804766145768099,-17.429340257211248,27.074229494314473,15.519999999999714
1553,-13.267223556912414,-17.37358960293866,28.58403630181887,15.529999999999713
1554,-13.677860161515039,-17.122368305093442,30.12678830625273,15.539999999999713
1555,-14.022310975872879,-16.660245491581804,31.665380877862912,15.549999999999713
1556,-14.286104427443771,-15.97967193152187,33.157122153293344,15.559999999999713
1557,-14.45546117785158,-15.083123355936326,34.55580484850566,15.569999999999713
1558,-14.518227395660055,-13.984620297605517,35.814651760337014,15.579999999999712
1559,-14.464866685854602,-12.710225181884782,36.88991335528736,15.589999999999712
1560,-14.28940253545762,-11.297208814735633,37.74469946051126,15.599999999999712
1561,-13.99018316338542,-9.791777394805257,38.352477784373065,15.609999999999712
1562,-13.570342586527405,-8.245529016874627,38.699632635940674,15.619999999999711
1563,-13.037861229562127,-6.711096922508839,38.786588967977,15.629999999999711
1564,-12.405184798856798,-5.23764545223565,38.627263432569066,15.639999999999711
1565,-11.688430864194682,-3.866937329841769,38.24694267182598,15.64999999999971
1566,-10.90628151075939,-2.6305611466533083,37.67900849693758,15.65999999999971
1567,-10.078709474348782,-1.5486356210604424,36.961131340985915,15.66999999999971
1568,-9.225702089019949,-0.6299828713770523,36.13158365695592,15.67999999999971
1569,-8.366130167255658,0.12651264064690482,35.2261951023622,15.68999999999971
1570,-7.516865886465402,0.7298004026439104,34.276245687437985,15.69999999999971
1571,-6.692199257554471,1.1942793696472536,33.30735435160068,15.70999999999971
1572,-5.903551394834298,1.5375153044643866,32.33923468044934,15.71999999999971
1573,-5.1594447249044295,1.778309100922543,31.38608708276819,15.729999999999709
1574,-4.465669342321732,1.935229301285871,30.457373885460992,15.739999999999709
1575,-3.8255794779609715,2.0256152005022643,29.558756306904215,15.749999999999709
1576,-3.240460010114648,2.064990509885592,28.693031285973895,15.759999999999708
1577,-2.709914958114624,2.0667980064663034,27.860968593329087,15.769999999999708
1578,-2.2322436616565313,2.042362393515788,27.062000962509067,15.779999999999708
1579,-1.8047830561392995,2.0010003455198397,26.294757098431514,15.789999999999708
1580,-1.4242047159733855,1.9502144071111152,25.557449860617442,15.799999999999708
1581,-1.0867628036649355,1.895925348764903,24.84814281877664,15.809999999999707
1582,-0.7884939884219516,1.8427128838070763,24.164921465466964,15.819999999999707
1583,-0.5253733011990489,1.7940463912729518,23.505993879408482,15.829999999999707
1584,-0.2934313319518489,1.7524956190483834,22.869741935206715,15.839999999999707
1585,-0.08883863685182566,1.7199168782858094,22.254739779030498,15.849999999999707
1586,0.09203691466193784,1.6976136986390518,21.65975210088003,15.859999999999706
1587,0.25259459305964926,1.6864729302009296,21.083721142794335,15.869999999999706
1588,0.39598242677377726,1.6870783473331494,20.52574851842159,15.879999999999706
1589,0.5250920188297145,1.699804286259747,19.985075758378358,15.889999999999706
1590,0.6425632455727177,1.724891970905153,19.461065941464476,15.899999999999705
1591,0.7507961181059613,1.7625111030199414,18.953187704856294,15.909999999999705
1592,0.8519676165973593,1.8128091075140138,18.461002231002787,15.919999999999705
1593,0.9480517656890247,1.8759501883786744,17.984153384722795,15.929999999999705
1594,1.0408416079579896,1.9521460971797278,17.522360940014558,15.939999999999705
1595,1.1319720568801634,2.0416802630759174,17.075416730441745,15.949999999999704
1596,1.2229428774997388,2.144926690387163,16.643183534365487,15.959999999999704
1597,1.3151412587884812,2.2623648015604862,16.225596534970087,15.969999999999704
1598,1.4098636130656816,2.3945911914897104,15.822667253633849,15.979999999999704
1599,1.5083363709080846,2.5423290630077617,15.434489930094102,15.989999999999704
1600,1.6117356401180523,2.7064359309521926,15.061250405883772,15.999999999999703
1601,1.7212056692014663,2.8879100102366717,14.703237654202988,16.009999999999703
1602,1.8378761033049869,3.087895537450409,14.360858187575205,16.019999999999705
1603,1.962878046719529,3.307687110142339,14.03465366341769,16.029999999999706
1604,2.09735895306181,3.54873295643004,13.725322096532373,16.039999999999708
1605,2.242496353398633,3.8126368618948536,13.43374317567345,16.04999999999971
1606,2.399510404248255,4.101158271388107,13.161008266918483,16.05999999999971
1607,2.5696751909622404,4.416209839195056,12.908455765883968,16.069999999999713
1608,2.754328655785522,4.7598514089202775,12.677712527412357,16.079999999999714
1609,2.9548809310989976,5.134279049410392,12.470742144676729,16.089999999999716
1610,3.172820742930137,5.541807338024428,12.289900853399121,16.099999999999717
1611,3.409719402439566,5.984842549102427,12.138001776729208,16.10999999999972
1612,3.667231717105852,6.465843754644887,12.018388066951967,16.11999999999972
1613,3.9470929208597556,6.987268058811949,11.93501519144876,16.129999999999722
1614,4.251110434654975,7.551495256339351,11.892542082587655,16.139999999999723
1615,4.5811489168234125,8.160726128060732,11.896430029866702,16.149999999999725
1616,4.939106637947145,8.816847388036788,11.953046912357502,16.159999999999727
1617,5.326880712956109,9.521255039296435,12.069772489294829,16.169999999999728
1618,5.746318145590142,10.274626705701252,12.255097787899944,16.17999999999973
1619,6.199149001601253,11.076632611463568,12.518707919003974,16.18999999999973
1620,6.686897362587485,11.925574648822971,12.871532667775117,16.199999999999733
1621,7.210765091211034,12.817943985373196,13.325742733299993,16.209999999999734
1622,7.77148298062725,13.747890765901166,13.894661424053602,16.219999999999736
1623,8.369123759154641,14.70660584503168,14.592552110479406,16.229999999999738
1624,9.002871967742346,15.681625693399509,15.43423143147506,16.23999999999974
1625,9.670747340308061,16.656089492452622,16.434448610273073,16.24999999999974
1626,10.369281555522518,17.608003850942076,17.60696497892315,16.259999999999742
1627,11.093153785064473,18.509606875932175,18.963269408429962,16.269999999999744
1628,11.834799094151244,19.326969228837683,20.510881379963187,16.279999999999745
1629,12.584016107619888,20.020021679153334,22.25123252238554,16.289999999999747
1630,13.327616664773233,20.543247287734417,24.17718907464224,16.29999999999975
1631,14.049179727069351,20.847304400807825,26.270389281657447,16.30999999999975
1632,14.7289921944432,20.88182747519835,28.498720830998646,16.31999999999975
1633,15.344275722518715,20.599552648176513,30.814437681051075,16.329999999999753
1634,15.869803415084494,19.96170204387581,33.153571498831326,16.339999999999755
1635,16.278993277963625,18.944223357716698,35.437359131530485,16.349999999999756
1636,16.545516285938934,17.54405393105967,37.57629173498812,16.359999999999758
1637,16.645370050451007,15.784166483147589,39.477011589099156,16.36999999999976
1638,16.559249693720666,13.715933768577411,41.051624200555686,16.37999999999976
1639,16.27491810120634,11.417523390435548,42.228169942438285,16.389999999999763
1640,15.78917863012926,8.987725151098903,42.96027799161939,16.399999999999764
1641,15.109033282226225,6.535742883927213,43.2337585574016,16.409999999999766
1642,14.251704242396324,4.168711804516147,43.06834589677752,16.419999999999767
1643,13.243404998608305,1.9795285950409913,42.51396914996096,16.42999999999977
1644,12.117017358251573,0.037589593188184445,41.64242029486654,16.43999999999977
1645,10.909074581745234,-1.6158407379583117,40.536510491201604,16.449999999999772
1646,9.656583049774879,-2.967299610012227,39.279263606876796,16.459999999999773
1647,8.394194783796168,-4.026818071513196,37.9452768261836,16.469999999999775
1648,7.1520934982652316,-4.821375799375657,36.59538382497345,16.479999999999777
1649,5.954746568501142,-5.387911929078768,35.27467761790008,16.489999999999778
1650,4.820480718743151,-5.767221425609406,34.01318304737873,16.49999999999978
1651,3.7617105043078953,-5.999413540734935,32.82815703595324,16.50999999999978
1652,2.7855980998036123,-6.1210406957135195,31.72705894563579,16.519999999999783
1653,1.894934220251899,-6.163651171924576,30.710496447110835,16.529999999999784
1654,1.0890756810342515,-6.153376784920345,29.774752739914124,16.539999999999786
1655,0.3648304344387918,-6.111171417560036,28.91374440338944,16.549999999999788
1656,-0.282769750761091,-6.053393321060981,28.120415806067072,16.55999999999979
1657,-0.8598321077910801,-5.992518888375678,27.387655216445168,16.56999999999979
1658,-1.37310078584954,-5.937858836551309,26.708843345474328,16.579999999999792
1659,-1.829576590919717,-5.896209130355637,26.078140309275668,16.589999999999794
1660,-2.236239844863309,-5.872408934063896,25.490598896362307,16.599999999999795
1661,-2.5998567537833677,-5.869801072070242,24.942170740896163,16.609999999999797
1662,-2.926851185612055,-5.890602241861514,24.429652607411466,16.6199999999998
1663,-3.223226291237001,-5.936194974433346,23.950604366102773,16.6299999999998
1664,-3.4945231595566355,-6.007354209396992,23.503258580121724,16.6399999999998
1665,-3.745806264540671,-6.104420337646044,23.086433402109122,16.649999999999803
1666,-3.9816676718512083,-6.227428819705758,22.699454937474318,16.659999999999805
1667,-4.206243786636663,-6.376204620695191,22.34209165924344,16.669999999999806
1668,-4.423239870042516,-6.550427992524909,22.014501259011514,16.679999999999808
1669,-4.635958682290755,-6.749676679331956,21.717189034728328,16.68999999999981
1670,-4.8473304819948755,-6.973448432975064,21.450976215844282,16.69999999999981
1671,-5.059942277092894,-7.221166774807788,21.216976274959563,16.709999999999813
1672,-5.276064726864384,-7.4921721921882725,21.016577111498528,16.719999999999814
1673,-5.4976754733967725,-7.78570038201439,20.85142690949989,16.729999999999816
1674,-5.726477964258534,-8.100848727688513,20.723421398914056,16.739999999999817
1675,-5.963915040601532,-8.436531910554766,20.63469014558535,16.74999999999982
1676,-6.211176727596856,-8.79142741364356,20.587579337221797,16.75999999999982
1677,-6.469201796201526,-9.163911686665186,20.584628315102346,16.769999999999822
1678,-6.738672785247892,-9.551987928032952,20.62853683280235,16.779999999999824
1679,-7.020004299526398,-9.953206831075143,20.722119728217475,16.789999999999825
1680,-7.313324552681272,-10.364582270757907,20.868245416280573,16.799999999999827
1681,-7.618450324488935,-10.782504807058453,21.069754411836612,16.809999999999828
1682,-7.9348557727458875,-11.202657076487183,21.329354066649017,16.81999999999983
1683,-8.261635903120016,-11.619936639644251,21.649485973272945,16.82999999999983
1684,-8.59746597677244,-12.028393620112563,22.032163204659646,16.839999999999833
1685,-8.940558741106452,-12.421192421940132,22.478775901576835,16.849999999999834
1686,-9.28862210918982,-12.790608781468379,22.989865882364207,16.859999999999836
1687,-9.638820776417676,-13.128075119004475,23.564874107343275,16.869999999999838
1688,-9.987746210676356,-13.424288203816106,24.20186909659511,16.87999999999984
1689,-10.33140040999033,-13.669392997159294,24.897269757072824,16.88999999999984
1690,-10.665199668707226,-13.853254552226375,25.645582287702588,16.899999999999842
1691,-10.98400515705914,-13.965825356756039,26.43917735197307,16.909999999999844
1692,-11.282187177028831,-13.997607943340304,27.268139599999078,16.919999999999845
1693,-11.553729253659979,-13.940201724109556,28.12022553914008,16.929999999999847
1694,-11.792376500704936,-13.786909173582464,28.980966022714004,16.93999999999985
1695,-11.991829767992689,-13.533360875104213,29.833944499667368,16.94999999999985
1696,-12.145982878703842,-13.178103763913596,30.661270244373526,16.95999999999985
1697,-12.249194967224817,-12.72308529803681,31.444246598093002,16.969999999999853
1698,-12.296584000306016,-12.173961964104024,32.164208879480036,16.979999999999855
1699,-12.284321796685816,-11.540166901649519,32.803478101775255,16.989999999999856
1700,-12.209906307182187,-10.834690525177615,33.34634992380117,16.999999999999858
1701,-12.07238472898173,-10.07355930337561,33.78001948763047,17.00999999999986
1702,-11.872502186421118,-9.275037520384986,34.09533780296596,17.01999999999986
1703,-11.612755719817505,-8.45861803125425,34.28730782728595,17.029999999999863
1704,-11.29734195096118,-7.643902151606025,34.355258267800316,17.039999999999864
1705,-10.931997971025664,-6.84948787170983,34.302675811789456,17.049999999999866
1706,-10.523746961094082,-6.091984601127583,34.1367236653027,17.059999999999867
1707,-10.080570725097433,-5.385251484878273,33.86751607855945,17.06999999999987
1708,-9.611038801075516,-4.739919861923842,33.507246401122046,17.07999999999987
1709,-9.123926907160348,-4.163217074821929,33.069275367494846,17.089999999999872
1710,-8.627855923926505,-3.6590679248207953,32.56727690725482,17.099999999999874
1711,-8.130977124015935,-3.228419174367875,32.01451529844017,17.109999999999875
1712,-7.640721329051129,-2.8697156620679056,31.423296915016966,17.119999999999877
1713,-7.1636207623528065,-2.5794539279047757,30.80460930729126,17.129999999999878
1714,-6.705204078908004,-2.352747813985732,30.167935356231535,17.13999999999988
1715,-6.269958452415777,-2.183855845911749,29.52121362245515,17.14999999999988
1716,-5.861348191765374,-2.0666378253522044,28.870908113389,17.159999999999883
1717,-5.481877155124057,-1.9949244901426182,28.222150069171914,17.169999999999884
1718,-5.133181888625913,-1.9627972513491647,27.578918710547764,17.179999999999886
1719,-4.816143424898238,-1.9647841473222278,26.944234831283193,17.189999999999888
1720,-4.531007497140637,-1.9959834706045259,26.320348724973677,17.19999999999989
1721,-4.277505094487026,-2.0521287610957417,25.708910919669158,17.20999999999989
1722,-4.054967461147897,-2.1296089256151722,25.111119874112617,17.219999999999892
1723,-3.862431607594625,-2.2254559854553224,24.527844959786343,17.229999999999894
1724,-3.6987340453806947,-2.3373110393386716,23.959725809587372,17.239999999999895
1725,-3.5625917447764923,-2.4633769259528058,23.407250707156837,17.249999999999897
1726,-3.4526702628941237,-2.602364063858389,22.870817417972713,17.2599999999999
1727,-3.36763964299055,-2.7534341849590063,22.35078000365852,17.2699999999999
1728,-3.306219097187396,-2.9161452152259613,21.847484944717294,17.2799999999999
1729,-3.2672117089912525,-3.090399390788788,21.361299496199017,17.289999999999903
1730,-3.249530477171006,-3.2763957970659474,20.89263473371749,17.299999999999905
1731,-3.2522170091605,-3.4745878395470045,20.441965287463432,17.309999999999906
1732,-3.27445409219915,-3.6856456516309035,20.009847349847043,17.319999999999908
1733,-3.3155732481423255,-3.910423075540487,19.596936195381577,17.32999999999991
1734,-3.3750582308821415,-4.149928580315342,19.204004171553205,17.33999999999991
1735,-3.4525452658254614,-4.405299275708232,18.831959899770784,17.349999999999913
1736,-3.5478206668137386,-4.677777017400593,18.48186925403247,17.359999999999914
1737,-3.660816301872424,-4.968685456926376,18.154978547029074,17.369999999999916
1738,-3.791603217377819,-5.279406752630309,17.85274023297089,17.379999999999917
1739,-3.940383570903068,-5.611356512906367,17.57684131638286,17.38999999999992
1740,-4.107480865103398,-5.96595538011571,17.329234518085347,17.39999999999992
1741,-4.2933283166046285,-6.344595476644256,17.11217207326193,17.409999999999922
1742,-4.498455032608591,-6.748599721319645,16.928241798814398,17.419999999999924
1743,-4.723469501479697,-7.179171788105937,16.78040474130699,17.429999999999925
1744,-4.96903973014232,-7.637334230458704,16.672033271408825,17.439999999999927
1745,-5.2358691801739585,-8.123852055515115,16.606947889739843,17.44999999999993
1746,-5.524667467708074,-8.639138839082236,16.589450212031092,17.45999999999993
1747,-5.83611460484549,-9.183142382713964,16.624348565976504,17.46999999999993
1748,-6.170817382632338,-9.755207013624185,16.716971317998457,17.479999999999933
1749,-6.529256345731523,-10.353910038684287,16.873161426293656,17.489999999999934
1750,-6.911721715026799,-10.976870751950468,17.099243783157952,17.499999999999936
1751,-7.318236618719165,-11.620531978972569,17.401954708333392,17.509999999999938
1752,-7.748466154744506,-12.279916690586031,17.788320609352976,17.51999999999994
1753,-8.201611208328659,-12.948366045095476,18.26547058170444,17.52999999999994
1754,-8.676286692005341,-13.617270640493501,18.840366007042295,17.539999999999942
1755,-9.170385086854157,-14.275814039255954,19.51942968724999,17.549999999999944
1756,-9.680927982094337,-14.910756854104003,20.308058683939617,17.559999999999945
1757,-10.203910869295303,-15.506300584795728,21.2100100849989,17.569999999999947
1758,-10.734149840845346,-16.044082097908625,22.226658906863168,17.57999999999995
1759,-11.265143066551673,-16.503360360689946,23.356143815657905,17.58999999999995
1760,-11.7889647959655,-16.86146380005409,24.59244046932733,17.59999999999995
1761,-12.296214696374358,-17.094565155526116,25.924434088284777,17.609999999999953
1762,-12.776049742289533,-17.17883554464012,27.335100278865607,17.619999999999955
1763,-13.216328322524593,-17.091995108302193,28.80094084575853,17.629999999999956
1764,-13.603895001102353,-16.815220185374518,30.291849946921364,17.639999999999958
1765,-13.92502751952957,-16.33528712315877,31.771592179892647,17.64999999999996
1766,-14.16605347989249,-15.646739002952708,33.19904294905621,17.65999999999996
1767,-14.314122032198512,-14.7537724083173,34.53026055209885,17.669999999999963
1768,-14.35808706981039,-13.671485219786176,35.72132659092225,17.679999999999964
1769,-14.289426884807968,-12.426135572719273,36.73172163342415,17.689999999999966
1770,-14.103097753599098,-11.054161238398976,37.527832613803675,17.699999999999967
1771,-13.798204102079085,-9.599900078690958,38.08606957606078,17.70999999999997
1772,-13.378373699740273,-8.112204611921479,38.39505486048592,17.71999999999997
1773,-12.851756790958394,-6.640393280273442,38.45646777914338,17.729999999999972
1774,-12.230620439889899,-5.230149539570272,38.28436916604345,17.739999999999974
1775,-11.530573349857937,-3.920005886838725,37.90313239357244,17.749999999999975
1776,-10.769516603556015,-2.738917883395926,37.3443813505112,17.759999999999977
1777,-9.966456731540006,-1.7051840035190717,36.64349939737432,17.76999999999998
1778,-9.140329458737913,-0.8266815359536481,35.83628583934821,17.77999999999998
1779,-8.308964666459486,-0.10215237754926021,34.95621296625964,17.78999999999998
1780,-7.488283437568463,0.47685842371641973,34.0325350921159,17.799999999999983
1781,-6.691769251439975,0.9238231656476759,33.089292312629006,17.809999999999985
1782,-5.93021000973121,1.2551486320836054,32.14509106975574,17.819999999999986
1783,-5.211674145549729,1.488409751293899,31.213455691412097,17.829999999999988
1784,-4.541665755865366,1.6410004932289803,30.303525806786418,17.83999999999999
1785,-3.9233991309559313,1.7292089310410308,29.420903027817552,17.84999999999999
1786,-3.358138324756235,1.7676645387757408,28.568501845569543,17.859999999999992
1787,-2.8455580384030377,1.7690789717410007,27.747314509357935,17.869999999999994
1788,-2.3840943373886336,1.7441978697327472,26.95704595355565,17.879999999999995
1789,-1.9712651166764956,1.7018908826725743,26.196608072149015,17.889999999999997
1790,-1.6039495167415887,1.6493223378551622,25.464483075597688,17.9
1791,-1.2786223312819136,1.5921607030207585,24.75897589591421,17.91
1792,-0.9915440278516463,1.5347986380334806,24.078378816391115,17.92
1793,-0.7389097612631336,1.4805660510121068,23.421070510385718,17.930000000000003
1794,-0.5169621800356096,1.4319262335418697,22.78556858303589,17.940000000000005
1795,-0.3220733386778617,1.3906503328768516,22.17055090374818,17.950000000000006
1796,-0.1508009715223904,1.3579687282172583,21.57485729902513,17.960000000000008
1797,7.599845157449381e-05,1.3346998633203158,20.997479941016003,17.97000000000001
1798,0.1335383849384486,1.3213581864939286,20.43754815694014,17.98000000000001
1799,0.2523203650939966,1.3182433806819593,19.894311393136565,17.990000000000013
1800,0.35891266665279287,1.32551324996136,19.367122619163887,18.000000000000014
1801,0.4555727249836496,1.3432426078781712,18.855423450938456,18.010000000000016
1802,0.5443397132731017,1.371470378372165,18.358731605865284,18.020000000000017
1803,0.627052779783008,1.4102369273209663,17.876630887634132,18.03000000000002
1804,0.7053711945368039,1.4596134254745412,17.408763660484848,18.04000000000002
1805,0.7807954176305776,1.51972482150405,16.954825655526808,18.050000000000022
1806,0.8546883580179249,1.5907677884399642,16.514562913146325,18.060000000000024
1807,0.9282963010601288,1.673024804204376,16.087770675886652,18.070000000000025
1808,1.0027691513745536,1.7668753403518764,15.674294085236255,18.080000000000027
1809,1.0791797702722858,1.8728049635507573,15.274030590486248,18.09000000000003
1810,1.158542289600133,1.9914130013537616,14.886934040376577,18.10000000000003
1811,1.2418293607754958,2.1234192859456207,14.51302049441448,18.11000000000003
1812,1.3299883532925083,2.269670364468299,14.15237585870867,18.120000000000033
1813,1.4239565544100874,2.4311454491105127,13.805165520648664,18.130000000000035
1814,1.52467544388013,2.6089622705757938,13.471646228401218,18.140000000000036
1815,1.6331041265496964,2.8043828902256354,13.152180536056752,18.150000000000038
1816,1.7502320029172902,3.018819413691685,12.847254214466433,18.16000000000004
1817,1.8770907439947297,3.2538394256138776,12.55749711223604,18.17000000000004
1818,2.0147656121566446,3.511170823705075,12.283708041259063,18.180000000000042
1819,2.1644061333114877,3.792705561358877,12.026884355832241,18.190000000000044
1820,2.3272360761162267,4.100501600428592,11.788256991465213,18.200000000000045
1821,2.5045626285474634,4.436782116286177,11.569331824239704,18.210000000000047
1822,2.6977845773213347,4.803930669874049,11.371938295721225,18.22000000000005
1823,2.908399186576606,5.204480647340816,11.198286308552397,18.23000000000005
1824,3.138007332653027,5.6410967452004,11.051032413137131,18.24000000000005
1825,3.388316273907764,6.1165456234331375,10.933356244959914,18.250000000000053
1826,3.6611392088603014,6.633652034960693,10.849047989187428,18.260000000000055
1827,3.9583904914703405,7.195235743371759,10.802607278440401,18.270000000000056
1828,4.282075016660483,7.804023344209069,10.799353278519828,18.280000000000058
1829,4.634269849415341,8.46252770673151,10.845544658342694,18.29000000000006
1830,5.017095635146958,9.17288618139404,10.9485065041317,18.30000000000006
1831,5.432674689771667,9.936647055488676,11.116758802911907,18.310000000000063
1832,5.8830719263433675,10.754492156261097,11.360137611096397,18.320000000000064
1833,6.370213949335141,11.625882307482243,11.689895116999622,18.330000000000066
1834,6.895780785149851,12.548612060815502,12.118758157030818,18.340000000000067
1835,7.4610639127164164,13.518261563657994,12.660916052136042,18.35000000000007
1836,8.066783677810575,14.527537804996769,13.331897759231781,18.36000000000007
1837,8.712859090529195,15.565506504349658,14.148285534093507,18.370000000000072
1838,9.39812383191124,16.616731802343043,15.127198568302155,18.380000000000074
1839,10.11998462895442,17.66036630350662,16.285467638081542,18.390000000000075
1840,10.87402279640964,18.669271514851594,17.63841485639795,18.400000000000077
1841,11.653547668253836,19.60929993028776,19.198157967342578,18.41000000000008
1842,12.44912289445723,20.438933787945018,20.971386203000392,18.42000000000008
1843,13.248103983806008,21.109545219430824,22.956617223165065,18.43000000000008
1844,14.034248107368489,21.566602361812972,25.141055265059407,18.440000000000083
1845,14.787483532812937,21.752167735548955,27.497337608444248,18.450000000000085
1846,15.483951953086539,21.608977176570416,29.98067349414322,18.460000000000086
1847,16.096454475434925,21.086200872624055,32.52711251120633,18.470000000000088
1848,16.595429115153838,20.146634259479768,35.05385356830152,18.48000000000009
1849,16.95054962958643,18.774550648070743,37.46250454743474,18.49000000000009
1850,17.132949731434863,16.982858612075237,39.645893951502885,18.500000000000092
1851,17.1179406194989,14.817744869467283,41.49833474176365,18.510000000000094
1852,16.887921044495737,12.358930495056319,42.92820524988754,18.520000000000095
1853,16.435021989551796,9.71427767414448,43.87061953383976,18.530000000000097
1854,15.762947558011064,7.008795087138369,44.297280018142466,18.5400000000001
1855,14.887532310923794,4.369775433624971,44.22081191169274,18.5500000000001
1856,13.83575662319391,1.9111990648412895,43.69214199031,18.5600000000001
1857,12.643300867358649,-0.27903950055243154,42.79144705509793,18.570000000000103
1858,11.351066830567541,-2.1463762593589997,41.615061996701705,18.580000000000105
1859,10.001322521574886,-3.670367283034224,40.261690406487716,18.590000000000106
1860,8.634153541113974,-4.859994814353725,38.82096005927876,18.600000000000108
1861,7.284738705567205,-5.745693172350934,37.366115043336514,18.61000000000011
1862,5.981695517775391,-6.3705332483973125,35.95112657441816,18.62000000000011
1863,4.74647264115812,-6.782440097827958,34.611363963989234,18.630000000000113
1864,3.593581367259512,-7.028422278607815,33.36646759463651,18.640000000000114
1865,2.5313810026727794,-7.150986435382614,32.22412305202984,18.650000000000116
1866,1.56314425886724,-7.186405219497393,31.183794391846728,18.660000000000117
1867,0.6881893110307766,-7.164308466552709,30.239892660789973,18.67000000000012
1868,-0.09706046672757196,-7.108080083757301,29.38419151809282,18.68000000000012
1869,-0.7981624284305449,-7.035655780171863,28.607512213315008,18.690000000000122
1870,-1.4219117636046767,-6.960450288135338,27.900801181990975,18.700000000000124
1871,-1.9757656160577428,-6.892256304916612,27.255751278584736,18.710000000000125
1872,-2.4674146849436296,-6.838038352203117,26.665106074732257,18.720000000000127
1873,-2.9044770516695784,-6.802595337421563,26.122759341870402,18.73000000000013
1874,-3.294288880244777,-6.789093408167332,25.623732246580545,18.74000000000013
1875,-3.6437693330370324,-6.799483598451398,25.16408506921975,18.75000000000013
1876,-3.959340759578469,-6.834822961025673,24.74080029887248,18.760000000000133
1877,-4.24688897972319,-6.895517553618218,24.3516595555768,18.770000000000135
1878,-4.511751837112692,-6.981503346359029,23.995126942507575,18.780000000000136
1879,-4.758726988037326,-7.092378246640884,23.67024499619481,18.790000000000138
1880,-4.992092113897682,-7.227495684056449,23.376545380679538,18.80000000000014
1881,-5.215632470913558,-7.386027840656619,23.11397407927083,18.81000000000014
1882,-5.432672007887865,-7.5670047167088565,22.882829503524942,18.820000000000142
1883,-5.646105278769964,-7.7693337586996645,22.683711263844472,18.830000000000144
1884,-5.858428126762934,-7.991803680079398,22.517477060283817,18.840000000000146
1885,-6.071765682094581,-8.233075309235167,22.385205079972362,18.850000000000147
1886,-6.287896644808639,-8.491661747217043,22.28815931904691,18.86000000000015
1887,-6.50827315504948,-8.765899768279336,22.227755317964082,18.87000000000015
1888,-6.734035816372465,-9.053914221681257,22.205523877569174,18.88000000000015
1889,-6.966023656903344,-9.353577176920087,22.223070400638985,18.890000000000153
1890,-7.204779008905018,-9.662463687685026,22.282027588866242,18.900000000000155
1891,-7.4505474767830195,-9.97780632682052,22.383999342009876,18.910000000000156
1892,-7.70327336178677,-10.296451058872316,22.530493890410835,18.920000000000158
1893,-7.962591131495325,-10.614817555444874,22.722844491627402,18.93000000000016
1894,-8.22781377389028,-10.928867696395319,22.962116493144933,18.94000000000016
1895,-8.497919166140782,-11.234086692520933,23.249000268315328,18.950000000000163
1896,-8.771535918778797,-11.525481942377851,23.583690534011527,18.960000000000164
1897,-9.046930521138702,-11.79760529404768,23.965753908159257,18.970000000000166
1898,-9.3219979984296,-12.044604682087789,24.393988291385686,18.980000000000167
1899,-9.594258666795419,-12.260310974567075,24.866279744331717,18.99000000000017
1900,-9.860863897572585,-12.438365092043982,25.379464899403008,19.00000000000017
1901,-10.118614017019725,-12.572388840781528,25.929209421561897,19.010000000000172
1902,-10.363991499395905,-12.656200258106674,26.509915336504456,19.020000000000174
1903,-10.593212375266981,-12.684070503384088,27.114671779761036,19.030000000000175
1904,-10.802298188078693,-12.651014496938332,27.735264391886147,19.040000000000177
1905,-10.987169818964656,-12.55310188176743,28.362257651212193,19.05000000000018
1906,-11.143763025244933,-12.387768999628879,28.985161401810636,19.06000000000018
1907,-11.268163622683328,-12.154107257598632,29.592687385862416,19.07000000000018
1908,-11.356757986174859,-11.85309956438583,30.173093748235395,19.080000000000183
1909,-11.406392143995957,-11.487775570942183,30.714605746336762,19.090000000000185
1910,-11.41453048669058,-11.063259238642143,31.20589032334495,19.100000000000186
1911,-11.379403361885737,-10.586689317927648,31.636552346672172,19.110000000000188
1912,-11.300131957489928,-10.067004464754424,31.99761303091757,19.12000000000019
1913,-11.176819208216378,-9.514598872463383,32.281928138776756,19.13000000000019
1914,-11.010597174641077,-8.940869517041927,32.484506236104934,19.140000000000192
1915,-10.803624408881163,-8.357689904942335,32.60269586290723,19.150000000000194
1916,-10.55903095848728,-7.776855032181302,32.63622406648532,19.160000000000196
1917,-10.280813365856682,-7.209546147374466,32.58708528849041,19.170000000000197
1918,-9.97368664400846,-6.665861008458354,32.45929633140088,19.1800000000002
1919,-9.64290408045345,-6.1544461557520815,32.25854718500563,19.1900000000002
1920,-9.294058287983313,-5.682254073923618,31.991786599554477,19.200000000000202
1921,-8.932877866577345,-5.254432559889882,31.666784295934793,19.210000000000203
1922,-8.565033335908598,-4.87433887150429,31.291708757866502,19.220000000000205
1923,-8.195963889468167,-4.543659530356958,30.874751940239555,19.230000000000206
1924,-7.8307334535570465,-4.262609304119569,30.423821916201604,19.240000000000208
1925,-7.473921038613299,-4.030180177431727,29.946313571208353,19.25000000000021
1926,-7.129546952495142,-3.8444124361814827,29.448957693484555,19.26000000000021
1927,-6.801033500863776,-3.702664192740896,28.937741344676756,19.270000000000213
1928,-6.491196570051487,-3.601861447810571,28.417887674324838,19.280000000000214
1929,-6.202263057827396,-3.5387169229500235,27.89388124310113,19.290000000000216
1930,-5.935908444339659,-3.5099115181770877,27.369524942384984,19.300000000000217
1931,-5.693308751723402,-3.512236825179742,26.84801607811771,19.31000000000022
1932,-5.475201559069036,-3.5427004583709154,26.33203146925045,19.32000000000022
1933,-5.281951448999224,-3.5985980927875865,25.82381395413364,19.330000000000222
1934,-5.11361611337806,-3.6775572022422676,25.325255119462398,19.340000000000224
1935,-4.970010222264481,-3.777557815422771,24.837971140615956,19.350000000000225
1936,-4.85076498158031,-3.896935394810883,24.363370253111327,19.360000000000227
1937,-4.755382022903367,-4.034370403134583,23.90271155718132,19.37000000000023
1938,-4.683280860926489,-4.188868417139534,23.45715564054448,19.38000000000023
1939,-4.633839616547793,-4.359733893396197,23.02780796299925,19.39000000000023
1940,-4.606429044232634,-4.546539958883611,22.61575616031419,19.400000000000233
1941,-4.600440135697731,-4.749095931338368,22.222102466546136,19.410000000000235
1942,-4.615305715261795,-4.967413689153485,21.847992382746316,19.420000000000236
1943,-4.650516512650964,-5.2016735114244,21.494640580435945,19.430000000000238
1944,-4.705632212528307,-5.452189590324277,21.163354850540635,19.44000000000024
1945,-4.780287950307905,-5.719375070830249,20.8555587108433,19.45000000000024
1946,-4.87419666236014,-6.003706186184327,20.572813075897958,19.460000000000242
1947,-4.987147614742558,-6.305684821484314,20.31683717375225,19.470000000000244
1948,-5.119001335416734,-6.625798644895472,20.089528659286696,19.480000000000246
1949,-5.269681066364608,-6.964477792015389,19.892982616153272,19.490000000000247
1950,-5.4391607389296865,-7.3220469742186935,19.72950884729952,19.50000000000025
1951,-5.627449362458587,-7.698671812170844,19.601646515679224,19.51000000000025
1952,-5.834571607429813,-8.094298183659564,19.512174799739565,19.520000000000252
1953,-6.060544265052788,-8.508583441045637,19.464117762057686,19.530000000000253
1954,-6.3053481826520725,-8.940818528078454,19.46074108750967,19.540000000000255
1955,-6.568895217194711,-9.389840349448333,19.50553773041716,19.550000000000257
1956,-6.850989730420073,-9.853934271706887,19.602198831223166,19.560000000000258
1957,-7.1512841845487545,-10.330727424643815,19.7545655540542,19.57000000000026
1958,-7.469228508558261,-10.817074599877634,19.966556815746813,19.58000000000026
1959,-7.804013117690198,-11.308940082415926,20.242067320466305,19.590000000000263
1960,-8.154505814162771,-11.801280765564151,20.584830026090668,19.600000000000264
1961,-8.519183309302909,-12.287938424560998,20.99823735156852,19.610000000000266
1962,-8.896058820828717,-12.76155203521757,21.48511635484931,19.620000000000267
1963,-9.282608142267602,-13.213504396046549,22.047455094223615,19.63000000000027
1964,-9.675697767645497,-13.633920770181817,22.686080793323956,19.64000000000027
1965,-10.07152006789913,-14.011740324534838,23.400295606438355,19.650000000000272
1966,-10.4655420935627,-14.334883072351088,24.18748296224744,19.660000000000274
1967,-10.85247619144154,-14.59053481703782,25.042706638587404,19.670000000000275
1968,-11.226282054001167,-14.765569026825826,25.958335445448093,19.680000000000277
1969,-11.580210751283634,-14.847116358048131,26.923737592732515,19.69000000000028
1970,-11.906901311960084,-14.823278649466063,27.925098621676597,19.70000000000028
1971,-12.198539045710682,-14.683964296169668,28.945422485087327,19.71000000000028
1972,-12.44708157075658,-14.421796922217666,29.964773670278138,19.720000000000283
1973,-12.64455310590269,-14.033021971575222,30.960805865948018,19.730000000000285
1974,-12.783399992469942,-13.518311081776991,31.909597291748227,19.740000000000286
1975,-12.856891101400647,-12.883348511060273,32.78677447511155,19.750000000000288
1976,-12.859536842366609,-12.139084644414936,33.56885857738951,19.76000000000029
1977,-12.78749162257144,-11.30156437751209,34.2347190775004,19.77000000000029
1978,-12.638898898065506,-10.391284554010742,34.7669798334276,19.780000000000292
1979,-12.41413746366003,-9.432099968871238,35.153204320194575,19.790000000000294
1980,-12.11593371418115,-8.449770351817104,35.38669939416823,19.800000000000296
1981,-11.749317377944745,-7.470305046035689,35.466822651817104,19.810000000000297
1982,-11.32141614475384,-6.51830130416507,35.39875056339467,19.8200000000003
1983,-10.841104660694963,-5.615474950329189,35.19274789791759,19.8300000000003
1984,-10.318541689658385,-4.779546873232714,34.86305413720009,19.840000000000302
1985,-9.764642208015818,-4.023584302169572,34.4265522302327,19.850000000000303
1986,-9.190536417431193,-3.355818627554392,33.901399448471246,19.860000000000305
1987,-8.607064638443513,-2.779890175829015,33.305779862913674,19.870000000000307
1988,-8.024347192182063,-2.2954193716962252,32.65689267754732,19.880000000000308
1989,-7.451454410133479,-1.8987799411655626,31.970234626047567,19.89000000000031
1990,-6.896186963236688,-1.583951918618639,31.259181757684342,19.90000000000031
1991,-6.364963458774883,-1.343353131950837,30.53483586319514,19.910000000000313
1992,-5.862802426092479,-1.1685782241990368,29.806077509480915,19.920000000000314
1993,-5.3933800059031345,-1.0510056859140888,29.079760208373887,19.930000000000316
1994,-4.95914257390423,-0.9822600578648127,28.36098466667558,19.940000000000317
1995,-4.561454322300288,-0.9545357129957895,27.65340341894693,19.95000000000032
1996,-4.200762461369838,-0.960800200593222,26.959520038313357,19.96000000000032
1997,-3.876766235292177,-0.9949002902358975,26.28096043811362,19.970000000000322
1998,-3.588579640786549,-1.0515944326400644,25.61870478495728,19.980000000000324
1999,-3.3348811199719006,-1.126533163587711,24.973276627738453,19.990000000000325
2000,-3.1140463243334815,-1.216205458247161,24.344891126114803,20.000000000000327
2001,-2.9242622377248493,-1.3178651872022982,23.733567230787298,20.01000000000033
2002,-2.7636225326725943,-1.4294482176982808,23.13920993864645,20.02000000000033
2003,-2.630205101175163,-1.5494876249227747,22.56166889331974,20.03000000000033
2004,-2.522133353549924,-1.6770320108602468,22.000779092050678,20.040000000000333
2005,-2.4376232192809564,-1.8115700422241747,21.45638863329161,20.050000000000335
2006,-2.375017901575278,-1.9529629318563246,20.928377521719963,20.060000000000336
2007,-2.332812404603383,-2.1013856023287336,20.416670673716816,20.070000000000338
2008,-2.309669724375918,-2.2572765935109067,19.921247506417373,20.08000000000034
2009,-2.3044304112894167,-2.4212963280273403,19.44214987365532,20.09000000000034
2010,-2.316117002963209,-2.5942930656111236,18.979489632621675,20.100000000000342
2011,-2.3439346092280005,-2.777275709327921,18.533456771884413,20.110000000000344
2012,-2.3872687192379924,-2.9713925352559722,18.104328784512116,20.120000000000346
2013,-2.4456811008397903,-3.1779148733893927,17.692481808111733,20.130000000000347
2014,-2.5189044780947505,-3.3982247490401334,17.298403956688016,20.14000000000035
2015,-2.606836505189289,-3.633805483512328,16.922711219888967,20.15000000000035
2016,-2.709533403021593,-3.8862342363823767,16.566166288563696,20.160000000000352
2017,-2.8272034863576714,-4.157175437675863,16.22970066895644,20.170000000000353
2018,-2.9602006814894906,-4.448373996341102,15.914440460025578,20.180000000000355
2019,-3.109018012974652,-4.761647072241832,15.621736178446453,20.190000000000357
2020,-3.2742809189013697,-5.098873053425038,15.353197012211492,20.200000000000358
2021,-3.456740132353737,-5.461976179970995,15.110729852686486,20.21000000000036
2022,-3.657263737115463,-5.852904992120961,14.896583379247506,20.22000000000036
2023,-3.876827862616013,-6.273602446593693,14.713397327645566,20.230000000000363
2024,-4.116505321013781,-6.725965136524676,14.564256833214323,20.240000000000364
2025,-4.377451302564871,-7.211788567537908,14.452751363729844,20.250000000000366
2026,-4.660885029062174,-7.7326948937526385,14.383037193284961,20.260000000000367
2027,-4.968066015531221,-8.290038925686257,14.359901553443335,20.27000000000037
2028,-5.300263306546725,-8.884787631837778,14.38882545189284,20.28000000000037
2029,-5.658715739075831,-9.51736784568275,14.476040578557264,20.290000000000372
2030,-6.044580949736523,-10.187476587553332,14.62857362202513,20.300000000000374
2031,-6.458870513518204,-10.893848513228912,14.85426859450791,20.310000000000375
2032,-6.902368313489275,-11.633975797632253,15.161774334729317,20.320000000000377
2033,-7.375529061903572,-12.40377765998982,15.560480211524649,20.33000000000038
2034,-7.878353921712197,-13.197220280550168,16.06037829863711,20.34000000000038
2035,-8.410240557595994,-14.00589373229159,16.67182526553651,20.35000000000038
2036,-8.969805875065553,-14.818561540921865,17.40517261358252,20.360000000000383
2037,-9.554681441651184,-15.620711374872576,18.27023088091813,20.370000000000385
2038,-10.161284434973323,-16.39415270546027,19.275533934882493,20.380000000000386
2039,-10.784571262022018,-17.116728990714982,20.42737618372465,20.390000000000388
2040,-11.417787034891315,-17.7622367126789,21.7286119878895,20.40000000000039
2041,-12.052232002670074,-18.30066807290659,23.17723669536607,20.41000000000039
2042,-12.677075609693725,-18.69891201459164,24.76481602434158,20.420000000000393
2043,-13.279259250183516,-18.922049613152637,26.474896144639025,20.430000000000394
2044,-13.843538286480428,-18.93535161180904,28.281606937694203,20.440000000000396
2045,-14.352719619013289,-18.707013731453866,30.1487534027495,20.450000000000397
2046,-14.788149030257348,-18.211539042938686,32.02975187530873,20.4600000000004
2047,-15.13048803152548,-17.433497939639054,33.86877469300711,20.4700000000004
2048,-15.360789022336839,-16.371188707720027,35.60338068709358,20.480000000000402
2049,-15.461828990875157,-15.039537554733275,37.16870095994593,20.490000000000403
2050,-15.419599847260969,-13.471493316074374,38.50292317874535,20.500000000000405
2051,-15.224789194142309,-11.717269656485875,39.55342892343465,20.510000000000407
2052,-14.874037240376666,-9.841111761633027,40.282600423318904,20.520000000000408
2053,-14.370744692502301,-7.915782082965581,40.67216837365612,20.53000000000041
2054,-13.725248431548629,-6.015539298153783,40.725134050583115,20.54000000000041
2055,-12.954277518209144,-4.208827643482126,40.46477818906994,20.550000000000413
2056,-12.079732530736443,-2.5520174084059812,39.93094065056118,20.560000000000414
2057,-11.126961018503398,-1.0852715153332244,39.174392443619496,20.570000000000416
2058,-10.12279206818638,0.16895149107623797,38.25049971691236,20.580000000000418
2059,-9.093617712260118,1.2048987484585474,37.21338378299028,20.59000000000042
2060,-8.06376606618825,2.030679660562467,36.11145799610591,20.60000000000042
2061,-7.054321493513179,2.6644618613199444,34.984736525494995,20.610000000000422
2062,-6.082443158029866,3.130543012690004,33.86385051237891,20.620000000000424
2063,-5.16114454095788,3.4559029568503945,32.770400999430926,20.630000000000425
2064,-4.299439791177052,3.66755121804582,31.718159492647814,20.640000000000427
2065,-3.502740690254765,3.790735734591689,30.714657749746745,20.65000000000043
2066,-2.77339304777012,3.8479157988473056,29.762820566717927,20.66000000000043
2067,-2.1112621631083774,3.8583265839008494,28.86242752235617,20.67000000000043
2068,-1.5143032884074548,3.83795142402558,28.011303399131624,20.680000000000433
2069,-0.9790778171641513,3.799743077530076,27.206217083866612,20.690000000000435
2070,-0.5011957276947285,3.7539738943064744,26.44351552004884,20.700000000000436
2071,-0.07567876549460817,3.708633121647663,25.719540349403832,20.710000000000438
2072,0.3027524232196189,3.6698209667200126,25.03087929232321,20.72000000000044
2073,0.6394592775696584,3.6421118419436196,24.374499649765824,20.73000000000044
2074,0.9397245340070545,3.6288743218720763,23.747802814511505,20.740000000000443
2075,1.2086395127935567,3.6325445188397483,23.148629495102114,20.750000000000444
2076,1.451030013398176,3.654854654485559,22.57523707694057,20.760000000000446
2077,1.6714124775069144,3.6970210461099917,22.02626379287149,20.770000000000447
2078,1.873973334367222,3.759896607988186,21.500689229455656,20.78000000000045
2079,2.062565661729318,3.8440929926659617,20.997796976503647,20.79000000000045
2080,2.2407183948229825,3.95007709786651,20.517142665868555,20.800000000000452
2081,2.411654265127335,4.078246087632088,20.058528965586977,20.810000000000453
2082,2.5783134473778104,4.228984451671041,19.62198805555276,20.820000000000455
2083,2.7433805478071336,4.402706015740932,19.20777151554297,20.830000000000457
2084,2.9093130946005132,4.599883241544875,18.816347255541462,20.840000000000458
2085,3.0783701092949496,4.821065620986598,18.44840300087629,20.85000000000046
2086,3.2526396604641143,5.06688847175807,18.104855830545535,20.86000000000046
2087,3.43406454159351,5.338072970756267,17.786867299048208,20.870000000000463
2088,3.6244653845097856,5.635417809717981,17.495863708833383,20.880000000000464
2089,3.825560627030605,5.959782415435865,17.23356111105022,20.890000000000466
2090,4.0389828058711315,6.312061238350481,17.001994570963824,20.900000000000468
2091,4.266290649119067,6.693148174234521,16.803551117184487,20.91000000000047
2092,4.508976401630612,7.10388974421313,16.641005575415285,20.92000000000047
2093,4.768467735888864,7.54502522483806,16.517558138901972,20.930000000000472
2094,5.0461234847837835,8.017111508028336,16.436872015375666,20.940000000000474
2095,5.343222287108238,8.520430109755786,16.403108774906904,20.950000000000475
2096,5.660943069372993,9.054873485209102,16.42095806149134,20.960000000000477
2097,6.000336110956604,9.619807722474809,16.495657079519674,20.97000000000048
2098,6.362283272108424,10.21390888783592,16.63299368730873,20.98000000000048
2099,6.747445833681174,10.834970940129427,16.839285005579676,20.99000000000048
2100,7.156198344325999,11.479684429628177,17.121321200711215,21.000000000000483
2101,7.588546952856216,12.143387417451143,17.486261622445816,21.010000000000485
2102,8.044030999315709,12.819793516557795,17.94146796835444,21.020000000000486
2103,8.521607251039917,13.500707016093886,18.49425698705183,21.030000000000488
2104,9.019517227545315,14.175742031789559,19.15155402875556,21.04000000000049
2105,9.535139707969739,14.832071720218096,19.91942941601172,21.05000000000049
2106,10.064832909194575,15.454244697400304,20.802503391693808,21.060000000000493
2107,10.603774088015147,16.024118257697264,21.80321387408671,21.070000000000494
2108,11.145808504983359,16.5209702766296,22.920956137087003,21.080000000000496
2109,11.683324682147983,16.921861076707696,24.151126350296373,21.090000000000497
2110,12.207178321603955,17.202318871041133,25.484132286142252,21.1000000000005
2111,12.706692376547673,17.337412140496998,26.90447316521738,21.1100000000005
2112,13.169764352942606,17.303243243890385,28.390032174225432,21.120000000000502
2113,13.583112242037384,17.078844493205334,29.911761010216246,21.130000000000503
2114,13.93268546715418,16.6483794044561,31.433952667098914,21.140000000000505
2115,14.204254860884372,16.003453786213697,32.91528026711095,21.150000000000507
2116,14.384174753417305,15.145240312084363,34.31071082232564,21.160000000000508
2117,14.46028130928401,14.086044236097381,35.574276367045506,21.17000000000051
2118,14.422857601965347,12.84992212391901,36.66251061914749,21.18000000000051
2119,14.265564054160713,11.47204133132505,37.538169639199836,21.190000000000513
2120,13.986211781877147,9.996647218537237,38.17370318659447,21.200000000000514
2121,13.587255325543156,8.473765072615178,38.553890019357034,21.210000000000516
2122,13.075906300250358,6.95504343818197,38.67713838161043,21.220000000000518
2123,12.463820014043518,5.489360393472703,38.55518298788587,21.23000000000052
2124,11.766374051986437,4.11888777977494,38.21122877424021,21.24000000000052
2125,11.001625424765287,2.8762075290960176,37.67690641654369,21.250000000000522
2126,10.18908363519836,1.7828284571518438,36.98861849089256,21.260000000000524
2127,9.348458117393708,0.8491423168943777,36.18390921370675,21.270000000000525
2128,8.498526537343775,0.07558156851653375,35.29838668185984,21.280000000000527
2129,7.656232040461051,-0.5454295761244538,34.3635196900013,21.29000000000053
2130,6.836065878802501,-1.0271811137701363,33.40539981096921,21.30000000000053
2131,6.0497411795452365,-1.3864259947229558,32.444370371711415,21.31000000000053
2132,5.306124462118417,-1.6414346393246593,31.495311977472436,21.320000000000533
2133,4.61136855197411,-1.8104858967954327,30.568340426479615,21.330000000000535
2134,3.9691831070971553,-1.910816680561797,29.66969650449074,21.340000000000536
2135,3.38118312833126,-1.9579818253522172,28.802660784811867,21.350000000000538
2136,2.847266632962912,-1.9655414381324852,27.968386879415615,21.36000000000054
2137,2.3659858258533726,-1.9449859139171228,27.16659902377286,21.37000000000054
2138,1.934888651876323,-1.9058179058078937,26.396138292100794,21.380000000000543
2139,1.5508179961079014,-1.8557267885718831,25.655365816593203,21.390000000000544
2140,1.210163517639923,-1.800808511826994,24.94244378315495,21.400000000000546
2141,0.9090663146932313,-1.745798996841134,24.255519221304798,21.410000000000547
2142,0.6435797835397947,-1.6943011934534418,23.592834904800803,21.42000000000055
2143,0.40979168584047104,-1.6489945579389829,22.952788460719443,21.43000000000055
2144,0.20391306146252564,-1.6118215591048404,22.33395665916853,21.440000000000552
2145,0.022339599405789057,-1.584149541073709,21.735097766904218,21.450000000000554
2146,-0.13830931464216076,-1.566908491600934,21.15514126712531,21.460000000000555
2147,-0.2811692323380381,-1.5607064838865876,20.593171347064438,21.470000000000557
2148,-0.40912295749289307,-1.5659251423117746,20.04840833758251,21.480000000000558
2149,-0.5248031759747812,-1.5827976778656976,19.52019067450133,21.49000000000056
2150,-0.6306026261638729,-1.6114720097438633,19.00795882899732,21.50000000000056
2151,-0.728689564521872,-1.6520613374165043,18.511241911704065,21.510000000000563
2152,-0.8210267418113352,-1.7046843140344767,18.029647192623877,21.520000000000564
2153,-0.9093924990336493,-1.769496733695627,17.56285251490226,21.530000000000566
2154,-0.9954029224998471,-1.8467164027012288,17.110601451738408,21.540000000000568
2155,-1.0805342705199852,-1.9366426300662682,16.67270101540149,21.55000000000057
2156,-1.1661451064746136,-2.0396715512184547,16.249021742306148,21.56000000000057
2157,-1.2534977509489977,-2.156308293621263,15.83950002582734,21.570000000000572
2158,-1.3437788052162243,-2.287176804365458,15.444142634436012,21.580000000000574
2159,-1.4381186051311476,-2.4330279864134323,15.063033427985937,21.590000000000575
2160,-1.5376095432593762,-2.5947466297610293,14.696342364713638,21.600000000000577
2161,-1.6433232519095415,-2.7733574728661368,14.344336973457215,21.61000000000058
2162,-1.756326674005201,-2.9700305838550674,14.00739654904187,21.62000000000058
2163,-1.8776970649901876,-3.1860861048134668,13.686029413771113,21.63000000000058
2164,-2.0085359689725157,-3.4229982493465108,13.380893674682026,21.640000000000583
2165,-2.149982197009915,-3.682398275739393,13.092821994412596,21.650000000000585
2166,-2.303223804882863,-3.966075966178706,12.82285098191299,21.660000000000586
2167,-2.4695090210124473,-4.275978915604044,12.572255894834743,21.670000000000588
2168,-2.650156010471607,-4.614208658863776,12.342591422696582,21.68000000000059
2169,-2.846561275310824,-4.983012326770641,12.135739379533254,21.69000000000059
2170,-3.0602063804568056,-5.384768102939526,11.953964161983519,21.700000000000593
2171,-3.2926625527050777,-5.821962234435496,11.799976801389583,21.710000000000594
2172,-3.5455925208781194,-6.297154709481322,11.677008323678416,21.720000000000596
2173,-3.8207487397384394,-6.812929934445725,11.588892881454486,21.730000000000597
2174,-4.119966859209168,-7.371827803510221,11.540160672558631,21.7400000000006
2175,-4.445152953639273,-7.97624945084478,11.536139917046322,21.7500000000006
2176,-4.798262603359824,-8.628330719096786,11.583066007312283,21.760000000000602
2177,-5.18126941493352,-9.329775016295219,11.688194213305918,21.770000000000604
2178,-5.59611997506969,-10.081635870381604,11.85990981368584,21.780000000000605
2179,-6.044671564600881,-10.884038322588378,12.107825990743768,21.790000000000607
2180,-6.52860824039963,-11.735827662696897,12.442855000556364,21.80000000000061
2181,-7.049330182629356,-12.634134436474524,12.87723174574079,21.81000000000061
2182,-7.607810608013873,-13.573846959106364,13.42446075133207,21.82000000000061
2183,-8.204414243123122,-14.546987910650685,14.099147700167011,21.830000000000613
2184,-8.838671609875878,-15.542001537547184,14.91666557624938,21.840000000000614
2185,-9.509004602643008,-16.542974487508875,15.892594305055052,21.850000000000616
2186,-10.212401591129595,-17.528838507426762,17.041863995684864,21.860000000000618
2187,-10.944045282759312,-18.47263897801532,18.377529671772255,21.87000000000062
2188,-11.696904652284912,-19.34100009827649,19.90911618853297,21.88000000000062
2189,-12.46131419688407,-20.09397306224818,21.640504763799157,21.890000000000622
2190,-13.22458008342048,-20.68551001434456,23.567397754688507,21.900000000000624
2191,-13.970673076512888,-21.064847947911826,25.67450565207444,21.910000000000625
2192,-14.680090563652781,-21.17908668119417,27.932753208886417,21.920000000000627
2193,-15.32999017540692,-20.977167704218854,30.296988895336607,21.93000000000063
2194,-15.894707928288113,-20.415267855191374,32.70486693959635,21.94000000000063
2195,-16.34676392097844,-19.463290318176032,35.0776843529008,21.95000000000063
2196,-16.6584165606982,-18.111685062753548,37.323897556390335,21.960000000000633
2197,-16.803743410903735,-16.37735451748975,39.3457135654685,21.970000000000635
2198,-16.761104521562338,-14.307076376637427,41.04850316766903,21.980000000000636
2199,-16.515701707069848,-11.976932358438674,42.35190044199914,21.990000000000638
2200,-16.06182477220673,-9.48684596855807,43.200590852189755,22.00000000000064
2201,-15.404326891841864,-6.950485241853684,43.57233567201032,22.01000000000064
2202,-14.558942726843046,-4.482166897823779,43.48108218798108,22.020000000000643
2203,-13.55126514394112,-2.1834633396018757,42.974142774543935,22.030000000000644
2204,-12.414484963507196,-0.13244291579510747,42.124052540359635,22.040000000000646
2205,-11.186280758735986,1.622309892223646,41.017186578483326,22.050000000000647
2206,-9.905421693640022,3.062225830859053,39.74191879706955,22.06000000000065
2207,-8.608656941190114,4.194690144324985,38.3788079140562,22.07000000000065
2208,-7.328322232638604,5.046219210787924,36.994266552077185,22.080000000000652
2209,-6.090868088295951,5.654885854078694,35.63794957302328,22.090000000000654
2210,-4.916292694058487,6.063554428681319,34.34317261316035,22.100000000000655
2211,-3.818307981784506,6.314767816146826,33.129252593431886,22.110000000000657
2212,-2.805000401991373,6.447470799166257,32.00468857405194,22.12000000000066
2213,-1.8797532818756097,6.495327621775254,30.970378630242333,22.13000000000066
2214,-1.0422451915105233,6.4862101353436135,30.02240573263031,22.14000000000066
2215,-0.28939965882510954,6.44242646049135,29.15420603317995,22.150000000000663
2216,0.38378295310653654,6.381342464208598,28.358116178765098,22.160000000000664
2217,0.9835389042167426,6.316154650720095,27.626390251888342,22.170000000000666
2218,1.516800478867078,6.256667701435518,26.951808350078313,22.180000000000668
2219,1.990787201123922,6.21000000038662,26.327994626399388,22.19000000000067
2220,2.412708481050192,6.181186069362498,25.749542654892895,22.20000000000067
2221,2.7895562398814224,6.17367118389669,25.212022184620754,22.210000000000672
2222,3.127967734282949,6.189706681173144,24.711919622771017,22.220000000000674
2223,3.4341416289719686,6.2306597076384245,24.246547127330974,22.230000000000675
2224,3.713793436838614,6.297251998186211,23.81394221604841,22.240000000000677
2225,3.972139292973374,6.389741017447015,23.412770688363615,22.25000000000068
2226,4.213899465420738,6.508054745218846,23.04223955034717,22.26000000000068
2227,4.4433149934005485,6.651889238851419,22.702022713122645,22.27000000000068
2228,4.664172417945635,6.820776165597682,22.39219983266699,22.280000000000683
2229,4.87983279271084,7.01412587259996,22.11320726440149,22.290000000000685
2230,5.093262100699752,7.231250256224616,21.86579935180393,22.300000000000686
2231,5.307060916252238,7.471368670457819,21.6510178977962,22.310000000000688
2232,5.523491691672796,7.733599331479148,21.470167507140616,22.32000000000069
2233,5.744502455653431,8.016938093387596,21.324794423491714,22.33000000000069
2234,5.971746019426848,8.320226060716154,21.216666444508135,22.340000000000693
2235,6.206594023555779,8.642107251693524,21.14775144124272,22.350000000000694
2236,6.4501453463695535,8.980977428703605,21.12019191500247,22.360000000000696
2237,6.703228554602958,9.334925275450194,21.136272894945094,22.370000000000697
2238,6.966398226687682,9.701667337911756,21.198380327694718,22.3800000000007
2239,7.239925137810089,10.078478576770154,21.308946967010282,22.3900000000007
2240,7.523780481706096,10.46212102152208,21.470382685211728,22.400000000000702
2241,7.817614535687694,10.848773884367,21.684986166329164,22.410000000000704
2242,8.120730470555625,11.233969584915071,21.954835192688552,22.420000000000705
2243,8.43205438199157,11.612541429568566,22.281653312018673,22.430000000000707
2244,8.75010308674927,11.97859011775428,22.666651698837363,22.44000000000071
2245,9.072951789849771,12.325477690903858,23.11034663717769,22.45000000000071
2246,9.39820437995518,12.645858806294456,23.612355375617348,22.46000000000071
2247,9.722969822589107,12.93176002749711,24.171176221817,22.470000000000713
2248,10.043848843079907,13.174717807734988,24.78396264757173,22.480000000000715
2249,10.356935739545415,13.365984560072523,25.44630571908105,22.490000000000716
2250,10.657840621598126,13.49680919013102,26.152043998416495,22.500000000000718
2251,10.941737478451415,13.558793303635737,26.893124570944096,22.51000000000072
2252,11.203443060969848,13.544316774260158,27.659542150915257,22.52000000000072
2253,11.437530432298878,13.447016607786368,28.439384178025808,22.530000000000722
2254,11.638479049847627,13.262291742632097,29.21900721669697,22.540000000000724
2255,11.800860319126073,12.987794925674368,29.98336273691429,22.550000000000725
2256,11.919553779780903,12.623863110212772,30.71647793497662,22.560000000000727
2257,11.989984712824091,12.173832430735224,31.40208000921831,22.57000000000073
2258,12.008369484615205,11.644185233404553,32.02433185638246,22.58000000000073
2259,11.97195105949414,11.044486742469028,32.56862645984582,22.59000000000073
2260,11.879204627791628,10.387088151180496,33.02237030183064,22.600000000000733
2261,11.729992980130515,9.686599624348794,33.37567721679632,22.610000000000735
2262,11.525653644552342,8.959167067940623,33.621896613631215,22.620000000000736
2263,11.26900498689117,8.221615065319266,33.75791526962201,22.630000000000738
2264,10.96426599473398,7.490539155791401,33.784198407479245,22.64000000000074
2265,10.616893310839721,6.781438865174296,33.70456908742714,22.65000000000074
2266,10.233347866273178,6.1079764626672715,33.52575870768446,22.660000000000743
2267,9.820810725912587,5.481426587232367,33.25678895449437,22.670000000000744
2268,9.386872312044565,4.910353027878472,32.908261779253124,22.680000000000746
2269,8.939220383627955,4.400517231640309,32.49163670060394,22.690000000000747
2270,8.48535006842919,3.9549947558250045,32.01856498861035,22.70000000000075
2271,8.032314537168771,3.5744555012558346,31.50033173913384,22.71000000000075
2272,7.586528633577478,3.2575532911116962,30.94743440160894,22.720000000000752
2273,7.1536310993309,3.001369803366604,30.369304697416936,22.730000000000754
2274,6.738404969734471,2.801864787660612,29.774163495812044,22.740000000000755
2275,6.344750951527085,2.654295818610992,29.168986798687353,22.750000000000757
2276,5.975705438235476,2.5535835593919405,28.559555609930023,22.76000000000076
2277,5.633493250351123,2.494610328785481,27.95056209196036,22.77000000000076
2278,5.319604958194558,2.472449306710154,27.345747474002778,22.78000000000076
2279,5.034889393046118,2.4825284634551137,26.748052077271304,22.790000000000763
2280,4.779653300087018,2.520737371988491,26.159763250829922,22.800000000000765
2281,4.5537617072771654,2.583486934779728,25.5826520711279,22.810000000000766
2282,4.356734230027421,2.6677323297485662,25.01809385464633,22.820000000000768
2283,4.187834039999536,2.770968732192995,24.46717069276476,22.83000000000077
2284,4.046147509218882,2.891208073174542,23.93075637942889,22.84000000000077
2285,3.9306535656144477,3.026943591840583,23.40958541941654,22.850000000000772
2286,3.840282568237061,3.1771074503103662,22.90430847445392,22.860000000000774
2287,3.773965056444392,3.341025329193942,22.415536818723577,22.870000000000775
2288,3.730671083719347,3.5183707649533775,21.943878298675017,22.880000000000777
2289,3.70944105184275,3.709121038410027,21.4899670514565,22.89000000000078
2290,3.709409050499478,3.913515662707688,21.054488921878978,22.90000000000078
2291,3.7298197117202987,4.132017922615876,20.638204188147398,22.91000000000078
2292,3.7700395328098564,4.365279454716795,20.24196889543301,22.920000000000783
2293,3.8295635250005504,4.614107499779488,19.866755819381915,22.930000000000785
2294,3.908017922478444,4.879434177321873,19.513675842014266,22.940000000000786
2295,4.005159547962787,5.162286904602354,19.184000315059162,22.950000000000788
2296,4.120872283626744,5.463758888686107,18.879184800177164,22.96000000000079
2297,4.25516094413268,5.7849784454095605,18.600894397860497,22.97000000000079
2298,4.408142694260368,6.127075731635491,18.351030690686446,22.980000000000793
2299,4.58003599799788,6.491145309999067,18.131760113504033,22.990000000000794
2300,4.771146929197999,6.878202796069377,17.945543302357567,23.000000000000796
2301,4.981852515885137,7.289133670085793,17.79516464245004,23.010000000000797
2302,5.212580631305203,7.7246321803869735,17.68376080778077,23.0200000000008
2303,5.46378578621338,8.18512814459584,17.614846533781037,23.0300000000008
2304,5.735920022051626,8.6706994021136,17.59233516102799,23.040000000000802
2305,6.029397960057824,9.180967739419087,17.62055060645832,23.050000000000804
2306,6.34455493799395,9.714976372024331,17.704226338546867,23.060000000000805
2307,6.681597081396988,10.271047624546494,17.848485649321834,23.070000000000807
2308,7.040542135711938,10.846620434873538,18.058796050317177,23.08000000000081
2309,7.421149965628098,11.43806888339928,18.340889037660066,23.09000000000081
2310,7.8228418574052165,12.040505304426958,18.700634908331367,23.10000000000081
2311,8.24460820210739,12.64757487624667,19.143860999573672,23.110000000000813
2312,8.684904869521318,13.251253089903384,19.676101035199746,23.120000000000815
2313,9.141539691559526,13.841663265532322,20.30226373247203,23.130000000000816
2314,9.611552048956806,14.406938249124641,21.026211174330097,23.140000000000818
2315,10.091090668973589,14.933158209396991,21.850242578156976,23.15000000000082
2316,10.575297423015929,15.404404224663134,22.77448797739098,23.16000000000082
2317,11.05820810318065,15.802973620682861,23.796229860995645,23.170000000000822
2318,11.532684654930872,16.1098055346265,24.909189440834947,23.180000000000824
2319,11.990396742900435,16.305160914350044,26.102837459910422,23.190000000000826
2320,12.421873160045395,16.36958662062097,27.361815277511713,23.200000000000827
2321,12.816644506102953,16.285165251169044,28.6655761569487,23.21000000000083
2322,13.163496580609563,16.037009068703856,29.988372530237143,23.22000000000083
2323,13.450847829418992,15.614899627989272,31.299713736488364,23.23000000000083
2324,13.66725300927602,15.014911158207894,32.56539109119269,23.240000000000833
2325,13.802018824169208,14.240798495329564,33.749106559204506,23.250000000000835
2326,13.845896791285243,13.304897740853315,34.81464807332978,23.260000000000836
2327,13.79179688624205,12.228299624522233,35.72843986742558,23.270000000000838
2328,13.635447160070068,11.04012589928632,36.4621837178161,23.28000000000084
2329,13.375915033991694,9.77586805086259,36.995229352076734,23.29000000000084
2330,13.015910335678784,8.474915135107498,37.31630170700654,23.300000000000843
2331,12.561810815621655,7.17756450697114,37.42428768316349,23.310000000000844
2332,12.023386184756603,5.921927672422497,37.327938752814056,23.320000000000846
2333,11.413240333523193,4.74117429636987,37.04454328637634,23.330000000000847
2334,10.746033729807861,3.6614870910625026,36.59781041581556,23.34000000000085
2335,10.037579065933325,2.700948612843404,36.015333442545284,23.35000000000085
2336,9.303916020624333,1.8693936950212913,35.32603440328846,23.360000000000852
2337,8.560463788064029,1.1690916695470732,34.557933638680396,23.370000000000854
2338,7.821326576212333,0.5960112184670978,33.73646841066977,23.380000000000855
2339,7.0987950404378095,0.1413831779426864,32.88344523687908,23.390000000000857
2340,6.403053854188297,-0.2066964221148091,32.01658986591945,23.40000000000086
2341,5.742078826557986,-0.46181387011035296,31.149579252938906,23.41000000000086
2342,5.121689556891152,-0.6380470548179175,30.292406089740155,23.42000000000086
2343,4.545715895720245,-0.7490765075694968,29.45192980463909,23.430000000000863
2344,4.016236655391271,-0.807586346417981,28.63249411997302,23.440000000000865
2345,3.533854355210346,-0.824912943643352,27.836526364571633,23.450000000000866
2346,3.097977625324976,-0.8108868940217124,27.065067772864086,23.460000000000868
2347,2.707091173390307,-0.7738140338728722,26.31821153771089,23.47000000000087
2348,2.359000652663989,-0.7205483465164184,25.595444711962507,23.48000000000087
2349,2.0510457527459485,-0.6566193881127834,24.895901779446426,23.490000000000872
2350,1.7802792386600754,-0.586386719517929,24.21854350125626,23.500000000000874
2351,1.543612642842275,-0.5132023673566527,23.562276353530255,23.510000000000876
2352,1.337931141822382,-0.439569080421778,22.9260271274769,23.520000000000877
2353,1.160181119597966,-0.36728712642845396,22.30878527246073,23.53000000000088
2354,1.007434294995324,-0.29758585641948004,21.709623135966243,23.54000000000088
2355,0.8769322798538437,-0.23123858404255782,21.12770187036585,23.550000000000882
2356,0.7661151934642035,-0.16866079753557842,20.562268681369147,23.560000000000883
2357,0.6726375943642253,-0.10999259987914624,20.012649380537297,23.570000000000885
2358,0.5943745749398881,-0.0551667508201648,19.47823887881183,23.580000000000886
2359,0.5294204423638829,-0.003963901870508317,18.958491278236153,23.590000000000888
2360,0.47608200794044375,0.04394333261932798,18.452910525109704,23.60000000000089
2361,0.43286814040833216,0.0889558745650632,17.961042117407068,23.61000000000089
2362,0.39847691382400524,0.13152176612216826,17.482466055916227,23.620000000000893
2363,0.37178139905382157,0.17211649313172375,17.016791044966446,23.630000000000894
2364,0.3518149084616118,0.21122885611443487,16.563649847540177,23.640000000000896
2365,0.3377563032268941,0.24935135237351647,16.122695652879223,23.650000000000897
2366,0.32891580814155635,0.28697418293562366,15.6935993020456,23.6600000000009
2367,0.32472164562096306,0.32458213841508227,15.276047224110677,23.6700000000009
2368,0.324707694900375,0.36265374587283344,14.869739953262313,23.680000000000902
2369,0.3285022999976208,0.40166217314629193,14.474391119127345,23.690000000000904
2370,0.3358182873124879,0.44207748767717814,14.089726825427622,23.700000000000905
2371,0.3464442073489569,0.4843699539357438,13.715485353797263,23.710000000000907
2372,0.3602367820076356,0.5290141279360691,13.351417149343552,23.72000000000091
2373,0.37711451660047896,0.5764935701276355,12.997285062165233,23.73000000000091
2374,0.3970524219531946,0.6273060503411225,12.652864834781047,23.74000000000091
2375,0.42007778479198743,0.6819691617116436,12.31794583971949,23.750000000000913
2376,0.44626692248395305,0.7410262958209132,11.99233208494112,23.760000000000915
2377,0.4757428598176491,0.8050529598286885,11.67584351792118,23.770000000000916
2378,0.5086738698187531,0.8746634391193515,11.36831767275075,23.780000000000918
2379,0.5452728267488129,0.9505178268381385,11.06961171917439,23.79000000000092
2380,0.5857973267577455,1.0333294553281647,10.77960498875289,23.80000000000092
2381,0.6305505396147875,1.1238727744078927,10.498202072045393,23.810000000000922
2382,0.679882763094098,1.2229917279408211,10.225336602634462,23.820000000000924
2383,0.7341936595787704,1.331608683298097,9.960975869849879,23.830000000000926
2384,0.793935161950703,1.4507339678785625,9.705126433177057,23.840000000000927
2385,0.859615042543489,1.581476062281209,9.45784094870302,23.85000000000093
2386,0.9318011445172609,1.7250524900756847,9.2192264628632,23.86000000000093
2387,1.0111262790731033,1.8828014279431635,8.989454482699562,23.870000000000932
2388,1.0982937939601092,2.05619403518431,8.768773196514937,23.880000000000933
2389,1.1940838180825293,2.2468474653175368,8.557522296088079,23.890000000000935
2390,1.29936018280603,2.4565384707610773,8.356150943526085,23.900000000000936
2391,1.4150780116015347,2.6872174390638066,8.165239534463105,23.910000000000938
2392,1.5422919543477618,2.9410225986748153,7.985526036648202,23.92000000000094
2393,1.682165018780467,3.2202939943298694,7.817937830585827,23.93000000000094
2394,1.8359779163354073,3.527586644268982,7.663630147511377,23.940000000000943
2395,2.0051387891287646,3.8656820373022747,7.52403238867945,23.950000000000944
2396,2.191193113946116,4.237596785953283,7.400903814975662,23.960000000000946
2397,2.3958334811468327,4.64658679523514,7.296400308880254,23.970000000000947
2398,2.6209088125556637,5.096144700485247,7.213154116147572,23.98000000000095
2399,2.868432401348622,5.589987529102648,7.1543686452725765,23.99000000000095
2400,3.140587914124025,6.13203049785631,7.123930494914768,24.000000000000952
2401,3.4397321724972536,6.726341508698585,7.126540823756449,24.010000000000954
2402,3.7683931061173865,7.377069184409929,7.167867868029687,24.020000000000955
2403,4.129260713946641,8.088335123684264,7.254721691461042,24.030000000000957
2404,4.5251681549204035,8.864078399640814,7.395250891030056,24.04000000000096
2405,4.959059179392445,9.70783716072476,7.599158653570312,24.05000000000096
2406,5.4339369775256765,10.622448584580923,7.877931812647828,24.06000000000096
2407,5.952788138231201,11.609644602610574,8.245070792533415,24.070000000000963
2408,6.518473784669138,12.669517239162511,8.716299784860858,24.080000000000965
2409,7.133578130118475,13.799825010008917,9.30972428381018,24.090000000000966
2410,7.800202818107519,14.995112180857788,10.045886268483857,24.100000000000968
2411,8.519693754382546,16.24561834430116,10.947645130900607,24.11000000000097
2412,9.292286213374407,17.53597057361596,12.039784858850176,24.12000000000097
2413,10.116654649398562,18.84367973906576,13.348216505274348,24.130000000000972
2414,10.989357158365282,20.137513277814076,14.89861406757367,24.140000000000974
2415,11.904172770310161,21.37589623784609,16.71430094935059,24.150000000000976
2416,12.851345117063754,22.505606388794188,18.813209876723338,24.160000000000977
2417,13.816771244236797,23.461176428828857,21.203797427722606,24.17000000000098
2418,14.781211762696003,24.165580427247072,23.87993990802809,24.18000000000098
2419,15.71964862915111,24.532919429919296,26.81510712711668,24.190000000000982
2420,16.600975709227928,24.473851231869215,29.956526336582957,24.200000000000983
2421,17.388263261492057,23.90431025766974,33.220583732389265,24.210000000000985
2422,18.039867961109824,22.757498311918567,36.491245897973016,24.220000000000987
2423,18.511630996190696,20.998113780551897,39.623568654082305,24.230000000000988
2424,18.760279274626818,18.636420504913772,42.454033495856144,24.24000000000099
2425,18.747893397655513,15.738439249593917,44.81817046948229,24.25000000000099
2426,18.446947982849352,12.428002186043459,46.5736450699314,24.260000000000993
2427,17.845053403168762,8.877451519613716,47.624268299966715,24.270000000000994
2428,16.94829321481326,5.2867158463074,47.938473776483086,24.280000000000996
2429,15.782135477962672,1.854617689647323,47.556122578843045,24.290000000000997
2430,14.389383699131137,-1.2503022468786078,46.5806575864523,24.300000000001
2431,12.825415104530162,-3.911441338346162,45.158595929778016,24.310000000001
2432,11.15172946024253,-6.072988079065748,43.45270811677085,24.320000000001002
2433,9.429257706311702,-7.735502401738314,41.61672603292677,24.330000000001004
2434,7.712781695506701,-8.942103566528031,39.777546215710885,24.340000000001005
2435,6.047293169303227,-9.761058959567942,38.027126722886166,24.350000000001007
2436,4.46645795641611,-10.269818119362736,36.42279015856226,24.36000000000101
2437,2.9928303488382255,-10.543320319358445,34.99281864583219,24.37000000000101
2438,1.6392152820185584,-10.647170314836545,33.74413312498368,24.38000000000101
2439,0.4105767223330481,-10.634857319692403,32.66975953208077,24.390000000001013
2440,-0.693966681869497,-10.547681692123131,31.754901695950625,24.400000000001015
2441,-1.6793381828948604,-10.41614710849505,30.981301714044925,24.410000000001016
2442,-2.5530190754548796,-10.261919499378845,30.330056003916518,24.420000000001018
2443,-3.3239091178472764,-10.099813530136286,29.78324327280571,24.43000000000102
2444,-4.001499559076177,-9.939542009096735,29.32473207501133,24.44000000000102
2445,-4.595303804078233,-9.78713744086525,28.940469949345893,24.450000000001022
2446,-5.114487167756934,-9.646048615098092,28.61847278316045,24.460000000001024
2447,-5.56764331249105,-9.5179564178163,28.348659427557624,24.470000000001026
2448,-5.962674623023576,-9.403364740336356,28.12262104013845,24.480000000001027
2449,-6.306743634754854,-9.302019599290169,27.933376522150475,24.49000000000103
2450,-6.606271231208385,-9.213201175245795,27.775141010541677,24.50000000000103
2451,-6.866964225612127,-9.135923958224708,27.643119642307514,24.510000000001032
2452,-7.093860198873385,-9.069071565133441,27.53333041506973,24.520000000001033
2453,-7.29138133549939,-9.011485737427723,27.442455528834216,24.530000000001035
2454,-7.463391775692224,-8.962023573561137,27.367718503841964,24.540000000001037
2455,-7.613254955479115,-8.919592983009007,27.306783607397605,24.550000000001038
2456,-7.743888758232104,-8.883173384540912,27.257674065987835,24.56000000000104
2457,-7.857817220862985,-8.851826545248912,27.218705822661224,24.57000000000104
2458,-7.957218153301577,-8.82470094820895,27.18843401802375,24.580000000001043
2459,-8.043966432792313,-8.801032014370694,27.165609816701906,24.590000000001044
2460,-8.119672990950152,-8.78013976049,27.149145615898473,24.600000000001046
2461,-8.185719667904136,-8.761424956503307,27.138087036174696,24.610000000001047
2462,-8.243290196764054,-8.744364485938338,27.13159040106319,24.62000000000105
2463,-8.293397625681482,-8.728506364415871,27.128904664140176,24.63000000000105
2464,-8.336908499554921,-8.713464700673333,27.129356946013694,24.640000000001052
2465,-8.374564119666763,-8.698914768435168,27.132341006689483,24.650000000001054
2466,-8.406999184543604,-8.684588279485661,27.137308108175528,24.660000000001055
2467,-8.43475809403781,-8.67026889700161,27.143759824461508,24.670000000001057
2468,-8.458309174334191,-8.655787995542232,27.15124243670722,24.68000000000106
2469,-8.478057056454995,-8.641020654430658,27.159342615199563,24.69000000000106
2470,-8.494353416252562,-8.625881860619035,27.167684140136934,24.70000000000106
2471,-8.507506260689208,-8.610322892689135,27.17592545357602,24.710000000001063
2472,-8.517787923889202,-8.59432785739201,27.18375786730841,24.720000000001065
2473,-8.525441917239483,-8.577910352626189,27.190904277889903,24.730000000001066
2474,-8.530688760778155,-8.561110234943293,27.19711826197219,24.740000000001068
2475,-8.533730908194668,-8.543990474782138,27.2021834435964,24.75000000000107
2476,-8.534756864853415,-8.526634088098826,27.205913041040187,24.76000000000107
2477,-8.533944587177956,-8.509141138460565,27.208149514787394,24.770000000001072
2478,-8.531464242306217,-8.491625808697304,27.208764250660717,24.780000000001074
2479,-8.527480398945325,-8.474213545637555,27.207657223435888,24.790000000001076
2480,-8.522153713614548,-8.457038285145144,27.20475659654661,24.800000000001077
2481,-8.515642170767608,-8.44023976753337,27.200018222918,24.81000000000108
2482,-8.508101930444184,-8.423960955425688,27.193425020598156,24.82000000000108
2483,-8.499687832942334,-8.4083455672644,27.18498620471731,24.830000000001082
2484,-8.49055360637454,-8.3935357399862,27.1747363643907,24.840000000001083
2485,-8.480851819735706,-8.379669833961662,27.162734379480682,24.850000000001085
2486,-8.470733621158303,-8.36688039223588,27.149062177629247,24.860000000001087
2487,-8.46034829826606,-8.355292264528233,27.133823336653027,24.870000000001088
2488,-8.449842694892277,-8.345020904480403,27.11714154125945,24.88000000000109
2489,-8.43936051585109,-8.336170846417726,27.099158906110336,24.89000000000109
2490,-8.429041548907755,-8.328834365541834,27.080034179560528,24.900000000001093
2491,-8.419020830571162,-8.323090323127008,27.059940843983476,24.910000000001094
2492,-8.409427779826746,-8.31900319606046,27.039065129528566,24.920000000001096
2493,-8.400385321450118,-8.316622288043323,27.01760395851532,24.930000000001098
2494,-8.392009018109439,-8.315981118030276,26.995762837546817,24.9400000000011
2495,-8.384406228101522,-8.31709698008625,26.97375371391495,24.9500000000011
2496,-8.377675303299995,-8.319970667811562,26.951792812072814,24.960000000001102
2497,-8.371904839751151,-8.324586355843838,26.930098464963258,24.970000000001104
2498,-8.36717299136042,-8.330911630677713,26.908888953911724,24.980000000001105
2499,-8.36354685529215,-8.338897663124985,26.88838036970358,24.990000000001107
2500,-8.361081936075433,-8.348479515126202,26.86878450644847,25.00000000000111
2501,-8.35982169398051,-8.359576574264363,26.850306798952687,25.01000000000111
2502,-8.359797182008895,-8.372093110157092,26.833144313627546,25.02000000000111
2503,-8.361026774823715,-8.385918947842995,26.817483802495552,25.030000000001113
2504,-8.363515992125643,-8.40093025425454,26.80349982963984,25.040000000001115
2505,-8.367257418338532,-8.416990434805877,26.791352979484678,25.050000000001116
2506,-8.372230719985266,-8.433951137943414,26.781188156588893,25.060000000001118
2507,-8.37840276178108,-8.451653366136863,26.7731329871593,25.07000000000112
2508,-8.385727822216658,-8.469928692162721,26.76729633321296,25.08000000000112
2509,-8.394147909211265,-8.48860057959234,26.763766931187885,25.090000000001123
2510,-8.403593176249373,-8.507485806095087,26.762612167762686,25.100000000001124
2511,-8.413982439233944,-8.52639598746777,26.763877006627073,25.110000000001126
2512,-8.425223794057327,-8.545139199182824,26.76758308086877,25.120000000001127
2513,-8.437215334569878,-8.563521690703627,26.77372796642381,25.13000000000113
2514,-8.449845970183253,-8.581349685857024,26.782284652586437,25.14000000000113
2515,-8.46299634175063,-8.598431260210182,26.793201225801855,25.150000000001132
2516,-8.476539833596584,-8.61457828372076,26.806400782780003,25.160000000001133
2517,-8.490343678609001,-8.629608413984704,26.821781588288488,25.170000000001135
2518,-8.504270152146571,-8.643347122283812,26.83921749173292,25.180000000001137
2519,-8.518177849160296,-8.65562973144287,26.858558614753512,25.190000000001138
2520,-8.531923037388554,-8.666303441367656,26.879632319515853,25.20000000000114
2521,-8.545361077786463,-8.675229315188663,26.902244464132806,25.21000000000114
2522,-8.558347901526684,-8.682284196328018,26.926180947731453,25.220000000001143
2523,-8.570741531006817,-8.687362524690757,26.95120954311297,25.230000000001144
2524,-8.582403630375211,-8.690378018705502,26.977082009816083,25.240000000001146
2525,-8.59320106920824,-8.691265189243753,27.003536474791698,25.250000000001148
2526,-8.60300748121179,-8.689980651653785,27.030300061967072,25.26000000000115
2527,-8.611704798255989,-8.686504203351527,27.057091745892247,25.27000000000115
2528,-8.619184738765544,-8.680839636680162,27.08362539861585,25.280000000001152
2529,-8.625350228557005,-8.673015260105787,27.109612993147543,25.290000000001154
2530,-8.630116731711883,-8.663084105235319,27.13476792155726,25.300000000001155
2531,-8.633413469064227,-8.65112380255279,27.15880838116392,25.310000000001157
2532,-8.635184502413082,-8.637236115048497,27.181460778594563,25.32000000000116
2533,-8.635389663676623,-8.621546125890987,27.2024630989422,25.33000000000116
2534,-8.63400530989806,-8.604201083750029,27.22156818597471,25.34000000000116
2535,-8.631024887283257,-8.585368917069408,27.238546879460667,25.350000000001163
2536,-8.626459290261872,-8.56523643623746,27.25319095723906,25.360000000001165
2537,-8.620337004859431,-8.544007249924851,27.26531583266605,25.370000000001166
2538,-8.612704029365974,-8.521899428571135,27.2747629624581,25.380000000001168
2539,-8.60362356928649,-8.49914295384025,27.28140192558895,25.39000000000117
2540,-8.593175507741867,-8.475976997600316,27.28513214060386,25.40000000000117
2541,-8.581455656727712,-8.452647077430662,27.28588419625405,25.410000000001173
2542,-8.568574798798007,-8.429402137692499,27.283620778456676,25.420000000001174
2543,-8.554657532687456,-8.40649160575656,27.27833718495749,25.430000000001176
2544,-8.539840939994367,-8.384162472066633,27.270061427411882,25.440000000001177
2545,-8.524273093201593,-8.362656440404658,27.258853928612755,25.45000000000118
2546,-8.5081114279219,-8.342207191145196,27.244806830009384,25.46000000000118
2547,-8.49152100424423,-8.323037795632601,27.22804293124655,25.470000000001182
2548,-8.474672683383067,-8.305358314313223,27.208714289020637,25.480000000001183
2549,-8.457741246476083,-8.289363605165972,27.187000506966942,25.490000000001185
2550,-8.440903482345071,-8.275231362570212,27.163106751485657,25.500000000001187
2551,-8.424336270367585,-8.263120400301867,27.137261530368008,25.510000000001188
2552,-8.408214683361013,-8.253169186114471,27.1097142718383,25.52000000000119
2553,-8.39271013363636,-8.245494629572486,27.080732741272115,25.53000000000119
2554,-8.377988583229973,-8.240191119655217,27.050600331516097,25.540000000001193
2555,-8.364208836872498,-8.23732980429347,27.01961326058338,25.550000000001194
2556,-8.351520933614594,-8.236958100544346,26.988077707714204,25.560000000001196
2557,-8.34006465030757,-8.239099421611064,26.956306915568515,25.570000000001198
2558,-8.329968127437919,-8.243753105387329,26.92461828285217,25.5800000000012
2559,-8.32134662523286,-8.250894528620165,26.89333046815955,25.5900000000012
2560,-8.31430141557159,-8.260475391074248,26.862760522417485,25.600000000001202
2561,-8.308918813121856,-8.272424155146588,26.833221064192713,25.610000000001204
2562,-8.30526934732433,-8.286646628099957,26.80501750940912,25.620000000001205
2563,-8.303407075401893,-8.303026676315895,26.778445364816214,25.630000000001207
2564,-8.303369035493294,-8.321427063560487,26.753787592934835,25.64000000000121
2565,-8.305174838300013,-8.341690408049606,26.73131205523008,25.65000000000121
2566,-8.308826395274973,-8.363640255934687,26.711269039948835,25.66000000000121
2567,-8.314307781340945,-8.387082271548152,26.693888881407812,25.670000000001213
2568,-8.321585230361666,-8.41180554719874,26.679379678501064,25.680000000001215
2569,-8.330607262045374,-8.437584037349763,26.66792512176347,25.690000000001216
2570,-8.341304939575814,-8.46417812351852,26.659682440406417,25.700000000001218
2571,-8.353592257970085,-8.491336317087717,26.654780483240458,25.71000000000122
2572,-8.367366663881848,-8.518797107321568,26.653317950203153,25.72000000000122
2573,-8.38250970822582,-8.546290961151534,26.65536179418616,25.730000000001223
2574,-8.39888783351839,-8.573542479682878,26.660945815852948,25.740000000001224
2575,-8.416353298134839,-8.600272713842594,26.670069476991152,25.750000000001226
2576,-8.434745239705615,-8.626201638140326,26.68269696047147,25.760000000001227
2577,-8.453890879549085,-8.651050777178053,26.698756506899347,25.77000000000123
2578,-8.473606869311983,-8.674545974390234,26.71814005935238,25.78000000000123
2579,-8.493700779819807,-8.696420286632007,26.74070324800387,25.790000000001232
2580,-8.513972730501028,-8.716416981810228,26.76626574575917,25.800000000001234
2581,-8.534217155631948,-8.73429260996504,26.794612024113675,25.810000000001235
2582,-8.554224701065257,-8.749820111295405,26.825492535146708,25.820000000001237
2583,-8.573784242088271,-8.762791917856786,26.858625340802003,25.830000000001238
2584,-8.592685009665123,-8.773022999351724,26.89369820433414,25.84000000000124
2585,-8.610718808633784,-8.780353797916042,26.930371151044998,25.85000000000124
2586,-8.62768230756201,-8.784652992416424,26.96827949629221,25.860000000001243
2587,-8.64337937604745,-8.785820029854147,27.007037328398514,25.870000000001244
2588,-8.65762344142812,-8.783787360324657,27.046241422784945,25.880000000001246
2589,-8.670239833317774,-8.778522312877012,27.085475551730013,25.890000000001248
2590,-8.681068081273699,-8.770028552747576,27.12431514203163,25.90000000000125
2591,-8.689964128421087,-8.75834706591774,27.162332220988613,25.91000000000125
2592,-8.696802422170752,-8.743556624769994,27.19910058003312,25.920000000001252
2593,-8.701477842430675,-8.725773698677125,27.234201075559106,25.930000000001254
2594,-8.70390742805532,-8.70515178541815,27.26722697851523,25.940000000001255
2595,-8.704031863791602,-8.681880153011768,27.297789278629324,25.950000000001257
2596,-8.701816692713619,-8.656181996420715,27.32552184609355,25.96000000000126
2597,-8.697253223084328,-8.628312029041846,27.350086353447264,25.97000000000126
2598,-8.69035910368008,-8.598553544323499,27.37117686339895,25.98000000000126
2599,-8.681178547744423,-8.56721499757792,27.388523994432237,25.990000000001263
2600,-8.669782192727773,-8.534626171422094,27.401898585089587,26.000000000001265
2601,-8.656266590597205,-8.501133999672229,27.411114789513036,26.010000000001266
2602,-8.640753331504708,-8.467098133407857,27.416032550694883,26.020000000001268
2603,-8.623387811695023,-8.432886338904513,27.416559413387233,26.03000000000127
2604,-8.604337664415972,-8.398869819949915,27.41265165508676,26.04000000000127
2605,-8.583790879969367,-8.36541855661311,27.404314730254328,26.050000000001273
2606,-8.561953647633741,-8.332896748904728,27.391603039248032,26.060000000001274
2607,-8.53904795776084,-8.301658447188878,27.374619048681154,26.070000000001276
2608,-8.515309006703644,-8.272043442068806,27.353511803477954,26.080000000001277
2609,-8.49098245024016,-8.244373475273836,27.328474882312797,26.09000000000128
2610,-8.466321552743528,-8.218948820412873,27.299743857035544,26.10000000000128
2611,-8.441584279510462,-8.196045268964955,27.267593322906173,26.110000000001282
2612,-8.41703037845591,-8.175911543190942,27.232333569928514,26.120000000001284
2613,-8.392918494929415,-8.158767144383358,27.19430696636982,26.130000000001285
2614,-8.369503359874809,-8.14480063257143,27.1538841238858,26.140000000001287
2615,-8.347033087144471,-8.134168322925527,27.111459909847014,26.150000000001288
2616,-8.325746610722577,-8.126993375013885,27.067449366863045,26.16000000000129
2617,-8.305871287151708,-8.12336524399542,27.022283592553897,26.17000000000129
2618,-8.28762068283608,-8.123339457911301,26.976405624770603,26.180000000001293
2619,-8.271192560343602,-8.126937682482046,26.930266369160893,26.190000000001294
2620,-8.256767072557446,-8.134148034146683,26.884320597627152,26.200000000001296
2621,-8.244505168716369,-8.144925603335643,26.83902303820693,26.210000000001298
2622,-8.234547212178297,-8.159193152924923,26.794824569543188,26.2200000000013
2623,-8.22701180625296,-8.176841961206213,26.75216852666579,26.2300000000013
2624,-8.221994821748286,-8.197732784227496,26.711487119481784,26.240000000001302
2625,-8.219568617996206,-8.221696918698989,26.673197961315548,26.250000000001304
2626,-8.219781448066485,-8.24853735350664,26.637700702143277,26.260000000001305
2627,-8.2226570386105,-8.27803000492394,26.605373759873164,26.270000000001307
2628,-8.228194335241843,-8.309925037570798,26.576571143134714,26.28000000000131
2629,-8.23636740547474,-8.343948279761877,26.551619360522032,26.29000000000131
2630,-8.247125492903454,-8.379802747861428,26.530814414018757,26.30000000000131
2631,-8.260393218399251,-8.417170299382336,26.51441887831883,26.310000000001313
2632,-8.27607092649756,-8.455713438617684,26.502659072821622,26.320000000001315
2633,-8.294035177709572,-8.495077301376266,26.495722339067765,26.330000000001316
2634,-8.314139390076242,-8.53489184673065,26.493754443109058,26.340000000001318
2635,-8.336214635741683,-8.574774283420087,26.49685712955559,26.35000000000132
2636,-8.360070600509523,-8.614331756547982,26.50508586156372,26.36000000000132
2637,-8.38549671611337,-8.653164316372774,26.518447788531546,26.370000000001323
2638,-8.41226347613931,-8.690868185249238,26.536899990426704,26.380000000001324
2639,-8.440123947050303,-8.727039331121471,26.560348054122457,26.390000000001326
2640,-8.46881548545742,-8.761277346448443,26.588645042467007,26.400000000001327
2641,-8.498061671556522,-8.793189620182284,26.62159092064112,26.41000000000133
2642,-8.527574466419098,-8.822395777630714,26.658932506244017,26.42000000000133
2643,-8.55705659754026,-8.848532349029389,26.700364009070515,26.430000000001332
2644,-8.586204172689174,-8.871257612844934,26.745528223320072,26.440000000001334
2645,-8.61470951670475,-8.890256544750985,26.794018428688968,26.450000000001335
2646,-8.642264219509373,-8.905245788496911,26.845381047210726,26.460000000001337
2647,-8.668562376408127,-8.915978551240523,26.89911908972374,26.47000000000134
2648,-8.693303993891368,-8.922249314125384,26.95469640951256,26.48000000000134
2649,-8.71619852591477,-8.923898239764265,27.0115427612287,26.49000000000134
2650,-8.736968497299719,-8.920815152641705,27.06905964109107,26.500000000001343
2651,-8.755353162833917,-8.91294296700181,27.12662686025062,26.510000000001344
2652,-8.771112143250706,-8.900280440146181,27.183609777940248,26.520000000001346
2653,-8.784028972940254,-8.882884137648114,27.239367095664203,26.530000000001348
2654,-8.79391448941104,-8.860869510966205,27.293259089396884,26.54000000000135
2655,-8.800609991566557,-8.834411007196667,27.34465613482563,26.55000000000135
2656,-8.803990093129567,-8.803741154802355,27.39294736235902,26.560000000001352
2657,-8.803965199296846,-8.769148597332324,27.437549265123018,26.570000000001354
2658,-8.800483539100393,-8.730975078320759,27.477914075503502,26.580000000001355
2659,-8.79353269302243,-8.689611413382826,27.513537724727318,26.590000000001357
2660,-8.783140565058469,-8.645492518464321,27.543967205933683,26.60000000000136
2661,-8.769375760399054,-8.599091594605285,27.568807174213788,26.61000000000136
2662,-8.752347343819677,-8.550913597804309,27.58772563681325,26.62000000000136
2663,-8.73220396921814,-8.50148814610189,27.600458612314636,26.630000000001363
2664,-8.709132386906516,-8.451362033555002,27.60681366798943,26.640000000001365
2665,-8.683355351571365,-8.401091531401473,27.60667227817544,26.650000000001366
2666,-8.655128969554376,-8.351234659869725,27.599990981839788,26.660000000001368
2667,-8.62473953858591,-8.302343609682643,27.58680135268591,26.67000000000137
2668,-8.592499945695582,-8.254957480693616,27.567208828547844,26.68000000000137
2669,-8.558745699195386,-8.209595487058682,27.541390476832362,26.690000000001373
2670,-8.523830677981715,-8.166750755028305,27.509591798120137,26.700000000001374
2671,-8.488122685686374,-8.126884812237197,27.472122689755007,26.710000000001376
2672,-8.451998898341456,-8.090422837838322,27.429352704748645,26.720000000001377
2673,-8.415841292291143,-8.057749712567999,27.381705748413943,26.73000000000138
2674,-8.380032134318828,-8.029206878375161,27.329654355996006,26.74000000000138
2675,-8.34494960872446,-8.005089989969951,27.27371368970822,26.750000000001382
2676,-8.31096364684901,-7.985647316679165,27.214435383778707,26.760000000001384
2677,-8.278432013832024,-7.971078833189034,27.15240135233272,26.770000000001385
2678,-8.247696695767726,-7.961535922654439,27.088217658245025,26.780000000001387
2679,-8.219080618456397,-7.957121605501413,27.02250852258362,26.79000000000139
2680,-8.192884717160899,-7.957891202013792,26.9559105349795,26.80000000000139
2681,-8.169385365646189,-7.963853336206806,26.88906710614479,26.81000000000139
2682,-8.14883216270225,-7.974971192097495,26.822623185637198,26.820000000001393
2683,-8.131446065641775,-7.991163940701516,26.757220251488086,26.830000000001395
2684,-8.11741785314775,-8.012308266259465,26.693491563970227,26.840000000001396
2685,-8.106906894458922,-8.038239932636033,26.632057663918932,26.850000000001398
2686,-8.100040198276632,-8.068755344865652,26.57352208683978,26.8600000000014
2687,-8.096911712935535,-8.10361307580251,26.51846725762543,26.8700000000014
2688,-8.097581849222232,-8.142535343192787,26.46745052706105,26.880000000001402
2689,-8.102077198619288,-8.185209437711913,26.421000310356305,26.890000000001404
2690,-8.11039042252855,-8.231289117155685,26.379612289592227,26.900000000001405
2691,-8.122480291991263,-8.28039599565687,26.343745646078197,26.910000000001407
2692,-8.138271862357824,-8.332120969182846,26.313819295028843,26.92000000000141
2693,-8.157656773040326,-8.386025729352191,26.29020810353403,26.93000000000141
2694,-8.180493668671513,-8.44164442650562,26.273239083339195,26.94000000000141
2695,-8.206608744454924,-8.498485549701096,26.263187562292202,26.950000000001413
2696,-8.23579642497954,-8.556034095591794,26.260273352232417,26.960000000001415
2697,-8.267820192040766,-8.613754099697136,26.264656946337666,26.970000000001416
2698,-8.302413582806404,-8.671091602092035,26.276435795182827,26.980000000001418
2699,-8.339281384734967,-8.727478114720245,26.295640727594293,26.99000000000142
2700,-8.378101057733495,-8.782334649105776,26.322232599302797,27.00000000000142
2701,-8.418524416870724,-8.835076350958838,26.356099268785147,27.010000000001423
2702,-8.460179610279535,-8.885117771895688,26.39705301480552,27.020000000001424
2703,-8.50267342644115,-8.931878788181745,26.444828523164613,27.030000000001426
2704,-8.54559396261521,-8.974791152196403,26.499081580084887,27.040000000001427
2705,-8.58851368157333,-9.013305634550484,26.559388615475378,27.05000000000143
2706,-8.630992876871046,-9.04689968406318,26.625247239981423,27.06000000000143
2707,-8.67258355759026,-9.075085500014339,26.696077914224414,27.070000000001432
2708,-8.712833751832667,-9.097418377428957,26.77122687608993,27.080000000001434
2709,-8.751292214392295,-9.113505153128152,26.84997043166159,27.090000000001435
2710,-8.787513508265882,-9.12301254967408,26.931520687074556,27.100000000001437
2711,-8.821063412406701,-9.12567518813369,27.0150327622493,27.11000000000144
2712,-8.8515245899794,-9.121303020885772,27.099613483744857,27.12000000000144
2713,-8.878502433070038,-9.109787924568097,27.184331503998564,27.13000000000144
2714,-8.901630982219844,-9.091109192585689,27.268228739755568,27.140000000001443
2715,-8.92057880325643,-9.06533767788073,27.35033296587673,27.150000000001445
2716,-8.935054690718859,-9.032638360839668,27.42967134479,27.160000000001446
2717,-8.94481305773094,-8.993271154491126,27.50528461981814,27.170000000001448
2718,-8.949658867406958,-8.947589808871324,27.57624165583373,27.18000000000145
2719,-8.949451961553395,-8.896038837007664,27.64165397642702,27.19000000000145
2720,-8.944110649098821,-8.839148453873388,27.700689925921434,27.200000000001452
2721,-8.933614429576277,-8.777527593544141,27.75258807938274,27.210000000001454
2722,-8.918005745973064,-8.711855144649455,27.796669535589434,27.220000000001455
2723,-8.897390685840703,-8.64286961570241,27.83234875702107,27.230000000001457
2724,-8.871938578826875,-8.571357505622888,27.859142666344038,27.24000000000146
2725,-8.841880471506476,-8.49814070669239,27.87667776851206,27.25000000000146
2726,-8.807506495025068,-8.424063303928424,27.884695138271248,27.26000000000146
2727,-8.769162175915405,-8.349978154074979,27.883053190555867,27.270000000001463
2728,-8.727243773731361,-8.276733627913943,27.871728231458718,27.280000000001465
2729,-8.68219275914962,-8.205160881568277,27.850812865496934,27.290000000001466
2730,-8.634489571391486,-8.136061987342002,27.820512406353114,27.300000000001468
2731,-8.584646812986538,-8.070199205023963,27.78113949933602,27.31000000000147
2732,-8.53320205219028,-8.00828561396886,27.733107211542816,27.32000000000147
2733,-8.480710408368138,-7.950977258730949,27.676920878258123,27.330000000001473
2734,-8.427737093404419,-7.898866890848467,27.613169010786084,27.340000000001474
2735,-8.374850073148824,-7.852479320706746,27.5425135720838,27.350000000001476
2736,-8.322612997904617,-7.812268329942665,27.465679913629103,27.360000000001477
2737,-8.271578531108421,-7.7786150396019575,27.383446642057987,27.37000000000148
2738,-8.222282181957775,-7.751827584394298,27.29663564990306,27.38000000000148
2739,-8.175236722201427,-7.7321419101826185,27.206102504153385,27.390000000001482
2740,-8.130927240999547,-7.719723490697882,27.112727342229938,27.400000000001484
2741,-8.089806865969381,-7.714669750023471,27.01740638000547,27.410000000001485
2742,-8.052293154374789,-7.717012978658131,26.92104409299625,27.420000000001487
2743,-8.018765136803124,-7.726723541509935,26.824546091652387,27.43000000000149
2744,-7.989560977273805,-7.743713194296604,26.728812676105413,27.44000000000149
2745,-7.9649761989760846,-7.767838348731571,26.63473302563946,27.45000000000149
2746,-7.9452624139516335,-7.798903154804553,26.54317995394048,27.460000000001493
2747,-7.930626488036926,-7.836662298814987,26.455005142894574,27.470000000001495
2748,-7.921230069114732,-7.880823447203248,26.371034755131877,27.480000000001496
2749,-7.917189406923583,-7.9310492975231375,26.2920653182554,27.490000000001498
2750,-7.918575395983539,-7.986959228248164,26.218859771276644,27.5000000000015
2751,-7.925413779210001,-8.048130567885336,26.15214356571123,27.5100000000015
2752,-7.937685458077535,-8.114099530669623,26.092600719621593,27.520000000001502
2753,-7.955326865336744,-8.184361890668999,26.04086973226492,27.530000000001504
2754,-7.978230367869969,-8.258373488278382,25.997539279649295,27.540000000001505
2755,-8.006244679910811,-8.335550682691286,25.963143627059264,27.550000000001507
2756,-8.039175280188859,-8.415270880860366,25.938157713411925,27.56000000000151
2757,-8.07678484025601,-8.496873287471631,25.922991884136,27.57000000000151
2758,-8.118793684977572,-8.579660031229906,25.91798627413731,27.58000000000151
2759,-8.164880319602805,-8.662897829813314,25.923404870301685,27.590000000001513
2760,-8.214682070623855,-8.745820358577749,25.93942931377403,27.600000000001515
2761,-8.267795899419244,-8.827631485705908,25.966152535665113,27.610000000001516
2762,-8.32377945804791,-8.907509528105571,26.003572355371745,27.620000000001518
2763,-8.382152465053677,-8.984612667002873,26.05158520755261,27.63000000000152
2764,-8.442398485248596,-9.058085638887443,26.109980200827245,27.64000000000152
2765,-8.50396720061248,-9.127067785394827,26.17843374690847,27.650000000001523
2766,-8.566277259090715,-9.190702504241209,26.25650503117189,27.660000000001524
2767,-8.628719783605764,-9.24814809222691,26.34363262224547,27.670000000001526
2768,-8.690662614467879,-9.298589910918137,26.439132536370064,27.680000000001527
2769,-8.751455344112905,-9.341253736932035,26.542198079127708,27.69000000000153
2770,-8.810435183394818,-9.375420083673474,26.651901779718855,27.70000000000153
2771,-8.866933673422682,-9.400439202743108,26.767199708569382,27.710000000001532
2772,-8.920284226354726,-9.415746394882591,26.88693842545852,27.720000000001534
2773,-8.969830443207512,-9.420877186997204,27.0098647412359,27.730000000001535
2774,-9.01493511758648,-9.415481868996785,27.134638391406078,27.740000000001537
2775,-9.054989792727511,-9.399338837854062,27.259847615800094,27.75000000000154
2776,-9.089424697240165,-9.372366172315452,27.384027518396984,27.76000000000154
2777,-9.117718844747694,-9.334630865463325,27.505680950155288,27.77000000000154
2778,-9.139410046819258,-9.286355177969561,27.623301522325796,27.780000000001543
2779,-9.154104559934288,-9.227919644704636,27.73539822651578,27.790000000001545
2780,-9.161486068411323,-9.159862371269776,27.840521020125006,27.800000000001546
2781,-9.161323698697169,-9.08287439208037,27.937286641284537,27.810000000001548
2782,-9.15347876803549,-8.997791021953814,28.02440385505484,27.82000000000155
2783,-9.137909993427321,-8.90557931004325,28.10069730970679,27.83000000000155
2784,-9.114676925088915,-8.807321887416007,28.16512920319298,27.840000000001552
2785,-9.083941421321624,-8.704197675161835,28.216818026898444,27.850000000001554
2786,-9.045967046705645,-8.597460075855896,28.255053764188894,27.860000000001556
2787,-9.00111634962067,-8.488413395637428,28.27930906912612,27.870000000001557
2788,-8.949846054222345,-8.378388327393969,28.289246126594204,27.88000000000156
2789,-8.892700281539508,-8.268717361072047,28.28471908701172,27.89000000000156
2790,-8.830301989492762,-8.160710972409039,28.265772163405835,27.90000000000156
2791,-8.76334288778439,-8.055635378052205,28.232633662401735,27.910000000001563
2792,-8.69257213681117,-7.954692538763008,28.185706381372736,27.920000000001565
2793,-8.618784177006354,-7.859002952211891,28.12555493172964,27.930000000001566
2794,-8.542806054526908,-7.769591614100407,28.052890636465882,27.940000000001568
2795,-8.465484610484259,-7.687377353465118,27.968554695648177,27.95000000000157
2796,-8.387673884782345,-7.613165577331091,27.873500317238335,27.96000000000157
2797,-8.31022305403722,-7.547644302413112,27.76877447638035,27.970000000001573
2798,-8.23396517887481,-7.491383216159639,27.655499900532735,27.980000000001574
2799,-8.159706982603293,-7.444835402229367,27.534857788619853,27.990000000001576
2800,-8.0882198245659,-7.408341289708094,27.408071668415687,28.000000000001577
2801,-8.02023197108012,-7.382134341473438,27.276392686123607,28.01000000000158
2802,-7.956422208119452,-7.366347983191292,27.14108651309658,28.02000000000158
2803,-7.897414785626636,-7.361023286779896,27.003421952942663,28.030000000001582
2804,-7.843775635741962,-7.366116955950712,26.864661242287767,28.040000000001584
2805,-7.796009767762837,-7.381509211251773,26.72605196291788,28.050000000001585
2806,-7.754559712111731,-7.4070112325464,26.588820423024238,28.060000000001587
2807,-7.719804864155198,-7.442371883162647,26.454166320654224,28.07000000000159
2808,-7.692061566055942,-7.487283507900905,26.323258472081687,28.08000000000159
2809,-7.671583760240439,-7.541386663453,26.197231369879066,28.09000000000159
2810,-7.6585640505616945,-7.604273702281537,26.077182327919356,28.100000000001593
2811,-7.653135015733679,-7.675491188250537,25.964168971244092,28.110000000001595
2812,-7.655370632985365,-7.754541173690921,25.85920683576847,28.120000000001596
2813,-7.665287687055921,-7.84088141316155,25.76326685454814,28.130000000001598
2814,-7.682847059666484,-7.933924629420554,25.67727252261325,28.1400000000016
2815,-7.707954816641891,-8.033036982826822,25.602096550451158,28.1500000000016
2816,-7.740463033260384,-8.137535927436476,25.538556836812884,28.160000000001602
2817,-7.780170322677993,-8.246687666293324,25.487411614779376,28.170000000001604
2818,-7.826822057039526,-8.359704445508381,25.449353651468826,28.180000000001606
2819,-7.8801102958864115,-8.47574195205721,25.425003412207353,28.190000000001607
2820,-7.939673461503491,-8.59389710377001,25.414901135431982,28.20000000000161
2821,-8.005095825730143,-8.713206541236044,25.419497806144076,28.21000000000161
2822,-8.075906897280733,-8.83264614922692,25.439145064433298,28.220000000001612
2823,-8.151580822475351,-8.951131948105436,25.474084142292895,28.230000000001613
2824,-8.231535935038359,-9.067522701273099,25.52443398710798,28.240000000001615
2825,-8.315134611661833,-9.180624580207171,25.59017880369149,28.250000000001616
2826,-8.401683608516366,-9.289198210778512,25.67115532762859,28.260000000001618
2827,-8.490435068742581,-9.391968389777162,25.767040228996066,28.27000000000162
2828,-8.58058840084604,-9.487636705347622,25.877338134033696,28.28000000000162
2829,-8.671293231296199,-9.574897216154433,26.001370838446267,28.290000000001623
2830,-8.761653629782021,-9.65245523919741,26.138268363629,28.300000000001624
2831,-8.85073379072356,-9.719049164300337,26.28696256876045,28.310000000001626
2832,-8.937565328081238,-9.773475055431796,26.44618406878194,28.320000000001627
2833,-9.021156300816294,-9.814613618808226,26.61446321151736,28.33000000000163
2834,-9.100502032615488,-9.841458921914473,26.79013582741746,28.34000000000163
2835,-9.174597721545386,-9.85314804631309,26.971354374580837,28.350000000001632
2836,-9.242452754022157,-9.848990663962441,27.15610495408288,28.360000000001634
2837,-9.303106545016185,-9.828497358235241,27.34223046417212,28.370000000001635
2838,-9.35564562633809,-9.791405385391615,27.527459899471587,28.380000000001637
2839,-9.399221602243442,-9.737700508785478,27.709443491847768,28.39000000000164
2840,-9.433069492897646,-9.667633553778591,27.88579304851536,28.40000000000164
2841,-9.45652589898574,-9.581730439340072,28.054126492001576,28.41000000000164
2842,-9.469046353021174,-9.48079464921233,28.21211527278206,28.420000000001643
2843,-9.47022118264029,-9.365901409218635,28.357533038809873,28.430000000001645
2844,-9.459789205298124,-9.23838322555014,28.488303736975972,28.440000000001646
2845,-9.437648607323325,-9.099806889095117,28.602547216437944,28.450000000001648
2846,-9.403864435500504,-8.951942531223544,28.698620422137395,28.46000000000165
2847,-9.358672245072807,-8.796725788494786,28.775152417527238,28.47000000000165
2848,-9.302477599415004,-8.636214556453705,28.831071754569535,28.480000000001652
2849,-9.235851295118874,-8.472542147085273,28.865625098999207,28.490000000001654
2850,-9.159520380315513,-8.307868878697628,28.878386489980297,28.500000000001656
2851,-9.074355230153724,-8.144334200342968,28.86925712669502,28.510000000001657
2852,-8.981353127172648,-7.984011378799805,28.838456086453174,28.52000000000166
2853,-8.881618952335364,-7.828866563071175,28.78650284645808,28.53000000000166
2854,-8.776343713408945,-7.680723711568786,28.71419286697131,28.540000000001662
2855,-8.666781713224928,-7.541236453671046,28.622567769789985,28.550000000001663
2856,-8.55422718726954,-7.411867499509745,28.512881797846735,28.560000000001665
2857,-8.43999121849356,-7.293875750324685,28.386566267964945,28.570000000001667
2858,-8.325379671676673,-7.1883108337515385,28.245193640301114,28.580000000001668
2859,-8.21167278788416,-7.09601442392815,28.090442645449833,28.59000000000167
2860,-8.10010695148856,-7.017627425583822,27.92406566037855,28.60000000000167
2861,-7.991858998898086,-6.953601914050227,27.747859236364405,28.610000000001673
2862,-7.8880332904133,-6.904216629218227,27.56363838371026,28.620000000001674
2863,-7.789651624293793,-6.869594812485565,27.373214932966302,28.630000000001676
2864,-7.6976459431129705,-6.849723237515731,27.178380038647052,28.640000000001677
2865,-7.612853672553246,-6.844471400763465,26.98089068052356,28.65000000000168
2866,-7.536015445374268,-6.853609988010924,26.782459854776146,28.66000000000168
2867,-7.467774899637933,-6.876827901528517,26.584750032577666,28.670000000001682
2868,-7.408680199826992,-6.913747304347531,26.389369392963907,28.680000000001684
2869,-7.359186910279046,-6.963936302179892,26.19787030342147,28.690000000001685
2870,-7.319661849469131,-7.026919031894952,26.011749517453758,28.700000000001687
2871,-7.290387567711713,-7.102183053618826,25.83244957522569,28.71000000000169
2872,-7.271567116302425,-7.1891840497742665,25.661360923596828,28.72000000000169
2873,-7.263328809649609,-7.2873479193252555,25.49982430892809,28.73000000000169
2874,-7.2657307206171735,-7.396070421393485,25.349133034907094,28.740000000001693
2875,-7.278764690694805,-7.514714572624998,25.210534714701904,28.750000000001695
2876,-7.302359678887824,-7.642606041144215,25.085232179895247,28.760000000001696
2877,-7.336384315113463,-7.7790268107613,24.9743832370628,28.770000000001698
2878,-7.380648564678247,-7.923207416285255,24.87909898688762,28.7800000000017
2879,-7.434904449838948,-8.07431807795171,24.800440441683822,28.7900000000017
2880,-7.498845812650224,-8.23145909314869,24.739413197310704,28.800000000001702
2881,-7.57210714070007,-8.393650879138495,24.69695993757568,28.810000000001704
2882,-7.654261514543912,-8.559824102774126,24.67395057682501,28.820000000001706
2883,-7.7448177733669334,-8.728810382699178,24.671169883454304,28.830000000001707
2884,-7.843217034300158,-8.899334105383609,24.689302477818305,28.84000000000171
2885,-7.948828741408503,-9.07000595634368,24.72891516690255,28.85000000000171
2886,-8.06094646290202,-9.239318828149347,24.79043666942379,28.860000000001712
2887,-8.178783699426752,-9.405646821638538,24.874134902513102,28.870000000001713
2888,-8.30147001164793,-9.56724809848148,24.98009214751991,28.880000000001715
2889,-8.428047820331285,-9.7222723622497,25.108178588754775,28.890000000001717
2890,-8.557470274523126,-9.86877373004553,25.258024923634572,28.900000000001718
2891,-8.688600620075366,-10.00472969483988,25.428994970746245,28.91000000000172
2892,-8.820213527551818,-10.12806675680539,25.620159444495734,28.92000000000172
2893,-8.950998850477175,-10.236693107848089,25.830272306805742,28.930000000001723
2894,-9.079568276214266,-10.32853847764591,26.057751327701283,28.940000000001724
2895,-9.20446529635743,-10.401600887164678,26.300664661975503,28.950000000001726
2896,-9.324178855438156,-10.453999609750234,26.556725348247504,28.960000000001727
2897,-9.437160930869364,-10.484033123557337,26.823295626787488,28.97000000000173
2898,-9.541848150138161,-10.490240277702405,27.097402821322245,28.98000000000173
2899,-9.636687362894586,-10.471462327122243,27.375768210636647,28.990000000001732
2900,-9.720164859317352,-10.426902969811769,27.654849811807726,29.000000000001734
2901,-9.790838670366794,-10.356183107418184,27.93089930854628,29.010000000001735
2902,-9.847373114071933,-10.259386813564344,28.200032507440138,29.020000000001737
2903,-9.888574484021174,-10.137094998071637,28.458311739322646,29.03000000000174
2904,-9.91342653542622,-9.990403550378987,28.70183761567434,29.04000000000174
2905,-9.921124236921496,-9.820923358447335,28.926846595815793,29.05000000000174
2906,-9.911104149074081,-9.630760522606298,29.129810027531775,29.060000000001743
2907,-9.883069786427303,-9.422476268864878,29.307529799207682,29.070000000001745
2908,-9.837010434671061,-9.199027423642201,29.457225576490277,29.080000000001746
2909,-9.773212133568176,-8.963689717389736,29.57660884866914,29.090000000001748
2910,-9.692259891950332,-8.719967492918796,29.663939690446632,29.10000000000175
2911,-9.595030652047178,-8.471494458746207,29.718063210608666,29.11000000000175
2912,-9.482677032717081,-8.221930822479298,29.738424014995612,29.120000000001752
2913,-9.356602411693302,-7.974862379453278,29.72505852034486,29.130000000001754
2914,-9.2184284084693,-7.733706888541037,29.67856645886081,29.140000000001756
2915,-9.069956256476473,-7.501632372356965,29.60006425279887,29.150000000001757
2916,-8.913123868064522,-7.28149092082902,29.491123980752022,29.16000000000176
2917,-8.749960573340973,-7.075770284189887,29.35370231314733,29.17000000000176
2918,-8.582541544425863,-6.8865641626671925,29.19006402825686,29.180000000001762
2919,-8.412943806249997,-6.715560781410107,29.00270455108113,29.190000000001763
2920,-8.243205503766008,-6.564048203170839,28.794275451200228,29.200000000001765
2921,-8.07528977370649,-6.432933963430731,28.567516088588523,29.210000000001767
2922,-7.911054192678915,-6.322776055130496,28.325193718057708,29.220000000001768
2923,-7.752226378924073,-6.233822043312458,28.070053459112604,29.23000000000177
2924,-7.600385945362912,-6.1660531201426565,27.804778697059785,29.24000000000177
2925,-7.456952662840886,-6.119230161412252,27.53196176653179,29.250000000001773
2926,-7.323180412698023,-6.0929392493118515,27.25408421589107,29.260000000001774
2927,-7.200156296359406,-6.086634615415821,26.973505570463836,29.270000000001776
2928,-7.088804128265048,-6.099677472561689,26.692459294083054,29.280000000001777
2929,-6.989891462694712,-6.131369697375859,26.41305456805998,29.29000000000178
2930,-6.904039286162827,-6.180981763666899,26.137282533268174,29.30000000000178
2931,-6.831733533913234,-6.247774691723612,25.867025741615144,29.310000000001782
2932,-6.773337649694272,-6.331016062486191,25.604069707243234,29.320000000001784
2933,-6.729105490973464,-6.429990350441054,25.35011560961865,29.330000000001785
2934,-6.699193976920223,-6.5440039629542435,25.10679336043608,29.340000000001787
2935,-6.683674975523625,-6.672385448262223,24.8756743901601,29.35000000000179
2936,-6.682546022797485,-6.814481362718347,24.658283629565148,29.36000000000179
2937,-6.6957395567895714,-6.96964828349683,24.45611025272202,29.37000000000179
2938,-6.723130429460297,-7.1372414283193635,24.270616809736637,29.380000000001793
2939,-6.764541529346204,-7.3166003101319435,24.103246411768378,29.390000000001795
2940,-6.819747407424778,-7.5070318218028405,23.95542764063637,29.400000000001796
2941,-6.888475848862584,-7.707791122203933,23.82857684492802,29.410000000001798
2942,-6.970407376196719,-7.918060687572888,23.724097458997065,29.4200000000018
2943,-7.0651727073343356,-8.136927906814211,23.64337594630879,29.4300000000018
2944,-7.172348227282323,-8.363361641348623,23.5877739307616,29.440000000001803
2945,-7.291449568688953,-8.596188243195845,23.558616046365767,29.450000000001804
2946,-7.421923436139642,-8.834067631894971,23.55717301571154,29.460000000001806
2947,-7.563137855715175,-9.075470172750062,23.584639471228606,29.470000000001807
2948,-7.714371087418664,-9.318655274640378,23.642106072215242,29.48000000000181
2949,-7.874799506140835,-9.561652831079375,23.730525558532573,29.49000000000181
2950,-8.04348483863469,-9.802248855000068,23.850672533559113,29.500000000001812
2951,-8.219361240271228,-10.037976892118545,24.003096999828042,29.510000000001813
2952,-8.40122280545596,-10.266117019204732,24.188071995144135,29.520000000001815
2953,-8.587712226830838,-10.483704413884197,24.405536106192514,29.530000000001817
2954,-8.777311445536174,-10.68754958504288,24.655032175803317,29.540000000001818
2955,-8.968335259486844,-10.87427233287517,24.93564416409055,29.55000000000182
2956,-9.158928966825677,-11.040351314454428,25.245934852890002,29.56000000000182
2957,-9.347071201588552,-11.182190671833792,25.58388785805849,29.570000000001823
2958,-9.530583148613076,-11.296204487332954,25.946858172503962,29.580000000001824
2959,-9.707145282485063,-11.378918831488088,26.331536115873153,29.590000000001826
2960,-9.874322637385365,-11.427089856391193,26.73393000199847,29.600000000001828
2961,-10.029599359285948,-11.43783479424509,27.14937292242918,29.61000000000183
2962,-10.170422902781862,-11.408770934224593,27.572558649737527,29.62000000000183
2963,-10.294257705926135,-11.338155817865402,27.99761067109816,29.630000000001832
2964,-10.398647517120063,-11.225020223361346,28.418186698859397,29.640000000001834
2965,-10.48128478774419,-11.069284260349864,28.827618673642604,29.650000000001835
2966,-10.540084735004758,-10.871846347605333,29.219085382971013,29.660000000001837
2967,-10.573260896264815,-10.634635251772078,29.585811590055574,29.67000000000184
2968,-10.579398331815542,-10.360616902514577,29.92128434485677,29.68000000000184
2969,-10.557520188885444,-10.053750409560221,30.219474360744346,29.69000000000184
2970,-10.507143210952922,-9.718891451741898,30.47504844035397,29.700000000001843
2971,-10.42831803503182,-9.361645653056032,30.68355832529611,29.710000000001845
2972,-10.321650796834241,-8.98817919970802,30.84159228530163,29.720000000001846
2973,-10.188303637121619,-8.604998174952323,30.946878294347805,29.730000000001848
2974,-10.02997309090469,-8.218711284758214,30.998331548531446,29.74000000000185
2975,-9.848846910290042,-7.835792324416822,30.996043904184337,29.75000000000185
2976,-9.64754145170272,-7.4623586236844615,30.941217923646157,29.760000000001853
2977,-9.429023168900894,-7.103979819078943,30.836052920510262,29.770000000001854
2978,-9.196518833918699,-6.765527933930951,30.68359407901832,29.780000000001856
2979,-8.953419743919923,-6.451075419688794,30.48755795423582,29.790000000001857
2980,-8.70318531149681,-6.163843160475906,30.252148269111114,29.80000000000186
2981,-8.44925109639472,-5.906196091520739,29.98187500783439,29.81000000000186
2982,-8.194945595907322,-5.679680534776912,29.681387678976844,29.820000000001862
2983,-7.943419089794281,-5.485094923880702,29.355330737383767,29.830000000001863
2984,-7.697586673202923,-5.322584374118703,29.008225994997076,29.840000000001865
2985,-7.460086443294501,-5.191749460550854,28.644383847249298,29.850000000001867
2986,-7.2332527450201365,-5.091760373913921,28.26784260899902,29.860000000001868
2987,-7.019103507909515,-5.0214690373070265,27.882333369775022,29.87000000000187
2988,-6.819340060849266,-4.9795134895037165,27.49126658926056,29.88000000000187
2989,-6.6353574037147105,-4.964410615890158,27.0977361051054,29.890000000001873
2990,-6.468262724932256,-4.97463494388219,26.704536196321524,29.900000000001874
2991,-6.3188999468272495,-5.008682596771693,26.31418768886287,29.910000000001876
2992,-6.187878211821694,-5.065120564036027,25.928969659104013,29.920000000001878
2993,-6.075602447043127,-5.142622193620186,25.550953959979058,29.93000000000188
2994,-5.9823044217008325,-5.23999027282071,25.18204046755072,29.94000000000188
2995,-5.90807300681282,-5.356169287803956,24.82399155820368,29.950000000001882
2996,-5.852882634911934,-5.490248492369782,24.47846484187686,29.960000000001884
2997,-5.816619220657719,-5.641457327198191,24.147043580050237,29.970000000001885
2998,-5.799103031311766,-5.8091545576125725,23.831264509134577,29.980000000001887
2999,-5.8001081839418465,-5.992812278254593,23.532642980268417,29.99000000000189
3000,-5.819378593373121,-6.1919956955794,23.252695429527243,30.00000000000189
3001,-5.856640303593749,-6.406339364559921,22.99295922341765,30.01000000000189
3002,-5.911610209690366,-6.635520339053017,22.755009897336322,30.020000000001893
3003,-5.984001222626631,-6.879228506068802,22.540475731236892,30.030000000001895
3004,-6.0735239509708485,-7.137134220000497,22.351049496314346,30.040000000001896
3005,-6.179884977873813,-7.408853239620328,22.18849706601063,30.050000000001898
3006,-6.302781804048465,-7.69390890403043,22.05466241930503,30.0600000000019
3007,-6.441894514046661,-7.991691470215423,21.951468378546856,30.0700000000019
3008,-6.596874209663537,-8.301414582216037,21.880912222851617,30.080000000001903
3009,-6.767328246918787,-8.622068959831251,21.8450551078537,30.090000000001904
3010,-6.952802318210034,-8.95237359450144,21.84600401316508,30.100000000001906
3011,-7.152759445839174,-9.290725034191636,21.885884744960663,30.110000000001907
3012,-7.36655600467442,-9.63514574028404,21.9668043642318,30.12000000000191
3013,-7.593414978235382,-9.983233018261636,22.090801321608975,30.13000000000191
3014,-7.832396782238007,-10.332110665617652,22.25978159768689,30.140000000001912
3015,-8.082368170575972,-10.678386240397682,22.47543932505968,30.150000000001913
3016,-8.341969977558144,-11.01811771154924,22.739160767016486,30.160000000001915
3017,-8.609584750957254,-11.346794163816831,23.051911218152167,30.170000000001917
3018,-8.883305692243212,-11.659336119404461,23.41410544571859,30.180000000001918
3019,-9.160908734959337,-11.950121790191169,23.825463769672254,30.19000000000192
3020,-9.43983004048252,-12.213046026457393,24.28485782006356,30.20000000000192
3021,-9.717151639080006,-12.441618673741097,24.790152399192014,30.210000000001923
3022,-9.989598342546115,-12.62910824575757,25.33805262143041,30.220000000001924
3023,-10.25354933286726,-12.768735014509032,25.92396840618882,30.230000000001926
3024,-10.505067901031438,-12.853914588001281,26.541911125919565,30.240000000001928
3025,-10.739952569728423,-12.878548668400803,27.184439284638497,30.25000000000193
3026,-10.953812179595662,-12.837354015723959,27.84267092237044,30.26000000000193
3027,-11.142166363208492,-12.726214007234152,28.50637934548608,30.270000000001932
3028,-11.300571127611057,-12.542530238058825,29.164185166030425,30.280000000001934
3029,-11.424767038655833,-12.285545362933872,29.80385111235691,30.290000000001935
3030,-11.510844871083638,-11.956604121993555,30.412676686504305,30.300000000001937
3031,-11.55542079617463,-11.559318610149308,30.97797812719646,30.31000000000194
3032,-11.555810577572098,-11.099607520232224,31.4876266170445,30.32000000000194
3033,-11.51019027183811,-10.585587919511253,31.930606193815297,30.33000000000194
3034,-11.417730036605425,-10.027311788571346,32.29754467290868,30.340000000001943
3035,-11.278688211802017,-9.436356621730402,32.58116820491223,30.350000000001945
3036,-11.094455052794855,-8.82529737722284,32.776634294699946,30.360000000001946
3037,-10.867539285237653,-8.207102858588742,32.88170936429942,30.370000000001948
3038,-10.601495642572761,-7.59451014704649,32.89677390858843,30.38000000000195
3039,-10.300797093020133,-6.9994337730303835,32.82465826667328,30.39000000000195
3040,-9.970660761021158,-6.4324611768184425,32.67033151684885,30.400000000001953
3041,-9.616840802600887,-5.902473653090206,32.4404815589245,30.410000000001954
3042,-9.245404087649819,-5.416414874168685,32.14303354531966,30.420000000001956
3043,-8.862505166301705,-4.979210532675311,31.7866554262916,30.430000000001957
3044,-8.474175702939066,-4.593825894563421,31.380294072289878,30.44000000000196
3045,-8.0861407221015,-4.261435576655909,30.932775108154566,30.45000000000196
3046,-7.703670207556941,-3.9816728985812073,30.45248678278054,30.460000000001962
3047,-7.3314704766593675,-3.7529246759660593,29.947155417423428,30.470000000001964
3048,-6.9736158965900366,-3.5726403046433264,29.423709170921853,30.480000000001965
3049,-6.6335183373953654,-3.437629892532277,28.888219138576527,30.490000000001967
3050,-6.313929492909057,-3.344333414173225,28.3459024375074,30.500000000001968
3051,-6.016969885035474,-3.2890500440130217,27.801170559619234,30.51000000000197
3052,-5.744177900933229,-3.2681230511231867,27.25770716201473,30.52000000000197
3053,-5.496572415952225,-3.278080441771715,26.71856177310559,30.530000000001973
3054,-5.274723218534174,-3.3157348174609433,26.18624885782459,30.540000000001974
3055,-5.078824378426851,-3.378247821909089,25.662844722564238,30.550000000001976
3056,-4.908766722775074,-3.463165355682095,25.150077470571983,30.560000000001978
3057,-4.764206586065776,-3.568429750874706,24.649407446557795,30.57000000000198
3058,-4.644628902546669,-3.6923746044692822,24.16209727985989,30.58000000000198
3059,-4.5494034727389305,-3.833707197415842,23.689271783799764,30.590000000001982
3060,-4.4778338452066215,-3.991482544609834,23.231968677938983,30.600000000001984
3061,-4.429198715146943,-4.165072239453036,22.791181469501996,30.610000000001985
3062,-4.402786067577552,-4.35413044048566,22.367895956430072,30.620000000001987
3063,-4.397920504868363,-4.558558628222572,21.963121779323124,30.63000000000199
3064,-4.413984317203784,-4.7784701470614275,21.577920316511555,30.64000000000199
3065,-4.450432900189549,-5.014155035658324,21.213430030964805,30.65000000000199
3066,-4.5068051137364264,-5.266045227998067,20.870890168845857,30.660000000001993
3067,-4.58272912516259,-5.534679862152427,20.551663493303725,30.670000000001995
3068,-4.677924198861573,-5.820670149963392,20.25725851950966,30.680000000001996
3069,-4.792198793971755,-6.124663025834908,19.98935149647045,30.690000000001998
3070,-4.92544521715807,-6.447302596552019,19.749808150890132,30.700000000002
3071,-5.077630955097465,-6.7891882504248455,19.540704957577308,30.710000000002
3072,-5.248786684630203,-7.150828151577677,19.364349416245325,30.720000000002003
3073,-5.438990831324951,-7.532586748033206,19.223298481006246,30.730000000002004
3074,-5.648350422995776,-7.934624871463702,19.120373890766537,30.740000000002006
3075,-5.876977867842569,-8.356831021650397,19.058672671169877,30.750000000002007
3076,-6.124963183223351,-8.798742539640598,19.041570509534075,30.76000000000201
3077,-6.392341118865076,-9.259455622330254,19.0727150370861,30.77000000000201
3078,-6.679052569211594,-9.737523573589556,19.156005291893084,30.780000000002012
3079,-6.98489966964939,-10.230843393626413,19.295552802528686,30.790000000002014
3080,-7.309494042047092,-10.736531863231129,19.495618874198346,30.800000000002015
3081,-7.652197824165496,-11.250793776302267,19.760521861085092,30.810000000002017
3082,-8.012057419379174,-11.768787005407882,20.094507608007707,30.82000000000202
3083,-8.387730377982045,-12.284491725084878,20.501576044231882,30.83000000000202
3084,-8.777406512692329,-12.790594391841875,20.985257393924666,30.84000000000202
3085,-9.178725300607283,-13.278400922277717,21.548332995248263,30.850000000002023
3086,-9.588692862774327,-13.737797704731019,22.19249872701082,30.860000000002024
3087,-10.003603346969996,-14.15728318775235,22.917973988973117,30.870000000002026
3088,-10.418971331048231,-14.524096080007798,23.72306647074385,30.880000000002028
3089,-10.829483805944188,-14.824467597468908,24.60371277152726,30.89000000000203
3090,-11.22898218509666,-15.044023296905024,25.55302708207187,30.90000000000203
3091,-11.610486296277497,-15.168353216964263,26.56090372248121,30.910000000002032
3092,-11.966272988346173,-15.183755760886179,27.61373252817498,30.920000000002034
3093,-12.288021265600173,-15.078140023421081,28.69429599165503,30.930000000002035
3094,-12.567033141382264,-14.842043384086091,29.781919817745848,30.940000000002037
3095,-12.794534165652648,-14.469688496196252,30.852939800209057,30.95000000000204
3096,-12.962049598707008,-13.95997125377104,31.88152397717949,30.96000000000204
3097,-13.061841764213412,-13.317246478125618,32.84084840233375,30.97000000000204
3098,-13.087382235604633,-12.551770054986074,33.70457010726123,30.980000000002043
3099,-13.033821017542778,-11.679673459600894,34.44847969549779,30.990000000002045
3100,-12.898406261748589,-10.722393423141115,35.05216130444234,31.000000000002046
3101,-12.680804977887842,-9.705553073628902,35.5004548676903,31.010000000002048
3102,-12.383279787461948,-8.65737948866631,35.78451832851084,31.02000000000205
3103,-12.010689757582384,-7.606827009053893,35.90233203076111,31.03000000000205
3104,-11.570303482729535,-6.581634155134577,35.85856890239426,31.040000000002053
3105,-11.07143654997004,-5.606557542176808,35.66385544420247,31.050000000002054
3106,-10.524948649190716,-4.701993073968739,35.3335457599434,31.060000000002056
3107,-9.942653091668518,-3.8831212178301056,34.88620022953529,31.070000000002057
3108,-9.336699904284677,-3.1596190056314293,34.3419868285655,31.08000000000206
3109,-8.718991814419352,-2.535890537422693,33.72120465781164,31.09000000000206
3110,-8.100681686719687,-2.0117002662476904,33.04307662198385,31.100000000002062
3111,-7.491783544672487,-1.5830596792209257,32.3248893471239,31.110000000002064
3112,-6.9009111581273315,-1.2432177339955948,31.58149170241748,31.120000000002065
3113,-6.335141815714158,-0.9836299961361066,30.825111941678134,31.130000000002067
3114,-5.7999906337563525,-0.79481884821676,30.065423311763844,31.14000000000207
3115,-5.299473455202393,-0.6670763011048693,29.30977810886871,31.15000000000207
3116,-4.8362337397926405,-0.5909941948922712,28.56353555746854,31.16000000000207
3117,-4.4117097853026035,-0.5578303561773263,27.83042313658964,31.170000000002073
3118,-4.026321842390076,-0.5597332916922371,27.11288837602278,31.180000000002075
3119,-3.679662987320292,-0.5898539278578908,26.412414683111372,31.190000000002076
3120,-3.370682081374052,-0.6423731778769943,25.72978826155771,31.200000000002078
3121,-3.097851191024346,-0.7124710663751489,25.06531293218509,31.21000000000208
3122,-2.859313178559426,-0.796258593994539,24.418975880742227,31.22000000000208
3123,-2.6530077201029374,-0.8906887026239227,23.7905707175026,31.230000000002082
3124,-2.476775818355036,-0.9934582994346133,23.179785538411895,31.240000000002084
3125,-2.328444066462994,-1.1029096226177337,22.586263658980084,31.250000000002085
3126,-2.205890622078468,-1.2179363489979855,22.009643928406906,31.260000000002087
3127,-2.1070951947704195,-1.337897688320386,21.449586434021487,31.27000000000209
3128,-2.0301754441254163,-1.462542160923505,20.905788240349125,31.28000000000209
3129,-1.9734121158052251,-1.5919416844129597,20.377992725750865,31.29000000000209
3130,-1.9352650726659986,-1.7264358825864181,19.865995156474266,31.300000000002093
3131,-1.9143821536580405,-1.866586078506268,19.36964639627262,31.310000000002095
3132,-1.9096025461428634,-2.0131381669085457,18.888856083141608,31.320000000002096
3133,-1.9199561082194316,-2.1669934214585287,18.42359619195049,31.330000000002098
3134,-1.9446598395433414,-2.329186237104348,17.973905616058484,31.3400000000021
3135,-1.9831124792994421,-2.5008678056925255,17.539896215638063,31.3500000000021
3136,-2.0348880119387505,-2.683294751130955,17.121760671433186,31.360000000002103
3137,-2.099728685857971,-2.877821791626658,16.71978243007738,31.370000000002104
3138,-2.1775379964348396,-3.0858975378532474,16.334348014961975,31.380000000002106
3139,-2.2683739505766805,-3.309062566980773,15.965961992647458,31.390000000002107
3140,-2.3724428122170895,-3.5489489246722474,15.615264919454535,31.40000000000211
3141,-2.4900934234626053,-3.807280192656054,15.283054638608391,31.41000000000211
3142,-2.62181210038195,-4.085871210838839,14.97031134860229,31.420000000002112
3143,-2.768218011427639,-4.386626452434889,14.67822691178469,31.430000000002114
3144,-2.930058855528364,-4.711535909980037,14.408238911020785,31.440000000002115
3145,-3.108206560973531,-5.06266715029013,14.162069981888667,31.450000000002117
3146,-3.303652619905191,-5.442151927513091,13.941772934897205,31.46000000000212
3147,-3.517502550665981,-5.852165394986449,13.749782118032453,31.47000000000212
3148,-3.750968835098028,-6.294895518510253,13.588971328589428,31.48000000000212
3149,-4.00536150343925,-6.772499757606802,13.462718328928347,31.490000000002123
3150,-4.282075328856005,-7.287045443730368,13.37497560493529,31.500000000002125
3151,-4.582572340343441,-7.840429550753303,13.330346363952186,31.510000000002126
3152,-4.908358061384427,-8.434272745195482,13.334163816870396,31.520000000002128
3153,-5.260949529765533,-9.069781770307603,13.392570421295137,31.53000000000213
3154,-5.64183275381974,-9.747573450336231,13.512591851456358,31.54000000000213
3155,-6.052406823471389,-10.467453053936953,13.702197860374563,31.550000000002132
3156,-6.493911446517946,-11.228139675702712,13.970338760311385,31.560000000002134
3157,-6.967334269436423,-12.026932056097515,14.32694184100123,31.570000000002135
3158,-7.473294048102532,-12.859310402328434,14.782846617280846,31.580000000002137
3159,-8.011895683525122,-13.718474035384483,15.349651453077598,31.59000000000214
3160,-8.582553518711059,-14.594822024212398,16.039437243415346,31.60000000000214
3161,-9.183780369261193,-15.475395503693175,16.86432732811293,31.61000000000214
3162,-9.812941882704392,-16.343317269482192,17.835838267030287,31.620000000002143
3163,-10.465979421382173,-17.177287380507767,18.96397613860309,31.630000000002145
3164,-11.137110217294731,-17.951222904547674,20.25604147063596,31.640000000002146
3165,-11.818521486020025,-18.634163872099066,21.715127844984067,31.650000000002148
3166,-12.50008572462793,-19.190601199387523,23.338340430082035,31.66000000000215
3167,-13.169137272103889,-19.581406629823714,25.114826286274763,31.67000000000215
3168,-13.810364207875871,-19.765545050424613,27.023799904197773,31.680000000002153
3169,-14.405882292130745,-19.70270638854829,29.032858999221254,31.690000000002154
3170,-14.935564701772499,-19.356886872991314,31.09699811660708,31.700000000002156
3171,-15.377696918894381,-18.700763846742873,33.15880519666208,31.710000000002157
3172,-15.71000361167923,-17.720450780496577,35.15031717728805,31.72000000000216
3173,-15.911048328560964,-16.419931185893137,36.996858843515554,31.73000000000216
3174,-15.961936614294181,-14.824237315390036,38.622859127525714,31.740000000002162
3175,-15.848166684403767,-12.980380901674717,39.95915158129346,31.750000000002164
3176,-15.561388106130861,-10.955270816014073,40.950726607360224,31.760000000002165
3177,-15.100776377119182,-8.830405277918654,41.56349944092159,31.770000000002167
3178,-14.473739267199129,-6.693907505654088,41.78859921004217,31.78000000000217
3179,-13.695756091044625,-4.631242532336963,41.64309528359689,31.79000000000217
3180,-12.78930473517386,-2.71640505370335,41.166896423914565,31.80000000000217
3181,-11.782014767026808,-1.0052864953471732,40.416521839436626,31.810000000002173
3182,-10.704341939858844,0.4676828062798304,39.457190927051045,31.820000000002175
3183,-9.587139465244977,1.6894228717510595,38.354936802218226,31.830000000002176
3184,-8.459483231545374,2.665270875800189,37.17017116061989,31.840000000002178
3185,-7.347007820810817,3.414367258678836,35.95349845352311,31.85000000000218
3186,-6.2708703128618515,3.964567739500458,34.74388466523616,31.86000000000218
3187,-5.247326507625621,4.347822323511391,33.568768172753565,31.870000000002182
3188,-4.28781162451192,4.596555548753394,32.44545658819406,31.880000000002184
3189,-3.3993749071853885,4.741202797617077,31.38315276936229,31.890000000002185
3190,-2.5853171367051417,4.808796815954355,30.385097437311664,31.900000000002187
3191,-1.845905741439192,4.822371180568745,29.450505524164488,31.91000000000219
3192,-1.1790780492383983,4.800922433513502,28.57614228369114,31.92000000000219
3193,-0.5810780009632082,4.759706376377751,27.75750520021819,31.93000000000219
3194,-0.04699956322911225,4.710700228678961,26.98964745488213,31.940000000002193
3195,0.42877041596169513,4.663118365108892,26.26770951421943,31.950000000002195
3196,0.8522052108764149,4.62391473057935,25.587231332517774,31.960000000002196
3197,1.2293761628467084,4.598237323584233,24.944310405931112,31.970000000002198
3198,1.566262278920461,4.589820869828461,24.335658428673547,31.9800000000022
3199,1.868618138011261,4.601315860932664,23.758596170196395,31.9900000000022
3200,2.141887910303401,4.634558343593352,23.2110146284224,32.0000000000022
3201,2.3911549536323964,4.690787458857438,22.691321283188522,32.0100000000022
3202,2.6211182041549006,4.77081831837833,22.198383378990332,32.0200000000022
3203,2.8360882155772433,4.875177364583108,21.731475276314093,32.0300000000022
3204,3.03999713047783,5.004206481916278,21.290233599671147,32.040000000002195
3205,3.2364180656216748,5.158141123128878,20.87462177046669,32.05000000000219
3206,3.4285903713723953,5.33716674016208,20.484904201080113,32.06000000000219
3207,3.619448008251364,5.541456923721638,20.121629674008595,32.07000000000219
3208,3.8116488997983913,5.771195872331184,19.78562303495545,32.08000000000219
3209,4.007603597051671,6.026587122821285,19.47798414466289,32.090000000002185
3210,4.209501949628632,6.307849865552876,19.200092956452185,32.10000000000218
3211,4.4193367412210565,6.615203625461,18.953619540683555,32.11000000000218
3212,4.638923429645051,6.948841604595604,18.740537810591913,32.12000000000218
3213,4.869915247140106,7.3088925495132235,18.563141576927304,32.13000000000218
3214,5.113812977377418,7.695370631214334,18.424061340875074,32.140000000002175
3215,5.37196874276111,8.108112518758222,18.326279900448068,32.15000000000217
3216,5.645583120360821,8.54670061358077,18.273144373238377,32.16000000000217
3217,5.935694869682816,9.010371326851283,18.268371610473444,32.17000000000217
3218,6.243162515399663,9.497907380636494,18.316043182781435,32.18000000000217
3219,6.568637001923347,10.00751346885021,18.420585157909205,32.190000000002165
3220,6.912524648616033,10.53667532204702,18.58672678638565,32.20000000000216
3221,7.274939715959132,11.082003399959213,18.819431017529844,32.21000000000216
3222,7.65564608435914,11.639064225016368,19.12378859039662,32.22000000000216
3223,8.053987898424863,12.202204913984945,19.50486645925122,32.23000000000216
3224,8.46880959998087,12.764379892172034,19.967500794117875,32.240000000002155
3225,8.898366629199987,13.316993157116446,20.516025135961023,32.25000000000215
3226,9.340229281991633,13.849774747384641,21.15392600744109,32.26000000000215
3227,9.791183828530933,14.350716007630595,21.88342203035443,32.27000000000215
3228,10.2471370464409,14.806094240577712,22.704969094562507,32.28000000000215
3229,10.70303276585458,15.200622371703515,23.61670402009803,32.290000000002145
3230,11.152791726439474,15.517761752939775,24.613852839285997,32.30000000000214
3231,11.589288729089505,15.740234075795554,25.688147079148827,32.31000000000214
3232,12.00438326376011,15.85075904502693,26.82731099738334,32.32000000000214
3233,12.389020841886792,15.833025536942731,28.01470190343327,32.33000000000214
3234,12.733421311392386,15.672873859692801,29.229200019681475,32.340000000002135
3235,13.027366566222428,15.359625903830112,30.44544774598107,32.35000000000213
3236,13.260592499983197,14.887452202737434,31.63452390911398,32.36000000000213
3237,13.423278470258621,14.256618275807995,32.765100975105725,32.37000000000213
3238,13.50661245081356,13.474419319772464,33.805070520706394,32.38000000000213
3239,13.50339313770945,12.555606748846502,34.723539571006775,32.390000000002125
3240,13.408614498823155,11.522144700315529,35.49301145590145,32.40000000000212
3241,13.219967518972393,10.402214232837892,36.09149111527264,32.41000000000212
3242,12.938192190358942,9.228499593269934,36.504220695033794,32.42000000000212
3243,12.567222930650042,8.035922179521483,36.72477582349665,32.43000000000212
3244,12.114092855537185,6.859100929787987,36.75534072303742,32.440000000002115
3245,11.588593662962266,5.729879815482693,36.60611615944595,32.45000000000211
3246,11.002722278214309,4.675253185447142,36.29396555105311,32.46000000000211
3247,10.369975368937592,3.715938658159529,35.840531593489814,32.47000000000211
3248,9.704571697859786,2.8657180765392702,35.27012600790606,32.48000000000211
3249,9.020686335727735,2.1315263048118824,34.60769497975818,32.490000000002105
3250,8.33177033263615,1.5141516036181502,33.8771014157519,32.5000000000021
3251,7.65000845973435,1.0093434954054126,33.09986767876658,32.5100000000021
3252,6.985941963301456,0.6091097515904572,32.29441940345243,32.5200000000021
3253,6.348258742130356,0.30301300688860916,31.47578693976595,32.5300000000021
3254,5.743734168606181,0.07933092855820612,30.65566867107179,32.540000000002095
3255,5.177293844601384,-0.07399692959269608,29.842740730826414,32.55000000000209
3256,4.652164767181976,-0.16866106272580758,29.043103272856712,32.56000000000209
3257,4.170082184191197,-0.21550133504371136,28.260774128377783,32.57000000000209
3258,3.7315238322677065,-0.2242208171617361,27.498166902175022,32.58000000000209
3259,3.335949367324762,-0.20325258734657228,26.75651559822106,32.590000000002085
3260,2.9820291718576284,-0.15973805143918,26.036228112200174,32.60000000000208
3261,2.6678524495279476,-0.09958042036185813,25.337165260582363,32.61000000000208
3262,2.391109162538967,-0.027544114335805003,24.658850861616294,32.62000000000208
3263,2.1492438348514895,0.05262184998953759,24.000622895464904,32.63000000000208
3264,1.9395816363652942,0.13805199734132478,23.361737256785858,32.640000000002075
3265,1.7594286724628974,0.22663436978166618,22.74143522779397,32.65000000000207
3266,1.6061492421947743,0.3168887224460756,22.138984425136393,32.66000000000207
3267,1.4772231902199044,0.40785649246220435,21.553701212946923,32.67000000000207
3268,1.3702865204441343,0.49900414813079474,20.984960797957807,32.68000000000207
3269,1.2831582832128003,0.5901402432389428,20.432199629923893,32.690000000002065
3270,1.2138564792154145,0.6813456981121938,19.894913406539615,32.70000000000206
3271,1.1606054011050924,0.7729163598918107,19.372652941267617,32.71000000000206
3272,1.1218364969837642,0.865316652228622,18.865019371852743,32.72000000000206
3273,1.0961845125082499,0.9591430323852884,18.371659626622513,32.73000000000206
3274,1.0824803644959538,1.0550959780459785,17.892262680619723,32.740000000002055
3275,1.0797419258509562,1.1539592900426399,17.42655688259213,32.75000000000205
3276,1.0871636622701246,1.2565855954868685,16.974308481318182,32.76000000000205
3277,1.104105855591799,1.3638870512371077,16.535321397129152,32.77000000000205
3278,1.1300839751563299,1.4768303685038138,16.109438250002075,32.78000000000205
3279,1.1647586144910782,1.5964353977115702,15.696542653336724,32.790000000002046
3280,1.2079262928131274,1.7237766230599505,15.29656280140071,32.80000000000204
3281,1.2595113258378097,1.8599870148422353,14.909476411089331,32.81000000000204
3282,1.3195588947382522,2.006263771907613,14.535317120571333,32.82000000000204
3283,1.3882293824551883,2.1638755547723365,14.174182496076883,32.83000000000204
3284,1.4657939996869032,2.3341708601787063,13.826243852432613,32.840000000002036
3285,1.5526316857360836,2.5185872187182157,13.491758152778683,32.850000000002034
3286,1.6492272390342968,2.7186609064942138,13.17108231856197,32.86000000000203
3287,1.7561706057802886,2.936036847085521,12.86469035294053,32.87000000000203
3288,1.8741572299108118,3.1724783377301526,12.573193759612176,32.88000000000203
3289,2.003989340692746,3.4298761588514117,12.297365824823109,32.890000000002026
3290,2.1465780225086126,3.710256512341419,12.038170422116837,32.900000000002024
3291,2.302945871491893,4.0157870729271234,11.796796095066336,32.91000000000202
3292,2.4742299916354162,4.348780217575936,11.574696268468447,32.92000000000202
3293,2.661685014229468,4.711692206542941,11.37363652572286,32.93000000000202
3294,2.8666857334608156,5.107116709483669,11.195749957081755,32.940000000002016
3295,3.090728831063101,5.537770580984252,11.04360161099487,32.950000000002014
3296,3.335433006055216,6.00646916889331,10.920263039979618,32.96000000000201
3297,3.6025366223390254,6.516087661116309,10.82939778073796,32.97000000000201
3298,3.893891726216754,7.069504017730218,10.775358284253711,32.98000000000201
3299,4.211452955368101,7.66951787619284,10.76329422870457,32.990000000002006
3300,4.5572594474505745,8.318738452044236,10.799271186531856,33.000000000002004
3301,4.933407347909941,9.019432906405925,10.890397115572164,33.010000000002
3302,5.342009903759539,9.773324983240439,11.04495189156801,33.020000000002
3303,5.785141411707629,10.581332082547666,11.272511829657505,33.030000000002
3304,6.264760478791633,11.443227607003168,11.584056538417743,33.040000000001996
3305,6.782607191612787,12.35721486913512,11.992039164681644,33.050000000001994
3306,7.34006795936502,13.319399823290631,12.51039279802047,33.06000000000199
3307,7.938001145757581,14.323153520321721,13.154435322215669,33.07000000000199
3308,8.576516383213995,15.358363079335208,13.940622470841673,33.08000000000199
3309,9.254701052826118,16.410584265708025,14.886085063978568,33.090000000001986
3310,9.970289374114309,17.46013204670164,16.007873310419203,33.100000000001984
3311,10.719273641373041,18.481180459296226,17.321822378966644,33.11000000000198
3312,11.49546432316536,19.44099173381369,18.84095542111546,33.12000000000198
3313,12.290017064230192,20.299456518384034,20.573362212049126,33.13000000000198
3314,13.090961009645575,21.009197004637922,22.519545889783203,33.140000000001976
3315,13.88278460914481,21.516549145311544,24.669330454372428,33.150000000001974
3316,14.646161062761484,21.763773332920287,26.99857781542022,33.16000000000197
3317,15.357922289777365,21.692805505662864,29.466173036016187,33.17000000000197
3318,15.991410611365914,21.2507037351012,32.011972633754674,33.18000000000197
3319,16.517339923739442,20.396625680270848,34.55660732227279,33.190000000001966
3320,16.905268499392584,19.109682304583554,37.00407779026192,33.200000000001964
3321,17.125709879911682,17.396421955199767,39.24784548549236,33.21000000000196
3322,17.15278108744049,15.296184350061603,41.18049702607867,33.22000000000196
3323,16.967121413702603,12.882400705441109,42.70607145501397,33.23000000000196
3324,16.558649342876453,10.258379699428616,43.75301545157214,33.240000000001956
3325,15.928622378531669,7.547309312879354,44.284917495552754,33.250000000001954
3326,15.090491071966438,4.877873207228525,44.30616876252632,33.26000000000195
3327,14.069229285492646,2.3684135338674257,43.860765949697615,33.27000000000195
3328,12.899147710330125,0.11324187063044855,43.024363054880794,33.28000000000195
3329,11.620557126360158,-1.825905331061197,41.8916539429132,33.290000000001946
3330,10.275910880618023,-3.421933859983077,40.56236279903296,33.300000000001944
3331,8.906126406557913,-4.678611727111785,39.12906491721319,33.31000000000194
3332,7.547652593190943,-5.622994199235564,37.668940111598886,33.32000000000194
3333,6.230587913948292,-6.296542266310381,36.24003097446267,33.33000000000194
3334,4.977874895922424,-6.746979217647745,34.88131854703562,33.340000000001936
3335,3.8053894845654073,-7.022052853932607,33.61529386773961,33.350000000001934
3336,2.7226452507156056,-7.16551612776369,32.45166957036238,33.36000000000193
3337,1.733829112867676,-7.215064136621076,31.391200130610894,33.37000000000193
3338,0.8389397879188009,-7.201711110395004,30.429004577948458,33.38000000000193
3339,0.034874698087420275,-7.150071885145833,29.55714643595376,33.390000000001926
3340,-0.683619960235905,-7.079114216412692,28.76646229834535,33.400000000001924
3341,-1.3231693858535838,-7.003083384989393,28.047750874847434,33.41000000000192
3342,-1.8911607857671648,-6.932420726182041,27.39247350693415,33.42000000000192
3343,-2.3952867798086523,-6.8745858217202285,26.793110769027187,33.43000000000192
3344,-2.8432166839998096,-6.8347484216994525,26.243293860540728,33.440000000001916
3345,-3.242369857769774,-6.816347899528413,25.73779939836148,33.450000000001914
3346,-3.599767661945638,-6.821533330962943,25.272469290766875,33.46000000000191
3347,-3.9219442288473685,-6.851502766093924,24.844096127243272,33.47000000000191
3348,-4.214900082572024,-6.9067605282385385,24.45029901450759,33.48000000000191
3349,-4.484086127138675,-6.987309272724732,24.089404095995164,33.490000000001906
3350,-4.734408441697281,-7.092790668417419,23.76033695252715,33.500000000001904
3351,-4.970246664369294,-7.222585726952319,23.462529647283898,33.5100000000019
3352,-5.195480570627597,-7.375883338535414,23.195842516198056,33.5200000000019
3353,-5.413520847418378,-7.551723573803342,22.960499301531872,33.5300000000019
3354,-5.627341120056875,-7.749020758982676,22.75703345016494,33.540000000001896
3355,-5.839509083949455,-7.966570163962544,22.586243056399184,33.550000000001894
3356,-6.052215191950764,-8.203041290827432,22.449151829965672,33.56000000000189
3357,-6.267297801838431,-8.456960154148096,22.34697349237204,33.57000000000189
3358,-6.486264037069398,-8.726682558656526,22.281077077085396,33.58000000000189
3359,-6.710305889228111,-9.010360173926689,22.252950694127797,33.590000000001886
3360,-6.940311317697969,-9.305901160216207,22.26416140500939,33.600000000001884
3361,-7.176870301949792,-9.610927203787066,22.31630894564541,33.61000000000188
3362,-7.4202759921335195,-9.922729067083747,22.41097115399214,33.62000000000188
3363,-7.670521299628542,-10.238223142066648,22.54963913928162,33.63000000000188
3364,-7.927291483872353,-10.553912001374002,22.7336405157165,33.640000000001876
3365,-8.189953535622518,-10.865852548267972,22.96404946926436,33.650000000001874
3366,-8.457543436887063,-11.169636031329476,23.241583091703045,33.66000000000187
3367,-8.728752696331304,-11.460384847943574,23.566484361682843,33.67000000000187
3368,-9.001915911492532,-11.732771615286017,23.93839343012945,33.68000000000187
3369,-9.27500148187188,-11.98106630720856,24.35621050688818,33.69000000000187
3370,-9.545607964405548,-12.199217173618887,24.817955637575473,33.700000000001864
3371,-9.810968885326881,-12.380970481973211,25.32063293336022,33.71000000000186
3372,-10.067969044991514,-12.520032646385204,25.860109216825176,33.72000000000186
3373,-10.313175405130883,-12.61027586156802,26.4310193156374,33.73000000000186
3374,-10.542885450774596,-12.645984833003277,27.02671200256146,33.74000000000186
3375,-10.753195388997465,-12.622137623349328,27.63925137755902,33.750000000001855
3376,-10.94008961243265,-12.534708251350029,28.25948779506436,33.76000000000185
3377,-11.099551476324388,-12.380972971523162,28.877209769217327,33.77000000000185
3378,-11.227693625844266,-12.159796891918306,29.481383310282222,33.78000000000185
3379,-11.320903952451669,-11.871873743496245,30.06047782922422,33.79000000000185
3380,-11.376000931556126,-11.519890290053247,30.60286851096911,33.800000000001845
3381,-11.390389867405839,-11.108589041097687,31.09729484405397,33.81000000000184
3382,-11.362209784775024,-10.644709192605903,31.533345248761478,33.82000000000184
3383,-11.290459725558112,-10.136796001095185,31.901930231570955,33.83000000000184
3384,-11.17509335311182,-9.594882179769337,32.19570296202803,33.84000000000184
3385,-11.01707223577757,-9.030059635145735,32.40938792375093,33.850000000001835
3386,-10.818370975714387,-8.453973586078984,32.53998577205537,33.86000000000183
3387,-10.581931236750847,-7.878281347152594,32.58683504286482,33.87000000000183
3388,-10.311566247791022,-7.314122803501921,32.55152708984855,33.88000000000183
3389,-10.011821903362112,-6.771647844311014,32.43768698578048,33.89000000000183
3390,-9.687804497457002,-6.259638048222883,32.25064732158828,33.900000000001825
3391,-9.34498785253359,-5.78524726534879,31.997051556039526,33.91000000000182
3392,-8.98901379381511,-5.353870810323904,31.68442750206435,33.92000000000182
3393,-8.62549949546599,-4.969138405836983,31.32076962098569,33.93000000000182
3394,-8.259863386503088,-4.633014054874905,30.914162105883882,33.94000000000182
3395,-7.8971784533402705,-4.345978105518906,30.472465081337134,33.950000000001815
3396,-7.542058418558134,-4.107263344793998,30.003075659037403,33.96000000000181
3397,-7.198578911181721,-3.915117574973539,29.51276584233146,33.97000000000181
3398,-6.8702327775609024,-3.7670687563221708,29.007591581302638,33.98000000000181
3399,-6.559916375437029,-3.660174181676351,28.492862198251334,33.99000000000181
3400,-6.269942156060962,-3.5912410918081594,27.973156905144602,34.000000000001805
3401,-6.002072049635681,-3.5570117274104076,27.45237479348181,34.0100000000018
3402,-5.757566017413154,-3.5543104695934917,26.933805872348792,34.0200000000018
3403,-5.537240462631188,-3.5801541956708576,26.42021282083683,34.0300000000018
3404,-5.341531835935155,-3.6318292686222318,25.913915559028457,34.0400000000018
3405,-5.170561579203862,-3.7069398404749943,25.416873127397967,34.050000000001795
3406,-5.024199405330975,-3.8034326076870952,24.93075945115649,34.06000000000179
3407,-4.902122725566588,-3.919603047013397,24.45703123758323,34.07000000000179
3408,-4.803870757711269,-4.054087693405421,23.996987489633987,34.08000000000179
3409,-4.728892451280684,-4.205846363884364,23.551820956439222,34.09000000000179
3410,-4.676587842541052,-4.374137503255915,23.122662348815034,34.100000000001785
3411,-4.646342808612538,-4.55848910785835,22.710618402206595,34.11000000000178
3412,-4.637557438537119,-4.758667018268915,22.316804942325447,34.12000000000178
3413,-4.6496683965102985,-4.974641783229987,21.94237606014438,34.13000000000178
3414,-4.682165735182267,-5.206554791308595,21.588550378708305,34.14000000000178
3415,-4.7346046407949,-5.454683940692102,21.256635226364892,34.150000000001775
3416,-4.80661257078462,-5.719408762803438,20.9480493393252,34.16000000000177
3417,-4.897892189986502,-6.0011746221169275,20.664344510843993,34.17000000000177
3418,-5.008220433199544,-6.300455373183446,20.40722638701227,34.18000000000177
3419,-5.137443927197935,-6.617713658983846,20.178574376743,34.19000000000177
3420,-5.2854709003765254,-6.953357878096328,19.98046038852267,34.200000000001765
3421,-5.452259598148506,-7.307694731824167,19.815165818741217,34.21000000000176
3422,-5.637803111516072,-7.680876191746147,19.685195884327396,34.22000000000176
3423,-5.84211041953908,-8.072839714978542,19.59329000434196,34.23000000000176
3424,-6.065183349083026,-8.483240598425528,19.54242648103429,34.24000000000176
3425,-6.3069890740172765,-8.911375533250036,19.535819204445065,34.250000000001755
3426,-6.567427719940552,-9.356096735898253,19.57690350688659,34.26000000000175
3427,-6.846294621536322,-9.815716542505342,19.669307637240784,34.27000000000175
3428,-7.143236813633225,-10.28790312024861,19.81680564062916,34.28000000000175
3429,-7.457703444294763,-10.769569041055858,20.0232467732489,34.29000000000175
3430,-7.788890003970873,-11.25675595077961,20.292456047272786,34.300000000001745
3431,-8.135676598651747,-11.744520511757445,20.628100225033847,34.31000000000174
3432,-8.496560989962317,-12.226829231507853,21.033513759265183,34.32000000000174
3433,-8.869587814116871,-12.696472691494142,21.511480061811717,34.33000000000174
3434,-9.252276301854598,-13.145012938333291,22.063965388164178,34.34000000000174
3435,-9.641549965502469,-13.56278113261073,22.691805894782267,34.350000000001735
3436,-10.033673082213294,-13.938945508205048,23.394353390533812,34.36000000000173
3437,-10.42420032481247,-14.261671577238875,24.169092190187392,34.37000000000173
3438,-10.80794745005511,-14.518396365820239,25.01124827999395,34.38000000000173
3439,-11.178992341631623,-14.69623511747291,25.913422309002673,34.39000000000173
3440,-11.530716619215752,-14.782531126576965,26.86528871238641,34.400000000001725
3441,-11.855898069951873,-14.765546158332173,27.85341278674239,34.41000000000172
3442,-12.146862878789904,-14.635269927336257,28.861243214432815,34.42000000000172
3443,-12.395703583644538,-14.384303195752858,29.86933623206225,34.43000000000172
3444,-12.59456354485537,-14.008742785487224,30.85585618592549,34.44000000000172
3445,-12.735981468918556,-13.508972735546282,31.79737336625434,34.450000000001715
3446,-12.813280595581329,-12.890250239959016,32.66994367406133,34.46000000000171
3447,-12.820977560019097,-12.162974750946347,33.450409108804905,34.47000000000171
3448,-12.755177279111821,-11.34254927466777,34.11781046268639,34.48000000000171
3449,-12.613914478667416,-10.448786211805391,34.654764451635906,34.49000000000171
3450,-12.397401651981214,-9.504872053001224,35.048638356408205,34.500000000001705
3451,-12.108148692083216,-8.535975324431679,35.29236516515479,34.5100000000017
3452,-11.750931355318063,-7.56764515382074,35.384784012019054,34.5200000000017
3453,-11.33260273516833,-6.6241878022916705,35.330458558938076,34.5300000000017
3454,-10.861761241880664,-5.727214177118157,35.13900588543159,34.5400000000017
3455,-10.348306535404413,-4.894520261027588,34.824042058216456,34.550000000001695
3456,-9.802927907966732,-4.139402268128152,34.401900896712625,34.56000000000169
3457,-9.236575343982874,-3.470434515802656,33.89029949296563,34.57000000000169
3458,-8.659961261164852,-2.8916682199906174,33.30710747196891,34.58000000000169
3459,-8.08313195704743,-2.4031580866298183,32.66933528703568,34.59000000000169
3460,-7.515134570005668,-2.0016979729954474,31.99240345199347,34.600000000001685
3461,-6.963790910304646,-1.6816465012706319,31.28970298962933,34.61000000000168
3462,-6.435576469401245,-1.435741998490098,30.57241725610482,34.62000000000168
3463,-5.9355930223101305,-1.255834698876498,29.849551070158164,34.63000000000168
3464,-5.467617189966767,-1.1334945276233626,29.128104278378874,34.64000000000168
3465,-5.0342049237324265,-1.0604791589017353,28.413329972595104,34.650000000001675
3466,-4.636832347249357,-1.0290664894810735,27.70902786735849,34.66000000000167
3467,-4.276055761472529,-1.0322677145540655,27.017836545421225,34.67000000000167
3468,-3.9516769567806826,-1.0639428943951184,26.341501247292,34.68000000000167
3469,-3.662903550542126,-1.1188419784904242,25.681104800222,34.69000000000167
3470,-3.408497393336956,-1.1925924533115393,25.037257441437827,34.700000000001666
3471,-3.1869068993344145,-1.2816515316583001,24.41024672568374,34.71000000000166
3472,-2.996381362566803,-1.383237111109985,23.800151854086685,34.72000000000166
3473,-2.8350669374211215,-1.4952482070991393,23.206928196975113,34.73000000000166
3474,-2.7010850643889235,-1.616182519002561,22.63046806594096,34.74000000000166
3475,-2.5925948098502873,-1.7450563189109978,22.07064338214991,34.750000000001656
3476,-2.5078409607563583,-1.881329947653784,21.5273351315123,34.760000000001654
3477,-2.445189859446101,-2.0248407890016673,21.000453624372874,34.77000000000165
3478,-2.4031549524016578,-2.175744579295712,20.489952729365527,34.78000000000165
3479,-2.3804139150910633,-2.334465206414713,19.995840503524736,34.79000000000165
3480,-2.3758190442234284,-2.501652680790746,19.518188024713865,34.800000000001646
3481,-2.38840240788016,-2.67814865818691,19.057137751532046,34.810000000001644
3482,-2.417377032910835,-2.8649587088808555,18.612912378529938,34.82000000000164
3483,-2.462135200507837,-3.0632304220126803,18.18582490226667,34.83000000000164
3484,-2.5222447226583213,-3.2742363775133203,17.776290446032597,34.84000000000164
3485,-2.5974438881438213,-3.4993609884230445,17.384840288377582,34.850000000001636
3486,-2.6876355981717435,-3.740090195685056,17.012138485472065,34.860000000001634
3487,-2.7928810579230747,-3.998002971270471,16.659001454695773,34.87000000000163
3488,-2.9133932492578145,-4.2747635417089,16.3264208835837,34.88000000000163
3489,-3.0495302785029232,-4.572113172216254,16.01559033246735,34.89000000000163
3490,-3.201788567874256,-4.891860242005331,15.72793589915571,34.900000000001626
3491,-3.3707957352873636,-5.235867185008311,15.465151297163137,34.910000000001624
3492,-3.557302880259458,-5.606032658658176,15.229237650349692,34.92000000000162
3493,-3.76217585809933,-6.004267028966795,15.0225482075751,34.93000000000162
3494,-3.9863849751860765,-6.432458917008216,14.847838006659371,34.94000000000162
3495,-4.23099236936829,-6.892430137452798,14.708318235617753,34.950000000001616
3496,-4.497136146176741,-7.385875877289999,14.607714609180947,34.960000000001614
3497,-4.786010119288067,-7.91428642562677,14.550328446725478,34.97000000000161
3498,-5.098837749921937,-8.478846202921229,14.541098237346072,34.98000000000161
3499,-5.436838595221866,-9.080305304691125,14.58565822863588,34.99000000000161
3500,-5.801185266168792,-9.718818362364706,14.69038888590835,35.000000000001606
3501,-6.1929485757883835,-10.393745377676108,14.862451841167335,35.010000000001604
3502,-6.613028255977156,-11.103409525495287,15.109799098407402,35.0200000000016
3503,-7.062066382928969,-11.844808058114875,15.441142731747734,35.0300000000016
3504,-7.54034055044756,-12.613274814755002,15.865867133562386,35.0400000000016
3505,-8.047633976878304,-13.402097007580632,16.393861218930414,35.050000000001596
3506,-8.583080279948536,-14.202095605453831,17.035243298821854,35.060000000001594
3507,-9.144981812499065,-15.001188519562449,17.79994741143775,35.07000000000159
3508,-9.730602483205404,-15.783969588456182,18.697138108905428,35.08000000000159
3509,-10.335939193730482,-16.53135440275564,19.73442309605732,35.09000000000159
3510,-10.955480714632998,-17.220365861530627,20.9168425524647,35.100000000001586
3511,-11.58196922932276,-17.824156151067143,22.245633945348207,35.110000000001584
3512,-12.206187921497198,-18.312383495348836,23.71680532094196,35.12000000000158
3513,-12.816807478882362,-18.65207445196474,25.31960112139769,35.13000000000158
3514,-13.4003341761906,-18.809095271381672,27.03501223148654,35.14000000000158
3515,-13.941210285709708,-18.750315904408023,28.834560193863442,35.150000000001576
3516,-14.42212084757954,-18.446464953776612,30.679659558162143,35.160000000001574
3517,-14.824555258199247,-17.875536564456986,32.52190677101789,35.17000000000157
3518,-15.129653388825021,-17.026428630818618,34.30462471948828,35.18000000000157
3519,-15.31933091302438,-15.902296476985674,35.965874363307115,35.19000000000157
3520,-15.37762746942051,-14.522954858385026,37.44290980036524,35.200000000001566
3521,-15.292160208316961,-12.925629818427609,38.67771810136339,35.210000000001564
3522,-15.055507169328026,-11.163519761590383,39.62292030509497,35.22000000000156
3523,-14.666308428554261,-9.301994964155622,40.2470336150147,35.23000000000156
3524,-14.129877082114398,-7.412787291187291,40.538038656732624,35.24000000000156
3525,-13.458168103021688,-5.567049967571111,40.50444202515645,35.250000000001556
3526,-12.66905628947663,-3.8285106398049553,40.173546514167214,35.260000000001554
3527,-11.785001724509463,-2.247952073101441,39.58728810846158,35.27000000000155
3528,-10.83129675936866,-0.8599104489643496,38.796548282817085,35.28000000000155
3529,-9.834158128328228,0.3180948398057333,37.85511311453411,35.29000000000155
3530,-8.818932831514832,1.2840812988165737,36.81436148193532,35.300000000001546
3531,-7.808631418481692,2.048573104447199,35.7194029085057,35.310000000001544
3532,-6.822910966188803,2.6308670942354926,34.606919974547786,35.32000000000154
3533,-5.877533160146373,3.055342690763877,33.50456705574807,35.33000000000154
3534,-4.984245575055348,3.348322017880324,32.4315331544557,35.34000000000154
3535,-4.150988815761781,3.5357172928595895,31.399803678322076,35.350000000001536
3536,-3.3823182048996436,3.641485590376001,30.41570835084993,35.360000000001534
3537,-2.679937825372079,3.686777677800319,29.481456164775178,35.37000000000153
3538,-2.0432662750548394,3.6896120051484327,28.596480650856428,35.38000000000153
3539,-1.4699784470345123,3.664903573073125,27.758519235718683,35.39000000000153
3540,-0.9564902450237485,3.624704822153724,26.964418763470746,35.400000000001526
3541,-0.4983707383060012,3.578552540425488,26.210697648410054,35.410000000001524
3542,-0.0906784104328523,3.5338496556810877,25.493911252402732,35.42000000000152
3543,0.27177439617854166,3.496238677683919,24.81086918031047,35.43000000000152
3544,0.5942208243290794,3.469943531935635,24.158747883724093,35.44000000000152
3545,0.881793095089735,3.4580696166061715,23.535133733884006,35.450000000001516
3546,1.1394207472413787,3.4628598028797115,22.938023186749728,35.460000000001514
3547,1.3717646528052119,3.485908418881636,22.365799111478296,35.47000000000151
3548,1.5831790294128543,3.5283373109495972,21.817196261358255,35.48000000000151
3549,1.7776948575665286,3.590938790060031,21.29126425744927,35.49000000000151
3550,1.9590192508158788,3.674290252462483,20.787333144793216,35.500000000001506
3551,2.130546350980539,3.7788448821285754,20.304984314308655,35.510000000001504
3552,2.295376204095343,3.9050023092061665,19.844028107672496,35.5200000000015
3553,2.456338814606425,4.053162524143295,19.404488518576123,35.5300000000015
3554,2.616021185560112,4.223765783734029,18.986594895713708,35.5400000000015
3555,2.776795645377504,4.417320712965175,18.590780306225597,35.550000000001496
3556,2.940848152136271,4.634422308556253,18.21768613392622,35.560000000001494
3557,3.1102055677782694,4.875761082037291,17.868172493178225,35.57000000000149
3558,3.2867611192041717,5.142124134451779,17.543334086005228,35.58000000000149
3559,3.4722974207289323,5.434388522733517,17.24452118046413,35.59000000000149
3560,3.668506530929391,5.753506851143973,16.973365414825686,35.60000000000149
3561,3.8770065629508492,6.100484592531371,16.731810111688688,35.610000000001484
3562,4.099354365908901,6.476348208101651,16.52214469673457,35.62000000000148
3563,4.3370537501281765,6.882102688507753,16.347042634508593,35.63000000000148
3564,4.591558643966134,7.318676686043558,16.20960199032796,35.64000000000148
3565,4.864270448173876,7.78685295815423,16.113387269254517,35.65000000000148
3566,5.156528699171911,8.287181418923215,16.062470529360645,35.660000000001475
3567,5.469593971147042,8.819871737859605,16.061468870130245,35.67000000000147
3568,5.804621747818298,9.384662199403879,16.11557420643031,35.68000000000147
3569,6.162625792976856,9.980661541626713,16.23056970391138,35.69000000000147
3570,6.5444293678418415,10.606160873323635,16.412825334281088,35.70000000000147
3571,6.950602518390021,11.258413726316837,16.669262699027936,35.710000000001465
3572,7.381383639182702,11.93338410124719,17.007276615046003,35.72000000000146
3573,7.836583685389151,12.625465345672325,17.434598100295066,35.73000000000146
3574,8.315471851417469,13.327177253783674,17.959080641770615,35.74000000000146
3575,8.816642391654089,14.02885530410293,18.588389497783627,35.75000000000146
3576,9.337863682898973,14.718354792337678,19.329573114981415,35.760000000001455
3577,9.875912793842843,15.380803887662761,20.188497738789163,35.77000000000145
3578,10.426401903224836,15.998452999992377,21.169132578025682,35.78000000000145
3579,10.98360701290159,16.550682160883948,22.272685384022733,35.79000000000145
3580,11.540314527699826,17.014241069086527,23.49660899362136,35.80000000000145
3581,12.087707181838496,17.363804144943902,24.83352968766512,35.810000000001445
3582,12.615316878149036,17.57291976284935,26.270188029996138,35.82000000000144
3583,13.111077166619067,17.615411826632997,27.786529195355897,35.83000000000144
3584,13.56151063262046,17.467246030291758,29.355125321287332,35.84000000000144
3585,13.95208417238759,17.108798105457126,30.941144407010327,35.85000000000144
3586,14.267755565694543,16.527359181105005,32.50308113538062,35.860000000001435
3587,14.49371592723559,15.719596979972946,33.99441551452824,35.87000000000143
3588,14.616304032509325,14.693587453999356,35.36625149865774,35.88000000000143
3589,14.624032374658327,13.469977864616272,36.57081087425272,35.89000000000143
3590,14.508626923654122,12.081879928948656,37.56544317472011,35.90000000000143
3591,14.265952224183575,10.573246665844891,38.316612907649244,35.910000000001425
3592,13.896681668349707,8.995751130627246,38.80321088133978,35.92000000000142
3593,13.406588614577462,7.404505793180666,39.018569489470956,35.93000000000142
3594,12.806380332437783,5.853246452584141,38.97076593371935,35.94000000000142
3595,12.11106694445242,4.389755977204681,38.68113451133301,35.95000000000142
3596,11.338935847727646,3.052259066338082,38.18128387612816,35.960000000001415
3597,10.51026816958869,1.8672872284854904,37.5092100035366,35.97000000000141
3598,9.64597007547837,0.8491708840195848,36.705221298652596,35.98000000000141
3599,8.766290156332492,0.0009761337071899634,35.8083261667174,35.99000000000141
3600,7.889758754069962,-0.6835341557571633,34.85352303965136,36.00000000000141
3601,7.032429463087249,-1.2174252481826862,33.870166562703076,36.010000000001405
3602,6.207443991960256,-1.6180663185886863,32.881347549186735,36.0200000000014
3603,5.424892960905361,-1.9048925705714905,31.90407105406259,36.0300000000014
3604,4.691914407757676,-2.097635320666361,30.949957442980512,36.0400000000014
3605,4.012959434915272,-2.21506844574962,30.026205990668473,36.0500000000014
3606,3.3901566468487827,-2.274228585765473,29.136617366067107,36.060000000001395
3607,2.823718123587357,-2.2900194090927797,28.28254099140712,36.07000000000139
3608,2.3123443703193436,-2.275097376182778,27.46367620521471,36.08000000000139
3609,1.8536001956691315,-2.2399447493455495,26.67870342031154,36.09000000000139
3610,1.4442457011676633,-2.193053745865619,25.92575170884648,36.10000000000139
3611,1.080515756464335,-2.1411659666304343,25.202725245494946,36.110000000001385
3612,0.7583475841548581,-2.0895293124901038,24.507516936640254,36.12000000000138
3613,0.4735598944903619,-2.0421488584271965,23.838137256601705,36.13000000000138
3614,0.22198901919860603,-2.002018457026454,23.192782798446355,36.14000000000138
3615,-0.0004117284238999708,-1.971326778139714,22.569864329350857,36.15000000000138
3616,-0.19750323339548134,-1.9516358677703292,21.96800939708084,36.160000000001375
3617,-0.3729164968329661,-1.9440328855715028,21.386050357101638,36.17000000000137
3618,-0.5300281357068197,-1.9492570660263808,20.823005300246415,36.18000000000137
3619,-0.6719510287387759,-1.9678045865729983,20.278056769793704,36.19000000000137
3620,-0.8015363845221981,-2.000014217681264,19.75053127242892,36.20000000000137
3621,-0.9213841678381047,-2.046136568885714,19.239881280147813,36.210000000001365
3622,-1.0338594079428656,-2.106389550165397,18.74567055774193,36.22000000000136
3623,-1.1411124221651188,-2.1810024102445547,18.26756311606779,36.23000000000136
3624,-1.2451014209730624,-2.2702504324040396,17.805315789070338,36.24000000000136
3625,-1.3476163221161601,-2.374482086054001,17.358774288421973,36.25000000000136
3626,-1.4503028985099442,-2.494140159755908,16.927872548888107,36.260000000001355
3627,-1.5546866246345405,-2.6297781435085397,16.512635201280933,36.27000000000135
3628,-1.6621957765219404,-2.782072886122116,16.113183071634797,36.28000000000135
3629,-1.774183487481958,-2.9518343262070763,15.72974168773742,36.29000000000135
3630,-1.8919485713544697,-3.140012879792551,15.362652866591146,36.30000000000135
3631,-2.016755002198278,-3.3477048595422594,15.01238955230163,36.310000000001345
3632,-2.149849987932676,-3.57615609431682,14.679574169453907,36.32000000000134
3633,-2.2924805985710903,-3.8267637064842277,14.365000849630594,36.33000000000134
3634,-2.4459089093624042,-4.101075779556937,14.069661975831423,36.34000000000134
3635,-2.6114255963818573,-4.400788400598806,13.794779567681138,36.35000000000134
3636,-2.7903618768035523,-4.727739278984858,13.541842093945482,36.360000000001335
3637,-2.9840996170216827,-5.083896812493614,13.312647339249063,36.37000000000133
3638,-3.1940793365688758,-5.47134307886877,13.109351955513821,36.38000000000133
3639,-3.421805710798865,-5.892248760350213,12.934528275415058,36.39000000000133
3640,-3.668850015754,-6.348837444577347,12.791228825980129,36.40000000000133
3641,-3.9368487586363345,-6.843336073745592,12.683058714206231,36.410000000001325
3642,-4.22749749014726,-7.377907525878964,12.614255606429298,36.42000000000132
3643,-4.54253849372043,-7.954560408698849,12.589776312406435,36.43000000000132
3644,-4.883740685218272,-8.575030147589223,12.615387912646987,36.44000000000132
3645,-5.252869631455367,-9.240624405886397,12.697759804397283,36.45000000000132
3646,-5.65164510889847,-9.952024889994703,12.84455082945368,36.460000000001315
3647,-6.081683087008093,-10.70903684287353,13.064482601933326,36.47000000000131
3648,-6.544418462594637,-11.510277310000166,13.36738608166961,36.48000000000131
3649,-7.04100434733519,-12.35279402373157,13.764203166196578,36.49000000000131
3650,-7.572183314974828,-13.23160915744016,14.266918512659638,36.50000000000131
3651,-8.138125899221361,-14.139187170882042,14.888389053244413,36.510000000001305
3652,-8.73823202638743,-15.064834705436281,15.642030198250831,36.5200000000013
3653,-9.370892294292315,-15.994054433409651,16.541309603916904,36.5300000000013
3654,-10.033208508204048,-16.90789542442892,17.598993628924422,36.5400000000013
3655,-10.720677199826534,-17.78237112634623,18.82609153443515,36.5500000000013
3656,-11.426846592478505,-18.588052528283534,20.23045303378095,36.560000000001295
3657,-12.142967186059007,-19.289986215761118,21.81500253314974,36.57000000000129
3658,-12.857669089029217,-19.848128566461714,23.575645828640926,36.58000000000129
3659,-13.556715036772466,-20.218516099477107,25.498968631317894,36.59000000000129
3660,-14.22289514304293,-20.35538863411486,27.559962746752824,36.60000000000129
3661,-14.836144492150122,-20.214420784893385,29.72015598822845,36.610000000001286
3662,-15.37397212142445,-19.757071749140504,31.926659171107033,36.62000000000128
3663,-15.812282084196054,-18.955817545379748,34.112728295933536,36.63000000000128
3664,-16.126635630314425,-17.79969752873247,36.20040288301628,36.64000000000128
3665,-16.293941820156228,-16.29925146028331,38.105551169892614,36.65000000000128
3666,-16.294472784168935,-14.489666317452055,39.745193688755,36.660000000001276
3667,-16.11399213749725,-12.430952265215424,41.04633659166899,36.670000000001274
3668,-15.745688150269066,-10.204357089950303,41.954890286524,36.68000000000127
3669,-15.19155504423719,-7.905020012822542,42.442839457340135,36.69000000000127
3670,-14.462901541095725,-5.631877906581682,42.5119258716503,36.70000000000127
3671,-13.57979917764432,-3.4767135769822843,42.19280747161659,36.710000000001266
3672,-12.569490617578117,-1.5145916888972306,41.53979666077623,36.720000000001264
3673,-11.464000724710028,0.202437698907165,40.62244521005275,36.73000000000126
3674,-10.297356882348309,1.6474505322746673,39.51597254518154,36.74000000000126
3675,-9.10287614088601,2.816816818402514,38.29256941654156,36.75000000000126
3676,-7.910906844957158,3.725568495920981,37.015022886005625,36.760000000001256
3677,-6.747259310869344,4.401482873525245,35.73322935588809,36.770000000001254
3678,-5.632385092429885,4.879249082536033,34.483363776730826,36.78000000000125
3679,-4.5812216749332935,5.195624606559258,33.28898931140406,36.79000000000125
3680,-3.603537046784038,5.385968685212614,32.163259849142754,36.80000000000125
3681,-2.704586473584373,5.4821336093782325,31.11148754293246,36.810000000001246
3682,-1.8859144652881124,5.511465144497865,30.13357883105786,36.820000000001244
3683,-1.1461765043095147,5.496587964856131,29.22607521048692,36.83000000000124
3684,-0.48190005739295017,5.455675071195334,28.38371260508205,36.84000000000124
3685,0.11185745546587833,5.402967431747496,27.600522700980598,36.85000000000124
3686,0.6409684530940402,5.349384602571868,26.870552384176584,36.860000000001236
3687,1.1118100680418228,5.3031301594578,26.188292188335698,36.870000000001234
3688,1.5309420771834206,5.270241607716806,25.548898465014293,36.88000000000123
3689,1.904872030236759,5.255064136393223,24.94827885228901,36.89000000000123
3690,2.239891240852405,5.260644877612857,24.383093663133128,36.90000000000123
3691,2.5419666045284504,5.289053197066045,23.850710555942246,36.910000000001226
3692,2.81667526378221,5.341636217088557,23.34913757374895,36.920000000001224
3693,3.0691713591128447,5.419219546430426,22.876950451123612,36.93000000000122
3694,3.304176177844603,5.522262520433396,22.433223573300136,36.94000000000122
3695,3.5259848121034825,5.6509759957939485,22.017469560690333,36.95000000000122
3696,3.7384839304725292,5.805409350505536,21.629589594419233,36.960000000001216
3697,3.94517647247583,5.9855120263182675,21.269834834234853,36.970000000001214
3698,4.149210027860073,6.191173798733615,20.938778250874776,36.98000000000121
3699,4.353406404947427,6.422246981650419,20.63729563495075,36.99000000000121
3700,4.5602904626177265,6.678552955239312,20.366554262792775,37.00000000000121
3701,4.772116711879885,6.95987472360988,20.128007562576954,37.010000000001206
3702,4.990892513052884,7.265936643037967,19.92339403905286,37.020000000001204
3703,5.218396926051392,7.596371998821281,19.754738619265332,37.0300000000012
3704,5.456194433328381,7.950678745270229,19.624354432296176,37.0400000000012
3705,5.705642864522566,8.328163465037898,19.534842805212868,37.0500000000012
3706,5.967894924574098,8.72787346784251,19.489088928229236,37.060000000001196
3707,6.24389277890094,9.148516963051307,19.490250207853745,37.070000000001194
3708,6.534355197315977,9.588371446195152,19.541733792343464,37.08000000000119
3709,6.839756822203894,10.045180889276027,19.64715913914672,37.09000000000119
3710,7.160299228911107,10.516043083011313,19.81030084061312,37.10000000000119
3711,7.495873614321128,10.997289617940918,20.035006303314923,37.110000000001186
3712,7.846015214683106,11.484362582653667,20.32508239932157,37.120000000001184
3713,8.209849951480162,11.97169415949075,20.684145037550707,37.13000000000118
3714,8.58603437228122,12.452597932980845,21.11542596369366,37.14000000000118
3715,8.972690728351184,12.919183846793448,21.621532276762878,37.15000000000118
3716,9.36734004019541,13.362312190339283,22.204156493915747,37.160000000001176
3717,9.766837255209797,13.771605437848386,22.863738874179557,37.170000000001174
3718,10.167314073473657,14.135539648631392,23.599089461412376,37.18000000000117
3719,10.564136630989431,14.441638648695882,24.406985121164794,37.19000000000117
3720,10.951886832760076,14.676793263180853,25.281766623202408,37.20000000000117
3721,11.324377475802153,14.827723173826229,26.214971968778734,37.210000000001166
3722,11.674712045604561,14.881589254392342,27.195053392882375,37.220000000001164
3723,11.99539976648334,14.826748560350264,28.207234662332116,37.23000000000116
3724,12.278534645870032,14.653622448545303,29.233569500188587,37.24000000000116
3725,12.516043426137559,14.355621965598308,30.253257756069846,37.25000000000116
3726,12.700001280083633,13.930047026689811,31.24326009521441,37.260000000001156
3727,12.82300585474425,13.378852482814242,32.179222643381216,37.270000000001154
3728,12.878590517551249,12.709161993742528,33.03668107672658,37.28000000000115
3729,12.861647665170377,11.933416842258495,33.79246384606689,37.29000000000115
3730,12.768824582879189,11.069076382822411,34.42616550550583,37.30000000000115
3731,12.598849762873511,10.137839818190656,34.92152537162651,37.310000000001146
3732,12.352748768405226,9.164428837138352,35.26753590294441,37.320000000001144
3733,12.033916775278538,8.175044097022596,35.45912714917687,37.33000000000114
3734,11.648029507452943,7.195668502758219,35.49732842817684,37.34000000000114
3735,11.20279340698347,6.25042079014594,35.38888659388523,37.35000000000114
3736,10.707556145299717,5.36015488205522,35.14540467956882,37.360000000001136
3737,10.172816018975269,4.541455115360963,34.78213548158474,37.370000000001134
3738,9.609679928613838,3.8061063995080953,34.31660574221249,37.38000000000113
3739,9.029322575703263,3.1610397413339513,33.767250898488705,37.39000000000113
3740,8.442494292266332,2.608685656545922,33.15221134952022,37.40000000000113
3741,7.859113428694291,2.1476236508717195,32.48839051785674,37.410000000001126
3742,7.2879644509120345,1.7733997124418814,31.790817616124038,37.420000000001124
3743,6.73650797706502,1.4793922750554316,31.072307220309405,37.43000000000112
3744,6.210796406864061,1.2576321313287897,30.343371739722347,37.44000000000112
3745,5.715479979310533,1.0995137622053583,29.612324131220554,37.45000000000112
3746,5.2538833576000155,0.9963665616618018,28.885504643336617,37.460000000001116
3747,4.828131678006194,0.9398795149581459,28.167572456478148,37.470000000001114
3748,4.439306461701389,0.9223901009537299,27.461815811568847,37.48000000000111
3749,4.087614825626623,0.9370578453970719,26.77044844661408,37.49000000000111
3750,3.7725591276036683,0.9779465985280266,26.094873136784184,37.50000000000111
3751,3.493097874696104,1.0400391699134242,25.435903466802465,37.51000000000111
3752,3.2477920042178363,1.1192051797205695,24.793942293827985,37.520000000001104
3753,3.0349333217681096,1.2121392137550282,24.169119955663664,37.5300000000011
3754,2.8526539109668017,1.3162824766000063,23.56139770708377,37.5400000000011
3755,2.699016767530122,1.4297376137351432,22.970642751776303,37.5500000000011
3756,2.572088852150624,1.551183433026341,22.396681136321998,37.5600000000011
3757,2.469998310238196,1.6797939385391925,21.839334122177355,37.570000000001095
3758,2.390977873068296,1.815164342235441,21.298442760816695,37.58000000000109
3759,2.33339651998501,1.957245449552966,20.77388446497759,37.59000000000109
3760,2.295781412941806,2.1062869234817456,20.265584509785622,37.60000000000109
3761,2.2768319639958,2.2627893274709616,19.773524666550525,37.61000000000109
3762,2.2754277003433163,2.42746445409846,19.297750586128256,37.620000000001085
3763,2.2906313757188306,2.601203203273677,18.838379102436047,37.63000000000108
3764,2.321688558474315,2.785050134044953,18.395606303091476,37.64000000000108
3765,2.368024716031379,2.980183742276457,17.9697169919856,37.65000000000108
3766,2.429240618655887,3.187901485571369,17.561096026466238,37.66000000000108
3767,2.505106705347435,3.4096085661832207,17.170241930197374,37.670000000001075
3768,2.5955568914310136,3.646809476100919,16.797783144876334,37.68000000000107
3769,2.7006821498980043,3.9011012929161186,16.44449727568726,37.69000000000107
3770,2.820724064199816,4.174167679393449,16.111333694602827,37.70000000000107
3771,2.956068425719179,4.467772473988267,15.799439881626121,37.71000000000107
3772,3.107238830546088,4.783751654668522,15.510191896219297,37.720000000001065
3773,3.2748901129583317,5.124002305383202,15.245229367957533,37.73000000000106
3774,3.4598013322008185,5.490467004688642,15.006495363032084,37.74000000000106
3775,3.662867899449601,5.885111781171147,14.796281403923492,37.75000000000106
3776,3.8850922876217555,6.309895433348779,14.617277770098111,37.76000000000106
3777,4.127572602194458,6.766727588243052,14.47262895706686,37.770000000001055
3778,4.391488100799317,7.257412373325916,14.365993778875865,37.78000000000105
3779,4.678080528051977,7.783574010455562,14.30160901223972,37.79000000000105
3780,4.988629876292335,8.346560031805847,14.284354632082962,37.80000000000105
3781,5.324422891843686,8.947317214038003,14.319817495950092,37.81000000000105
3782,5.686712324063118,9.586234810789252,14.4143487020082,37.820000000001045
3783,6.076664572735731,10.262949369348501,14.575107666353428,37.83000000000104
3784,6.495293052397008,10.976105552021632,14.81008313702901,37.84000000000104
3785,6.94337430235947,11.723068250118912,15.128077808052458,37.85000000000104
3786,7.4213436971354145,12.499583305313115,15.538638908164545,37.86000000000104
3787,7.929167657953185,13.2993879082262,16.05191224174387,37.870000000001035
3788,8.466189682980486,14.113777939415446,16.67839201335551,37.88000000000103
3789,9.030948508623982,14.931148967334082,17.42853410478493,37.89000000000103
3790,9.620968554494992,15.73654111926436,18.31219757030988,37.90000000000103
3791,10.232525810971929,16.511236133453803,19.33787997441788,37.91000000000103
3792,10.860396843220116,17.232477439514323,20.511719674166255,37.920000000001025
3793,11.497604902849536,17.8734096252375,21.836255918704786,37.93000000000102
3794,12.135185375088334,18.403358470675222,23.308969782250347,37.94000000000102
3795,12.762002684647022,18.7885900988938,24.92067892038213,37.95000000000102
3796,13.3646614260717,18.993687236754596,26.653927855333425,37.96000000000102
3797,13.92756400713999,18.9836483490724,28.481598437377112,37.970000000001015
3798,14.43317244133323,18.72673693495859,30.366048920421157,37.98000000000101
3799,14.862528890695767,18.197973644878317,32.259149850334005,37.99000000000101
3800,15.196073366114023,17.382976531425616,34.10358494481634,38.00000000000101
3801,15.414763682645182,16.281641519933977,35.835685879884394,38.01000000000101
3802,15.50145146637406,14.910972643436061,37.38984415370741,38.020000000001005
3803,15.44240358408026,13.306300782746584,38.70419883042843,38.030000000001
3804,15.228793303946892,11.52025219108196,39.72689953060036,38.040000000001
3805,14.8579391926604,9.619184378694493,40.42191093739097,38.050000000001
3806,14.33406371126381,7.677352561263566,40.77320587821019,38.060000000001
3807,13.668392596263786,5.769659567097388,40.78639699559445,38.070000000000995
3808,12.878519293347146,3.9642680311516862,40.48737946347736,38.08000000000099
3809,11.9870941671276,2.3164357774027677,39.918255034349826,38.09000000000099
3810,11.020028328155117,0.8646189655828009,39.13144157139214,38.10000000000099
3811,10.004487391897886,-0.37071523857247635,38.183217717759504,38.11000000000099
3812,8.96696712885085,-1.3857868188495124,37.12791041931642,38.120000000000985
3813,7.931691734080814,-2.1904256775120725,36.013569759612466,38.13000000000098
3814,6.919479992921525,-2.8041330709649337,34.87947008695173,38.14000000000098
3815,5.947118686532879,-3.25211529654093,33.7553194578127,38.15000000000098
3816,5.027195288225498,-3.561869822520763,32.66177044909618,38.16000000000098
3817,4.168288777150872,-3.760607428660407,31.61172775189646,38.170000000000975
3818,3.375399156569744,-3.8735485969173467,30.611995367777666,38.18000000000097
3819,2.650504381221035,-3.9229783805617813,29.664927764633926,38.19000000000097
3820,1.9931561050427533,-3.927877580101951,28.769884310392545,38.20000000000097
3821,1.4010527365282828,-3.903943800435287,27.924398663662338,38.21000000000097
3822,0.8705530828319258,-3.8638451478393234,27.125051721182817,38.220000000000965
3823,0.3971132597648009,-3.8175898071465024,26.368080185567575,38.23000000000096
3824,-0.024357046926329506,-3.772933339103197,25.6497712252915,38.24000000000096
3825,-0.3992146761440163,-3.735776452037697,24.966696301094295,38.25000000000096
3826,-0.7328708537333843,-3.710528081055371,24.31583150092958,38.26000000000096
3827,-1.0306365764655832,-3.700422997376931,23.694602706397106,38.270000000000955
3828,-1.297615218556718,-3.7077917666731923,23.100884547121428,38.28000000000095
3829,-1.5386328733683654,-3.7342855166976765,22.532973829434933,38.29000000000095
3830,-1.7581981377012965,-3.7810601233866654,21.98955147186201,38.30000000000095
3831,-1.9604843362698334,-3.848925116242016,21.46964196128711,38.31000000000095
3832,-2.1493284142670515,-3.9384625115308998,20.972575749671467,38.320000000000945
3833,-2.3282418239934364,-4.050120312618995,20.497957556859152,38.33000000000094
3834,-2.5004296728559923,-4.18428479930775,20.045641950383356,38.34000000000094
3835,-2.668815185501168,-4.341335080272496,19.615716597091826,38.35000000000094
3836,-2.836067174978301,-4.521682758122038,19.20849303104518,38.36000000000094
3837,-3.004628733292675,-4.7257989738732755,18.82450451067706,38.370000000000935
3838,-3.176745757350735,-4.954230558028713,18.46451043757232,38.38000000000093
3839,-3.3544942374185327,-5.207606512565469,18.12950680163194,38.39000000000093
3840,-3.5398054649332265,-5.486635572983859,17.820742147293196,38.40000000000093
3841,-3.73448847573829,-5.792095143013781,17.539738582552165,38.41000000000093
3842,-3.940249142465839,-6.124811448750331,17.28831734597042,38.420000000000925
3843,-4.158705373094288,-6.48563031818189,17.068628380664908,38.43000000000092
3844,-4.3913978676030485,-6.875377553886263,16.883183213701773,38.44000000000092
3845,-4.63979583623137,-7.2948074336462385,16.734890177960747,38.45000000000092
3846,-4.905296995972857,-7.7445374557796445,16.62709061144921,38.46000000000092
3847,-5.189221041953536,-8.224967063813144,16.56359409164758,38.470000000000915
3848,-5.4927956441394965,-8.736177775014454,16.548709970772784,38.48000000000091
3849,-5.817133857226993,-9.277811957187483,16.58727143050912,38.49000000000091
3850,-6.163201667223042,-9.84892753526488,16.684646932933617,38.50000000000091
3851,-6.5317742540272254,-10.44782628879384,16.84673228077909,38.51000000000091
3852,-6.923379457503887,-11.071854295272702,17.079914514261905,38.520000000000906
3853,-7.338226941280769,-11.71717470758143,17.390996613058594,38.5300000000009
3854,-7.776121717910835,-12.378515705247539,17.78706957452571,38.5400000000009
3855,-8.236361116644504,-13.048900449045494,18.275316167315783,38.5500000000009
3856,-8.717615049884603,-13.719371522466856,18.86272896558886,38.5600000000009
3857,-9.217790697142828,-14.37872992208676,19.55572485643198,38.570000000000896
3858,-9.733884619637221,-15.01331823149085,20.359640089385866,38.580000000000894
3859,-10.261827980822584,-15.606888867400139,21.27809542790119,38.59000000000089
3860,-10.79633406948034,-16.140610262949966,22.312231638554575,38.60000000000089
3861,-11.330761688827302,-16.593274633720323,23.459832999700694,38.61000000000089
3862,-11.857012983316604,-16.941777390461812,24.71438185816149,38.620000000000886
3863,-12.365489424031125,-17.161935786217192,26.06412042006884,38.630000000000884
3864,-12.845134060249732,-17.229697413073385,27.491234563470705,38.64000000000088
3865,-13.283590395532098,-17.122752041317053,28.971312705996144,38.65000000000088
3866,-13.667506560110594,-16.822499319579595,30.47326061278075,38.66000000000088
3867,-13.983005836057494,-16.31624126988336,31.959856527851365,38.670000000000876
3868,-14.216329379440081,-15.599371887795566,33.389094656101676,38.680000000000874
3869,-14.354633630275629,-14.677246722036394,34.71637688729843,38.69000000000087
3870,-14.386894939451706,-13.56636295941583,35.897471830930435,38.70000000000087
3871,-14.304841741448119,-12.294498354632916,36.8919843015148,38.71000000000087
3872,-14.103807402766598,-10.899569089080483,37.66690658600959,38.720000000000866
3873,-13.783383571397987,-9.427171511493526,38.19970997577139,38.730000000000864
3874,-13.347762365407542,-7.927034647247875,38.48043425244686,38.74000000000086
3875,-12.805689593591575,-6.448860841896012,38.512371086386445,38.75000000000086
3876,-12.17000671842202,-5.038190623227933,38.311195625818684,38.76000000000086
3877,-11.456825108902612,-3.732935516583883,37.902711879797266,38.770000000000856
3878,-10.684436149670738,-2.5610697803111493,37.319648789899134,38.780000000000854
3879,-9.87209951273478,-1.539707158177703,36.59809402092768,38.79000000000085
3880,-9.038860277279072,-0.6754976886514461,35.77414626989628,38.80000000000085
3881,-8.202524018416309,0.03395150732229568,34.881226328285834,38.81000000000085
3882,-7.378876465842448,0.598046234588305,33.948275412322154,38.820000000000846
3883,-6.581184195799373,1.030981666765754,32.99885897513467,38.830000000000844
3884,-5.81996760954286,1.349655966939958,32.051038599949635,38.84000000000084
3885,-5.103005251894578,1.5719285416377056,31.117794697168144,38.85000000000084
3886,-4.435511872541349,1.7153104833611095,30.20777124254119,38.86000000000084
3887,-3.8204296369511033,1.7960833341089666,29.326147875933,38.870000000000836
3888,-3.2587783398450965,1.8287870472498189,28.475499165907483,38.880000000000834
3889,-2.750021801135605,1.825994640602058,27.656556405305615,38.89000000000083
3890,-2.2924201569618385,1.798289920467338,26.86883298379334,38.90000000000083
3891,-1.883349149218921,1.7543759205742393,26.11110641027478,38.91000000000083
3892,-1.5195766422396049,1.7012577000167561,25.38176921535988,38.920000000000826
3893,-1.1974932080139689,1.6444590995732706,24.67907012164986,38.930000000000824
3894,-0.913297977255245,1.5882465988413885,24.001269299046573,38.94000000000082
3895,-0.6631435196455816,1.5358438062452826,23.346730027010953,38.95000000000082
3896,-0.44324478705649517,1.489627509905339,22.713965710951,38.96000000000082
3897,-0.24995755736031172,1.4513011633780573,22.101657262374758,38.970000000000816
3898,-0.07983168528647483,1.4220447983125692,21.508652098440177,38.980000000000814
3899,0.07035596307342959,1.4026421979018202,20.93395280015375,38.99000000000081
3900,0.20358458655626865,1.393587161481477,20.376700901243126,39.00000000000081
3901,0.3225848440487895,1.3951711518188141,19.83615933920431,39.01000000000081
3902,0.429843474825792,1.4075547529646455,19.31169570084317,39.020000000000806
3903,0.5276146026396773,1.4308253145379335,18.802767431080905,39.030000000000804
3904,0.617935673829503,1.4650430034649036,18.308909542883182,39.0400000000008
3905,0.702646406793043,1.510277278547866,17.829724978428317,39.0500000000008
3906,0.7834094939685253,1.566635577762431,17.364877554700556,39.0600000000008
3907,0.8617321023479159,1.6342857809164602,16.914087325093952,39.070000000000796
3908,0.9389874702047702,1.7134737914652176,16.477128161643044,39.080000000000794
3909,1.016436102330815,1.8045373763204913,16.053827381539666,39.09000000000079
3910,1.0952462297297827,1.9079172138980756,15.644067287404916,39.10000000000079
3911,1.176513328146612,2.0241659289417413,15.247788551092368,39.11000000000079
3912,1.261278588226125,2.1539557369821605,14.864995438334374,39.120000000000786
3913,1.3505463031017286,2.298085179711152,14.495762942489215,39.130000000000784
3914,1.445300190762671,2.4574853022563463,14.140245968459553,39.14000000000078
3915,1.5465187019120386,2.633225500690874,13.79869078239544,39.15000000000078
3916,1.6551893817899221,2.826519148650578,13.471449019696596,39.16000000000078
3917,1.7723223584759877,3.0387289903179897,13.158994623994078,39.170000000000776
3918,1.898963021660188,3.271372156916386,12.861944173996466,39.180000000000774
3919,2.036203935185808,3.526124517681305,12.581081143583956,39.19000000000077
3920,2.1851959934353578,3.804823905021942,12.317384732610297,39.20000000000077
3921,2.3471587845940163,4.109471546460604,12.0720639992705,39.21000000000077
3922,2.523390060780675,4.442230780041633,11.846598115026428,39.220000000000766
3923,2.715274132706771,4.805421809884598,11.642783641939566,39.230000000000764
3924,2.924288900424554,5.201510856387048,11.46278978685909,39.24000000000076
3925,3.152011096020803,5.633091550525933,11.309222597170553,39.25000000000076
3926,3.400119141471316,6.102855790769991,11.18519899863426,39.26000000000076
3927,3.6703928064011837,6.613550500310038,11.094431393255707,39.270000000000756
3928,3.964708575792069,7.167915769330097,11.041323171246644,39.280000000000754
3929,4.285029295145872,7.768598726207243,11.031074857892248,39.29000000000075
3930,4.633386238252009,8.41803615235586,11.069799592922097,39.30000000000075
3931,5.011851229662394,9.118297366602334,11.164645065725177,39.31000000000075
3932,5.422495843356388,9.870877336227792,11.323916695998172,39.320000000000746
3933,5.867333992643529,10.676428486859662,11.557193497364647,39.330000000000744
3934,6.348243442065142,11.53441857726479,11.875423388578051,39.34000000000074
3935,6.866860955585107,12.442701768787504,12.290978402460858,39.35000000000074
3936,7.424445036905347,13.396991421685476,12.817642007976001,39.36000000000074
3937,8.02169967538336,14.39022733189265,13.470490485798603,39.370000000000736
3938,8.658552441034288,15.41183867610921,14.265618225346667,39.380000000000734
3939,9.333881064541782,16.446918937758333,15.219643873235944,39.39000000000073
3940,10.045184851863437,17.475352988877784,16.348922555714946,39.40000000000073
3941,10.788201665564872,18.470971725501204,17.668382798810963,39.41000000000073
3942,11.556478671558505,19.400857707224656,19.18991160351254,39.42000000000073
3943,12.34091657512512,20.22498511663793,20.920236610453706,39.430000000000724
3944,13.129323429276402,20.89644295909171,22.8583121747507,39.44000000000072
3945,13.906035382257933,21.362547353801503,24.992318764737423,39.45000000000072
3946,14.65168657941229,21.567171097024634,27.296540324582335,39.46000000000072
3947,15.343235031173524,21.454568092909135,29.728586895775116,39.47000000000072
3948,15.954368337347086,20.9748012618432,32.22764938597266,39.480000000000715
3949,16.456411629796698,20.0905584941751,34.71464245368771,39.49000000000071
3950,16.819826316234536,18.784663707585416,37.095103659449244,39.50000000000071
3951,17.016310055369622,17.067036431708708,39.26544870490187,39.51000000000071
3952,17.02138269300353,14.979402386636897,41.1225499092536,39.52000000000071
3953,16.817184662366866,12.595968923636086,42.57564998369454,39.530000000000705
3954,16.39506308849379,10.018795260901568,43.55858667136491,39.5400000000007
3955,15.757436305734567,7.36776720784429,44.03961216386035,39.5500000000007
3956,14.91846939594554,4.766657865358699,44.02619373108827,39.5600000000007
3957,13.903288242886855,2.328128479597766,43.563274293112215,39.5700000000007
3958,12.745772266557946,0.14104030979928517,42.725273391812436,39.580000000000695
3959,11.48529907088208,-1.7372199054471733,41.603909444721836,39.59000000000069
3960,10.163047173249154,-3.282297391450978,40.294946957869755,39.60000000000069
3961,8.818512716779141,-4.499015676790734,38.88683360673374,39.61000000000069
3962,7.486759877422154,-5.414082326087226,37.453105107633164,39.62000000000069
3963,6.196675657071216,-6.067672783195178,36.04901629477618,39.630000000000685
3964,4.970240813044576,-6.505767488735318,34.71171519127516,39.64000000000068
3965,3.822639982866587,-6.774298221540035,33.46271714191425,39.65000000000068
3966,2.7629461624259246,-6.915375248942356,32.31142098575466,39.66000000000068
3967,1.7951140212890966,-6.965343737124867,31.258714997743194,39.67000000000068
3968,0.9190682454477003,-6.954187949591957,30.30011340241393,39.680000000000675
3969,0.13174262594373454,-6.90578568198691,29.428196645176108,39.69000000000067
3970,-0.5720102048493299,-6.838609368931037,28.63434687123858,39.70000000000067
3971,-1.1986701212575004,-6.766594746404099,27.90988183146562,39.71000000000067
3972,-1.7554625837721605,-6.700009018500104,27.246727465411595,39.72000000000067
3973,-2.249917227244955,-6.646232345813635,26.63776421776308,39.730000000000665
3974,-2.6895487391018227,-6.610419199895742,26.07695856513392,39.74000000000066
3975,-3.0816357851812146,-6.596036144560631,25.559363449637157,39.75000000000066
3976,-3.4330758211191563,-6.605287312437218,25.081046234547767,39.76000000000066
3977,-3.7502969702509628,-6.639444335264233,24.63898285659856,39.77000000000066
3978,-4.0392117067522895,-6.699098016010191,24.230942193502845,39.780000000000655
3979,-4.305200337678079,-6.784347260004383,23.85537448631893,39.79000000000065
3980,-4.5531150299107095,-6.894938219014828,23.51131090783072,39.80000000000065
3981,-4.787297348821121,-7.030364014526202,23.198277085308256,39.81000000000065
3982,-5.0116040153916295,-7.189933128173714,22.916220793113254,39.82000000000065
3983,-5.2294369266698375,-7.372812679757958,22.665452549319095,39.830000000000645
3984,-5.443774501978649,-7.57805134721701,22.446597070146712,39.84000000000064
3985,-5.657202186502485,-7.804585566432328,22.260553175262782,39.85000000000064
3986,-5.87194052449547,-8.051231822030186,22.108459609234107,39.86000000000064
3987,-6.089869654248941,-8.316667251532285,21.991664230400062,39.87000000000064
3988,-6.312549413977276,-8.599400395775215,21.91169404611865,39.880000000000635
3989,-6.54123451215707,-8.897733713630343,21.870223604177887,39.89000000000063
3990,-6.7768844323043975,-9.209719425615614,21.869039269875632,39.90000000000063
3991,-7.020167931635519,-9.533110354629951,21.909996931359075,39.91000000000063
3992,-7.271462173934962,-9.865307693544,21.99497070252599,39.92000000000063
3993,-7.530846725895866,-10.203308050508095,22.125790267736978,39.930000000000625
3994,-7.798092858357089,-10.5436527012974,22.304164684185416,39.94000000000062
3995,-8.07264884265112,-10.882382701270744,22.531590787583653,39.95000000000062
3996,-8.353622228513082,-11.215004347255592,22.80924490776842,39.96000000000062
3997,-8.639760440387333,-11.536470374995368,23.137857472975647,39.97000000000062
3998,-8.929431433848137,-11.841183137850512,23.517571344038817,39.980000000000615
3999,-9.220606604248374,-12.123026699877222,23.94778643744853,39.99000000000061
4000,-9.510848613811259,-12.37543510424532,24.426995399640244,40.00000000000061
4001,-9.797307262854664,-12.591503811707595,24.952617753715067,40.01000000000061
4002,-10.076726917739958,-12.764150175732736,25.52084293106305,40.02000000000061
4003,-10.345469243539235,-12.88632656167403,26.12649567614685,40.030000000000605
4004,-10.599554975352714,-12.951286109657895,26.76294007584295,40.0400000000006
4005,-10.834728088783232,-12.9528960953004,27.422040365028877,40.0500000000006
4006,-11.046544889434948,-12.88598748925944,28.094197026843194,40.0600000000006
4007,-11.230489149417398,-12.7467220975121,28.768474831908723,40.0700000000006
4008,-11.382112444226868,-12.532951393923467,29.43283474512531,40.080000000000595
4009,-11.497196339196528,-12.244535018154119,30.074473772158633,40.09000000000059
4010,-11.571930207092286,-11.883583345382362,30.68026603675992,40.10000000000059
4011,-11.603095520921293,-11.454588996790282,31.23728557994228,40.11000000000059
4012,-11.588244868508193,-10.964417768696665,31.733378200637002,40.12000000000059
4013,-11.52586215852704,-10.422140583252377,32.15773836139614,40.130000000000585
4014,-11.415490000999574,-9.838703984973133,32.50144022935249,40.14000000000058
4015,-11.25781139939693,-9.226455485840697,32.757871426202314,40.15000000000058
4016,-11.054675808041306,-8.598558739194637,32.92302514561551,40.16000000000058
4017,-10.80906410115664,-7.968348682006542,32.995620601181066,40.17000000000058
4018,-10.52499255924163,-7.348685362154228,32.97704130199133,40.180000000000575
4019,-10.20736183953289,-6.751365281827717,32.871102121507036,40.19000000000057
4020,-9.861762183762373,-6.186640609894053,32.683675681691604,40.20000000000057
4021,-9.494250026375541,-5.662881246607975,32.422222780958315,40.21000000000057
4022,-9.111113148398784,-5.186395546594376,32.095278277715785,40.22000000000057
4023,-8.718641388218343,-4.76140615350395,31.71194255688376,40.230000000000565
4024,-8.322917864746904,-4.390161131897553,31.28142068292743,40.24000000000056
4025,-7.929642191461968,-4.073149572341711,30.812638969853907,40.25000000000056
4026,-7.543992929549942,-3.809385870171257,30.313954784334232,40.26000000000056
4027,-7.170532223612073,-3.5967274261463875,29.79296245745698,40.27000000000056
4028,-6.813151743865505,-3.432195201115704,29.25638795767878,40.280000000000555
4029,-6.475056089590525,-3.3122736310562395,28.710058279338362,40.29000000000055
4030,-6.158777843737096,-3.233174222889737,28.15892830067428,40.30000000000055
4031,-5.86621748165236,-3.191054439691484,27.607147563678385,40.31000000000055
4032,-5.598701177456272,-3.182189473591165,27.05815115537052,40.32000000000055
4033,-5.357050007069762,-3.2030988812093826,26.514761737420812,40.330000000000545
4034,-5.1416548944837235,-3.25063284884779,25.979293033265204,40.34000000000054
4035,-4.95255268992013,-3.322024299017605,25.453648208685944,40.35000000000054
4036,-4.789499850829877,-3.4149134701629826,24.939409260235117,40.36000000000054
4037,-4.652041212763187,-3.527351324376905,24.43791562218827,40.37000000000054
4038,-4.539572223924559,-3.6577874444223366,23.950331709592213,40.380000000000535
4039,-4.451393745974336,-3.8050471868505458,23.477704100173618,40.39000000000053
4040,-4.386759090061957,-3.968301911841366,23.021009623342493,40.40000000000053
4041,-4.344913372239898,-4.147035205664285,22.581195878225497,40.41000000000053
4042,-4.3251255555823365,-4.34100719851011,22.159215742008556,40.42000000000053
4043,-4.326713719875114,-4.550218379113827,21.75605733393409,40.430000000000526
4044,-4.349064185798985,-4.774873719316498,21.37277072792258,40.44000000000052
4045,-4.391645139150737,-5.01534743690604,21.010492498021897,40.45000000000052
4046,-4.454015368926267,-5.272148328998177,20.670468959999052,40.46000000000052
4047,-4.535828664933458,-5.545885284700058,20.354078751245247,40.47000000000052
4048,-4.636834326910118,-5.837232319552314,20.06285517234646,40.480000000000516
4049,-4.7568741261743375,-6.146892252302001,19.79850849301838,40.490000000000514
4050,-4.895875938787103,-6.475557957234975,19.56294819365146,40.50000000000051
4051,-5.053844140631891,-6.823869966992646,19.35830485908457,40.51000000000051
4052,-5.230846723267966,-7.192369070853145,19.186951148666843,40.52000000000051
4053,-5.426998958026484,-7.581442457204579,19.051520919903787,40.530000000000506
4054,-5.642443307944293,-7.991261899068572,18.954925165195554,40.540000000000504
4055,-5.877325167056721,-8.421712499792863,18.90036291636797,40.5500000000005
4056,-6.131763900330335,-8.872310635222066,18.891324666845648,40.5600000000005
4057,-6.405818573819508,-9.342109994746497,18.931585149718813,40.5700000000005
4058,-6.699447715912207,-9.829595097629351,19.025181496289765,40.580000000000496
4059,-7.012462454083922,-10.33256241990714,19.17637190730692,40.590000000000494
4060,-7.3444724506662435,-10.84799040279617,19.389569050019507,40.60000000000049
4061,-7.694824245879237,-11.371901227773167,19.669241541936604,40.61000000000049
4062,-8.06253194406863,-11.899219437192132,20.019776247043755,40.62000000000049
4063,-8.44620069338098,-12.423635332110461,20.445293915341026,40.630000000000486
4064,-8.843944157253928,-12.937484616494718,20.949411251162438,40.640000000000484
4065,-9.253298203178007,-13.431659902034593,21.534944199300885,40.65000000000048
4066,-9.671134373063666,-13.895574195254794,22.20355056502481,40.66000000000048
4067,-10.093578355282778,-14.317200867025386,22.955315535622667,40.67000000000048
4068,-10.51594060645704,-14.683218037543837,23.788291675802494,40.680000000000476
4069,-10.93266834956572,-14.979286603058215,24.698015719059125,40.690000000000474
4070,-11.33733017491497,-15.19048872741769,25.677037691994165,40.70000000000047
4071,-11.722646030165242,-15.30194574684096,26.714512549084905,40.71000000000047
4072,-12.080576001832814,-15.299619433005523,27.795918483406066,40.72000000000047
4073,-12.402480344950085,-15.171277461393291,28.902976144110653,40.730000000000466
4074,-12.679360056594406,-14.907573247986447,30.01384481882818,40.740000000000464
4075,-12.90218137573361,-14.503154879946287,31.103660511472174,40.75000000000046
4076,-13.062278726154878,-13.957683422669662,32.145452912313814,40.76000000000046
4077,-13.151819195806356,-13.27661597457503,33.11143234703554,40.77000000000046
4078,-13.164298873683222,-12.471603474231205,33.97457734607891,40.780000000000456
4079,-13.09502933373802,-11.560376221211694,34.710387772538596,40.790000000000454
4080,-12.941564022485387,-10.566045211778079,35.298612089195714,40.80000000000045
4081,-12.704012141414657,-9.515830203384176,35.72472727254417,40.81000000000045
4082,-12.385193947611608,-8.439321610755155,35.98096010300399,40.82000000000045
4083,-11.990606713925963,-7.366471007009056,36.06669418294528,40.830000000000446
4084,-11.528193143234272,-6.325560722646855,35.98820023854591,40.840000000000444
4085,-11.007929901175531,-5.341409963252513,35.75773775635064,40.85000000000044
4086,-10.44127790738323,-4.434029529483881,35.3921767473372,40.86000000000044
4087,-9.840553069593295,-3.6178515165946035,34.91135471307706,40.87000000000044
4088,-9.218282914293425,-2.901557473060472,34.336401852531246,40.880000000000436
4089,-8.58661037017013,-2.288434448977007,33.68823824658462,40.890000000000434
4090,-7.956792778050818,-1.777123249326019,32.9863841763861,40.90000000000043
4091,-7.338825825178338,-1.3625957608002006,32.24814927937524,40.91000000000043
4092,-6.741202818740525,-1.0372055267852809,31.488197161511625,40.92000000000043
4093,-6.170803089545,-0.7916870261423794,30.718432032079097,40.930000000000426
4094,-5.632891483204738,-0.6160210680582375,29.94812729202571,40.940000000000424
4095,-5.131204441690088,-0.500124961063152,29.184210362515756,40.95000000000042
4096,-4.668096493627395,-0.4343594567321577,28.43162718706474,40.96000000000042
4097,-4.244722789937871,-0.4098670885799245,27.6937267806458,40.97000000000042
4098,-3.861237219802076,-0.4187688668355294,26.972625121545985,40.980000000000416
4099,-3.5169903845054216,-0.4542505593609367,26.269524777655956,40.990000000000414
4100,-3.210716401990973,-0.5105687009434161,25.58498006541275,41.00000000000041
4101,-2.9407016318862174,-0.5830024550851265,24.9191068433597,41.01000000000041
4102,-2.7049317142061082,-0.6677723058682673,24.2717416902474,41.02000000000041
4103,-2.501215773372324,-0.7619414242176072,23.64255803005425,41.030000000000406
4104,-2.3272883384568526,-0.8633110358432601,23.031147615005857,41.040000000000404
4105,-2.1808906081954933,-0.9703174475959314,22.437075415667493,41.0500000000004
4106,-2.059833292135537,-1.0819355729206779,21.85991496666733,41.0600000000004
4107,-1.962043520214051,-1.1975917328734889,21.29926997002001,41.0700000000004
4108,-1.8855983414799948,-1.3170870549050133,20.754786708479607,41.080000000000396
4109,-1.8287472128224966,-1.4405318060175598,20.226160701249952,41.090000000000394
4110,-1.789925672142003,-1.5682903574625755,19.713140101135654,41.10000000000039
4111,-1.7677621406740602,-1.7009360866321634,19.21552759682732,41.11000000000039
4112,-1.7610795352698705,-1.8392153031670893,18.73318203175514,41.12000000000039
4113,-1.7688931120595923,-1.9840191849448898,18.266020555221964,41.130000000000386
4114,-1.790405719348122,-2.1363626850234163,17.81402185245381,41.140000000000384
4115,-1.8250014159156513,-2.297369393498399,17.377230829420387,41.15000000000038
4116,-1.8722382136739262,-2.4682613873359442,16.95576503126267,41.16000000000038
4117,-1.931840531040128,-2.6503531609552238,16.549823030002727,41.17000000000038
4118,-2.0036917940316377,-2.8450487889279015,16.159695012448356,41.180000000000376
4119,-2.087827493521264,-3.0538415204625133,15.785775821236346,41.190000000000374
4120,-2.184428896215389,-3.2783150357824375,15.428580742209494,41.20000000000037
4121,-2.293817510172094,-3.5201456003561753,15.088764383367847,41.21000000000037
4122,-2.4164503191905022,-3.781104327706498,14.767143049309228,41.22000000000037
4123,-2.552915720042102,-4.063058698452423,14.464721075590104,41.230000000000366
4124,-2.7039300178831343,-4.367972374880704,14.182721644468364,41.240000000000364
4125,-2.8703342535828913,-4.697902188241586,13.92262265016645,41.25000000000036
4126,-3.0530910470487607,-5.054990950437562,13.686198208537595,41.26000000000036
4127,-3.253281037387641,-5.44145444192063,13.475566399113527,41.27000000000036
4128,-3.4720983778409398,-5.8595605416270224,13.293243767320924,41.280000000000356
4129,-3.710844594219548,-6.3115979807986236,13.142206973373472,41.290000000000354
4130,-3.9709199328774556,-6.799831610339536,13.025961713229515,41.30000000000035
4131,-4.253811100623664,-7.326440365322212,12.948618603027136,41.31000000000035
4132,-4.561074027093519,-7.893433294330627,12.914975040487061,41.32000000000035
4133,-4.894309953817229,-8.50253811679624,12.930601041907739,41.33000000000035
4134,-5.2551327701151305,-9.155055828814616,13.001925583500995,41.340000000000344
4135,-5.645125075985079,-9.851673994074163,13.13631790692334,41.35000000000034
4136,-6.065779967793987,-10.592230699184396,13.342155415115831,41.36000000000034
4137,-6.518425040933028,-11.375420992732831,13.628866011939728,41.37000000000034
4138,-7.0041246361130085,-12.19843837934926,14.006927875456517,41.38000000000034
4139,-7.523556010436634,-13.05654620757998,14.487803626526743,41.390000000000335
4140,-8.076855030150968,-13.942578407902628,15.083778763441849,41.40000000000033
4141,-8.663427367926134,-14.846377088473977,15.807666508554826,41.41000000000033
4142,-9.281722339980918,-15.754187274075923,16.672333830821735,41.42000000000033
4143,-9.92896883339042,-16.648047922758245,17.689998181700158,41.43000000000033
4144,-10.600876742327202,-17.50524431079164,18.87124438647339,41.440000000000325
4145,-11.291313499173645,-18.297919998381953,20.223720575664366,41.45000000000032
4146,-11.991974149094476,-18.992984886771605,21.75049687115861,41.46000000000032
4147,-12.69207522286219,-19.5524938375614,23.448117459024118,41.47000000000032
4148,-13.37811708433211,-19.934697255342776,25.304451552592262,41.48000000000032
4149,-14.033775101433177,-20.095963910148452,27.296553317083365,41.490000000000315
4150,-14.639993982304704,-19.99372439648598,29.38886760824322,41.50000000000031
4151,-15.175367023722831,-19.590457018252135,31.532244520507536,41.51000000000031
4152,-15.616876023175761,-18.858521377907255,33.66430842077177,41.52000000000031
4153,-15.941040558648911,-17.78534814048595,35.71170543294306,41.53000000000031
4154,-16.125471316832616,-16.378168568252107,37.59456284863636,41.540000000000305
4155,-16.150741041974566,-14.667218402437252,39.23309804736871,41.5500000000003
4156,-16.002388778020833,-12.706317641791257,40.55574656167736,41.5600000000003
4157,-15.672781664397876,-10.57003508659075,41.507574335108984,41.5700000000003
4158,-15.162507006617163,-8.347322102026968,42.05732420714436,41.5800000000003
4159,-14.480988516158144,-6.132406113155543,42.20145886020526,41.590000000000295
4160,-13.646130275857884,-4.01457042535074,41.96411964894335,41.60000000000029
4161,-12.682974290807168,-2.0688627619257542,41.39290996856429,41.61000000000029
4162,-11.621563137919027,-0.3495548062025373,40.55149236827637,41.62000000000029
4163,-10.494362304747378,1.1126203521898148,39.51074297096012,41.63000000000029
4164,-9.333664039053659,2.309473220008714,38.34036074756603,41.640000000000285
4165,-8.169350313147422,3.2515130204126175,37.102392656203406,41.65000000000028
4166,-7.027263979791418,3.9626042331719518,35.84736802958954,41.66000000000028
4167,-5.9282771584950815,4.474433457745246,34.61297555552777,41.67000000000028
4168,-4.888006096871049,4.821724642523009,33.424706057399455,41.68000000000028
4169,-3.9170330229316432,5.038667358920797,32.29769436803461,41.690000000000275
4170,-3.021462984746399,5.156622792952178,31.23905625385575,41.70000000000027
4171,-2.2036544069765416,5.202923450788021,30.250209304800883,41.71000000000027
4172,-1.4629966212000851,5.200481052791582,29.328882604757954,41.72000000000027
4173,-0.7966488538009185,5.16791774987099,28.470696206542584,41.73000000000027
4174,-0.20019219343372763,5.119988368306586,27.67030748351506,41.740000000000265
4175,0.3318258627403038,5.0681284659431824,26.922182800269926,41.75000000000026
4176,0.8054561230605917,5.021023657505518,26.221075286602964,41.76000000000026
4177,1.2270128765050843,4.9851418789591575,25.56228875478325,41.77000000000026
4178,1.6028257767504916,4.965201491040388,24.941796054089238,41.78000000000026
4179,1.9390633481794812,4.9645671572806425,24.356265022012852,41.790000000000255
4180,2.241613729089597,4.9855758151707805,23.80303072356843,41.80000000000025
4181,2.5160099376977154,5.029799896525235,23.280040589553643,41.81000000000025
4182,2.7673889335804676,5.098256545382111,22.78578977240843,41.82000000000025
4183,3.000475694760632,5.19157145674028,22.31925729925332,41.83000000000025
4184,3.219585270958597,5.31010504619067,21.879848944342186,41.840000000000245
4185,3.428637248481804,5.45404747767714,21.46734966576598,41.85000000000024
4186,3.6311782714013376,5.623487885572987,21.08188651138174,41.86000000000024
4187,3.8304092328185027,5.818462040506849,20.72390174127404,41.87000000000024
4188,4.029214513587338,6.038981759592966,20.394135268714347,41.88000000000024
4189,4.2301912381879,6.285048547633818,20.093615191079042,41.890000000000235
4190,4.4356769691324915,6.556653259601873,19.823655025628128,41.90000000000023
4191,4.64777459817943,6.85376297795089,19.585856183526747,41.91000000000023
4192,4.868373436156576,7.17629578712771,19.382114140007996,41.92000000000023
4193,5.099165671253689,7.524083695222577,19.214626640741663,41.93000000000023
4194,5.341657473650578,7.89682360069712,19.08590208985174,41.940000000000225
4195,5.597174086355232,8.294015941916113,18.99876596883667,41.95000000000022
4196,5.866858271911321,8.714890521141415,18.95636272068679,41.96000000000022
4197,6.15166149683433,9.158318997733044,18.96214999022941,41.97000000000022
4198,6.4523272469242015,9.622713746948408,19.019881440697432,41.98000000000022
4199,6.769365896926622,10.105913246086901,19.133573583266706,41.990000000000215
4200,7.10302063184265,10.605054959756469,19.307451199233192,42.00000000000021
4201,7.453224064634032,11.116437944910361,19.54586507573006,42.01000000000021
4202,7.819545452661665,11.635379184093575,19.853175035084092,42.02000000000021
4203,8.201128825804856,12.156070073333026,20.233590798038247,42.03000000000021
4204,8.596622950557673,12.671442596391742,20.69096334362638,42.040000000000205
4205,9.004104915141081,13.173058493094313,21.22852046353783,42.0500000000002
4206,9.421000272936404,13.651039029933733,21.84854259176127,42.0600000000002
4207,9.844004148636136,14.094057458854133,22.551979213583014,42.0700000000002
4208,10.269009479657935,14.48942027649904,23.33801270218156,42.0800000000002
4209,10.691050559342045,14.823265991287473,24.20358563853122,42.090000000000195
4210,11.104272102536587,15.080909910201347,25.142919549844684,42.10000000000019
4211,11.501935883303062,15.247358798472957,26.147066967149325,42.11000000000019
4212,11.876478174820052,15.308008379887255,27.203553280922872,42.12000000000019
4213,12.219631195326773,15.249518116853649,28.296177467668528,42.13000000000019
4214,12.522619887479461,15.06083114145236,29.405047608141423,42.140000000000185
4215,12.77644101287675,14.734274058832163,30.506923640996867,42.15000000000018
4216,12.972224317472293,14.266635698014015,31.575921511039244,42.16000000000018
4217,13.101665455526465,13.660092781205119,32.58459692271449,42.17000000000018
4218,13.157508188094331,12.922833302094654,33.505373995216786,42.18000000000018
4219,13.134040699494363,12.069234934867843,34.31222020520122,42.190000000000175
4220,13.027560123031712,11.11949301472633,34.98240589485899,42.20000000000017
4221,12.836753412201174,10.098660958592202,35.498140375532536,42.21000000000017
4222,12.562944166840277,9.035156558498473,35.84786350404038,42.22000000000017
4223,12.210165406006096,7.95888228261106,36.027002151096745,42.23000000000017
4224,11.785037093666592,6.899183219992369,36.038074784910286,42.240000000000165
4225,11.29645170629917,5.882901292774107,35.8901307589488,42.25000000000016
4226,10.755096664946663,4.9327674690978585,35.597619708844306,42.26000000000016
4227,10.172863745361783,4.066308450485636,35.178873759500306,42.27000000000016
4228,9.562208215874168,3.2953483199752824,34.654430477381,42.28000000000016
4229,8.935522226284279,2.6260843389477695,34.045420399111855,42.290000000000155
4230,8.304578437550628,2.0596336121233283,33.37219687158986,42.30000000000015
4231,7.680083955007898,1.5928989729812741,32.653315510525736,42.31000000000015
4232,7.0713654568052355,1.2195914453516803,31.904896408688472,42.32000000000015
4233,6.48618805565988,0.9312660351301385,31.140340939304195,42.33000000000015
4234,5.930695853606905,0.7182649558666911,30.370335513926445,42.340000000000146
4235,5.409452763832884,0.5705049162670166,29.603058010177236,42.35000000000014
4236,4.925557979076297,0.4780832012669697,28.84450432386665,42.36000000000014
4237,4.480810501295364,0.431705819146442,28.098865807163502,42.37000000000014
4238,4.075900033080472,0.42295877148540484,27.36890663865149,42.38000000000014
4239,3.7106059069209656,0.44445191829452335,26.656308504994342,42.390000000000136
4240,3.3839905080583215,0.48986649509605273,25.961965470661486,42.400000000000134
4241,3.0945781067620945,0.5539347251688587,25.286223427140055,42.41000000000013
4242,2.840513768602771,0.6323753136073327,24.62906607848048,42.42000000000013
4243,2.619699923103227,0.7218034026425225,23.990253690906595,42.43000000000013
4244,2.4299102710571567,0.8196286895920517,23.369422675666403,42.440000000000126
4245,2.2688821129106462,0.923951276709357,22.766154312694894,42.450000000000124
4246,2.134389029290517,1.0334615525588742,22.18002022960563,42.46000000000012
4247,2.024296281617353,1.1473479467595102,21.610611113482566,42.47000000000012
4248,1.9366014481315688,1.2652146289397599,21.05755387227983,42.48000000000012
4249,1.869462766212388,1.3870099948955452,20.52052126717839,42.490000000000116
4250,1.8212174890807036,1.512965964963464,19.999237002138514,42.500000000000114
4251,1.7903923366689796,1.6435476002907803,19.493478416172575,42.51000000000011
4252,1.7757078630311596,1.7794122348418115,19.00307827535975,42.52000000000011
4253,1.7760783002122247,1.9213771589885889,18.527926684319983,42.53000000000011
4254,1.790608186089861,2.0703948261386884,18.067973802190814,42.540000000000106
4255,1.8185868500947437,2.2275345520198626,17.623233826706947,42.550000000000104
4256,1.8594816202872557,2.393969711592251,17.19379057510578,42.5600000000001
4257,1.9129304294177554,2.5709694925819857,16.77980491988526,42.5700000000001
4258,1.9787343357341785,2.7598943235837146,16.381524313109637,42.5800000000001
4259,2.0568503345191322,2.9621941480533045,15.999294641370776,42.590000000000096
4260,2.1473847158725494,3.179408754886392,15.633574684510895,42.600000000000094
4261,2.2505871197739338,3.413169394462135,15.284953497248148,42.61000000000009
4262,2.3668453472427537,3.6652008993817127,14.954171088089362,42.62000000000009
4263,2.4966809024566494,3.937323484998702,14.642142829361095,42.63000000000009
4264,2.6407451607108547,4.231453319105493,14.349988090762702,42.640000000000086
4265,2.7998159765503186,4.549600814844077,14.079063640427714,42.650000000000084
4266,2.9747944603796945,4.893865406976344,13.83100239383291,42.66000000000008
4267,3.1667015550393596,5.266425308786171,13.607758100355868,42.67000000000008
4268,3.3766739304140407,5.669520403739366,13.411656523161364,42.68000000000008
4269,3.6059585777465735,6.1054259907636395,13.245453566662967,42.690000000000076
4270,3.85590531904828,6.576414563576521,13.112400603773864,42.700000000000074
4271,4.127956243501104,7.084702154938439,13.01631690663284,42.71000000000007
4272,4.423630834644838,7.632375015148123,12.961668527394202,42.72000000000007
4273,4.744505252695166,8.22129153303493,12.953652127916179,42.73000000000007
4274,5.092183880729142,8.852953382834386,12.998281013129306,42.740000000000066
4275,5.468260830939666,9.528338965087755,13.102468851241683,42.750000000000064
4276,5.874268644354475,10.247691436021464,13.274104109342295,42.76000000000006
4277,6.311610923521174,11.01025320656644,13.522104924556242,42.77000000000006
4278,6.781475151825701,11.813939081578416,13.856439803994396,42.78000000000006
4279,7.284721544800973,12.654941711038262,14.288094085823612,42.790000000000056
4280,7.821743561424702,13.527266458260726,14.828955508840991,42.800000000000054
4281,8.392295851108305,14.422199118137732,15.49158478850767,42.81000000000005
4282,8.995286177811247,15.327720337789826,16.288829479044182,42.82000000000005
4283,9.628529593809105,16.22789643754337,17.23323300185511,42.83000000000005
4284,10.288466278182533,17.10229881988079,18.336187932747197,42.840000000000046
4285,10.969849532352358,17.92553387740822,19.606787168084715,42.850000000000044
4286,11.665417966857945,18.667001357225335,21.05034360449165,42.86000000000004
4287,12.365576305894683,19.291037809449605,22.666584838571254,42.87000000000004
4288,13.058122456250175,19.75763495285174,24.447590576735838,42.88000000000004
4289,13.728073705910331,20.023936575960427,26.375630994625148,42.890000000000036
4290,14.357659992915341,20.046691784514646,28.42118160674106,42.900000000000034
4291,14.926563172075271,19.785753043620918,30.541519276809606,42.91000000000003
4292,15.412482159229835,19.208534032801253,32.68041168988823,42.92000000000003
4293,15.792087346586976,18.29508107579071,34.769445925679626,42.93000000000003
4294,16.04238671950735,17.0430934515695,36.73143588461261,42.940000000000026
4295,16.142457392713563,15.471931806278414,38.48604988815742,42.950000000000024
4296,16.07540483407005,13.62450635284113,39.95730522413141,42.96000000000002
4297,15.830314985947158,11.566076067288188,41.08197163768404,42.97000000000002
4298,15.403891094081262,9.379497989997652,41.817398666978434,42.98000000000002
4299,14.801451783672901,7.157285967401282,42.14707569140979,42.990000000000016
4300,14.03703520204574,4.991740520463539,42.082535904456684,43.000000000000014
4301,13.13250573388752,2.9650525930095886,41.66102732105676,43.01000000000001
4302,12.115760419799727,1.1413668708337734,40.93945229428501,43.02000000000001
4303,11.018321064903132,-0.4377598374844154,39.986018842018595,43.03000000000001
4304,9.872712974664378,-1.7540402780229647,38.8714912218442,43.040000000000006
4305,8.710037649395643,-2.809810999641247,37.66174676048581,43.050000000000004
4306,7.558052784491954,-3.6232546700724124,36.41269791759391,43.06
4307,6.439922039035517,-4.2228582725832915,35.167845139310764,43.07
4308,5.3736440078736365,-4.642233328707868,33.95808715502248,43.08
4309,4.3720562742154865,-4.915977388810544,32.80308107112226,43.089999999999996
4310,3.4432529079128833,-5.076811022248095,31.71340294469249,43.099999999999994
4311,2.5912465148967856,-5.1539047669012605,30.69290475634789,43.10999999999999
4312,1.816731386716981,-5.172145519880602,29.740876918525185,43.11999999999999
4313,1.1178436960572227,-5.152051122064755,28.853822876338167,43.12999999999999
4314,0.49085421424502484,-5.110075016042748,28.02679572095017,43.139999999999986
4315,-0.06923870878375238,-5.059105793807841,27.254331483157504,43.149999999999984
4316,-0.5682254172861613,-5.0090310271226315,26.53105216980094,43.15999999999998
4317,-1.0123059782698083,-4.9672876517892695,25.852020032728777,43.16999999999998
4318,-1.4078041456217543,-4.939358904892101,25.21291698171293,43.17999999999998
4319,-1.760959621548789,-4.929201986116546,24.610109028297458,43.189999999999976
4320,-2.0777838580055645,-4.93960457748159,24.04064071084962,43.199999999999974
4321,-2.3639659299531672,-4.9724754598971845,23.502191265120512,43.20999999999997
4322,-2.624816882947569,-5.029077371385221,22.99301379046455,43.21999999999997
4323,-2.865242931791334,-5.110210817026112,22.511870827952777,43.22999999999997
4324,-3.089739720314812,-5.216356942045512,22.05797422677518,43.23999999999997
4325,-3.302401442487882,-5.3477865031317275,21.630933433119623,43.249999999999964
4326,-3.5069399485522665,-5.504640784278081,21.23071392019036,43.25999999999996
4327,-3.706710032124848,-5.686989174199932,20.857605995673435,43.26999999999996
4328,-3.9047379463323564,-5.89486711755019,20.512203367368066,43.27999999999996
4329,-4.10375086345414,-6.128297282833263,20.195390390796437,43.28999999999996
4330,-4.306205505392052,-6.387296044231847,19.90833669970117,43.299999999999955
4331,-4.514314559276031,-6.671866734304785,19.652497814944873,43.30999999999995
4332,-4.730069776778906,-6.981980573437565,19.429620257908557,43.31999999999995
4333,-4.955260856444772,-7.317545709639039,19.24174960395574,43.32999999999995
4334,-5.191489341764199,-7.678364406127249,19.091239759385783,43.33999999999995
4335,-5.440176848200504,-8.06407810044079,18.980761502234742,43.349999999999945
4336,-5.702566973424532,-8.474099844075795,18.913307972016135,43.35999999999994
4337,-5.979720260489659,-8.907533544199644,18.892194311765657,43.36999999999994
4338,-6.272501588860657,-9.363079510783027,18.921048051504325,43.37999999999994
4339,-6.5815593810528945,-9.838926120896485,19.00378608121103,43.38999999999994
4340,-6.9072960550372535,-10.332628020799161,19.14457321748346,43.399999999999935
4341,-7.249829251613444,-10.840972285396647,19.34775647267957,43.40999999999993
4342,-7.608943554991765,-11.359835444707189,19.617768279980776,43.41999999999993
4343,-7.984032743963307,-11.884036370484996,19.95899125944234,43.42999999999993
4344,-8.374033106615476,-12.40719277757122,20.375576847647906,43.43999999999993
4345,-8.77734907371105,-12.921592568761927,20.871210562506047,43.449999999999925
4346,-9.191773423216139,-13.418095376732994,21.448818233148828,43.45999999999992
4347,-9.614405618567824,-13.886084207517673,22.11021067167186,43.46999999999992
4348,-10.041573477462808,-14.313491601547085,22.85566951400725,43.47999999999992
4349,-10.468765289871236,-14.686928411206097,23.68348476999354,43.48999999999992
4350,-10.890581602004723,-14.991944975224957,24.58946523978763,43.499999999999915
4351,-11.300717939326747,-15.213452596598373,25.566456167981144,43.50999999999991
4352,-11.69199140505391,-15.336325995018724,26.60391337027641,43.51999999999991
4353,-12.056424864050392,-15.346193063822925,27.687597597591008,43.52999999999991
4354,-12.385401684027645,-15.230395694104624,28.799463897887172,43.53999999999991
4355,-12.669901085035344,-14.979074922091467,29.917823878725223,43.549999999999905
4356,-12.900818468740956,-14.586297784450878,31.01784921804154,43.5599999999999
4357,-13.06936640031195,-14.051107557326512,32.07245837070909,43.5699999999999
4358,-13.167540516013405,-13.378351975785101,33.05358354412577,43.5799999999999
4359,-13.188621661990574,-12.579135795343902,33.933754566402136,43.5899999999999
4360,-13.127673075325907,-11.670763997276596,34.68786907302735,43.599999999999895
4361,-12.981982167520975,-10.676094769690971,35.29495897403526,43.60999999999989
4362,-12.751393427737975,-9.622303548856832,35.73972878724991,43.61999999999989
4363,-12.43848443984986,-8.539157245466136,36.01364713524917,43.62999999999989
4364,-12.048551720411488,-7.456989421029032,36.11542495691415,43.63999999999989
4365,-11.589395490473242,-6.404628353553759,36.0508061852414,43.649999999999885
4366,-11.070918776781294,-5.407542301039115,35.83170906322329,43.65999999999988
4367,-10.504581129207077,-4.486424728805454,35.47486143750547,43.66999999999988
4368,-9.902765489166915,-3.6563575975188227,35.0001452579435,43.67999999999988
4369,-9.278124700002106,-2.9265860527484513,34.42888856939263,43.68999999999988
4370,-8.64297083527674,-2.300839893928537,33.7823171776357,43.699999999999875
4371,-8.00875774114192,-1.7780675077230008,33.08031630723073,43.70999999999987
4372,-7.385688717800028,-1.3534166071159344,32.34057565820541,43.71999999999987
4373,-6.782461506731619,-1.0193010343691236,31.578119444976526,43.72999999999987
4374,-6.206145459495369,-0.7664234500050202,30.805169960070955,43.73999999999987
4375,-5.662173258546334,-0.5846662873968984,30.031264115278724,43.749999999999865
4376,-5.1544225614313905,-0.4638059309771699,29.26353522371468,43.75999999999986
4377,-4.6853608983859685,-0.3940399270246163,28.507080801963166,43.76999999999986
4378,-4.256228801249833,-0.36634096213596606,27.765354173242322,43.77999999999986
4379,-3.867240017338446,-0.3726646157739975,27.040537038163734,43.78999999999986
4380,-3.517782477182001,-0.4060427052279303,26.33386788563104,43.799999999999855
4381,-3.206608499986594,-0.46059318174162417,25.645915107815263,43.80999999999985
4382,-2.932006968162097,-0.531473536173904,24.976793458389608,43.81999999999985
4383,-2.691953624963278,-0.6147994272741141,24.326328473947108,43.82999999999985
4384,-2.4842382051943614,-0.7075449668161975,23.694176496777278,43.83999999999985
4385,-2.306568881356545,-0.8074364296633326,23.079908892581127,43.849999999999845
4386,-2.1566556361872236,-0.9128473557848137,22.48306873286898,43.85999999999984
4387,-2.0322748081469824,-1.022700091344122,21.903207207274125,43.86999999999984
4388,-1.9313173364666962,-1.1363766744621695,21.3399057580661,43.87999999999984
4389,-1.8518232702662436,-1.2536404624370374,20.79278864423912,43.88999999999984
4390,-1.792004989483323,-1.3745688748359182,20.261529486201628,43.899999999999835
4391,-1.7502613780185825,-1.4994969638045217,19.745854376057196,43.90999999999983
4392,-1.7251849365971763,-1.6289711171077583,19.24554337558437,43.91999999999983
4393,-1.7155635546482344,-1.7637119729020327,18.760431649902646,43.92999999999983
4394,-1.7203783964736141,-1.9045855203940958,18.290411072387982,43.93999999999983
4395,-1.7387991088656622,-2.052581335487186,17.835432854959528,43.949999999999825
4396,-1.7701773315278146,-2.2087969250703297,17.3955115781308,43.95999999999982
4397,-1.8140392908820662,-2.3744272059880465,16.970730891847726,43.96999999999982
4398,-1.8700780823926642,-2.5507582090471663,16.561251110515137,43.97999999999982
4399,-1.9381460950581144,-2.739164162838885,16.167318917770288,43.98999999999982
4400,-2.0182479018361916,-2.9411071675464115,15.789279416555708,43.999999999999815
4401,-2.1105338284072137,-3.1581387078453917,15.427590799147314,44.00999999999981
4402,-2.2152943163510317,-3.3919022699967147,15.082841963613818,44.01999999999981
4403,-2.3329551117156,-3.644136315110891,14.755773462787536,44.02999999999981
4404,-2.4640732320551293,-3.9166768119668744,14.447302234887799,44.03999999999981
4405,-2.6093335900463037,-4.211458441698669,14.158550626867243,44.049999999999805
4406,-2.76954607521154,-4.530513445124089,13.890880276567533,44.0599999999998
4407,-2.945642812202795,-4.8759668822200695,13.645931459832097,44.0699999999998
4408,-3.1386752192045226,-5.250026801609987,13.42566852222808,44.0799999999998
4409,-3.349810377445069,-5.654967464051439,13.232431985192392,44.0899999999998
4410,-3.580326086105706,-6.093103315267209,13.068997819205865,44.099999999999795
4411,-3.8316038090218565,-6.566750848110521,12.938644178143592,44.10999999999979
4412,-4.105118512930723,-7.078174822990001,12.845225542351608,44.11999999999979
4413,-4.402424143936651,-7.629514526613922,12.793253659591729,44.12999999999979
4414,-4.725133182204378,-8.22268485374512,12.787983818254087,44.13999999999979
4415,-5.074888349358453,-8.859246029493644,12.835503726926383,44.149999999999785
4416,-5.453324117371972,-9.540234823799818,12.942820472133453,44.15999999999978
4417,-5.862015188014756,-10.265949278150961,13.117938519376755,44.16999999999978
4418,-6.302408597028377,-11.035678489653279,13.36991833140581,44.17999999999978
4419,-6.775735586290867,-11.847369229590498,13.708900725773974,44.18999999999978
4420,-7.2828989506208295,-12.697222636490482,14.146076452681973,44.199999999999775
4421,-7.824331319207795,-13.579217662773013,14.693573641428076,44.20999999999977
4422,-8.399819953564316,-14.484564371186348,15.364227991481739,44.21999999999977
4423,-9.00829439532652,-15.401100825932897,16.171192573280006,44.22999999999977
4424,-9.647575038387156,-16.312663614128752,17.127337273846972,44.23999999999977
4425,-10.314083895961316,-17.19848527316383,18.244384742810468,44.249999999999766
4426,-11.002524033681567,-18.03270276262592,19.53173401624419,44.25999999999976
4427,-11.705541906576002,-18.784098735098475,20.99494023119129,44.26999999999976
4428,-12.41339758942825,-19.41623795456609,22.633855707569086,44.27999999999976
4429,-13.113681625942034,-19.888196401262288,24.44050103624367,44.28999999999976
4430,-13.79113310347406,-20.156095798835377,26.39682909914744,44.299999999999756
4431,-14.427629373010191,-20.175630273659763,28.472667656584637,44.309999999999754
4432,-15.00242946307515,-19.90567923326504,30.624261678628187,44.31999999999975
4433,-15.492754440094139,-19.312919433669684,32.79395018664802,44.32999999999975
4434,-15.874770939451693,-18.377075308935176,34.91154803140907,44.33999999999975
4435,-16.125001376400043,-17.096112137489452,36.89789202790215,44.349999999999746
4436,-16.222112452508984,-15.490365804144748,38.6706965579725,44.359999999999744
4437,-16.148937787672562,-13.604449751002996,40.15234254314659,44.36999999999974
4438,-15.894488984005605,-11.505931016455357,41.27858753530733,44.37999999999974
4439,-15.45563318725058,-9.280308073259839,42.00663413895025,44.38999999999974
4440,-14.838100675851505,-7.0226909981308765,42.32078760302808,44.399999999999736
4441,-14.056559708079442,-4.827531206037399,42.234267227403954,44.409999999999734
4442,-13.133656857875238,-2.7784076221494036,41.786604907742664,44.41999999999973
4443,-12.098131934302653,-0.9399381649940011,41.037201966742344,44.42999999999973
4444,-10.982312557371788,0.6467191111339285,40.056591540264385,44.43999999999973
4445,-9.819409390521216,1.9643444867400697,38.91739105170435,44.449999999999726
4446,-8.641034002795088,3.0167243640036485,37.68670692999909,44.459999999999724
4447,-7.475258166115214,3.8235887599359413,36.42105190046829,44.46999999999972
4448,-6.345373473510099,4.414848242199138,35.164000718773366,44.47999999999972
4449,-5.269351301939175,4.825282361028265,33.94615542368318,44.48999999999972
4450,-4.259887935642432,5.090353355651159,32.78666353347188,44.499999999999716
4451,-3.324863806513073,5.243356324476811,31.695509157433676,44.509999999999714
4452,-2.4680417934140846,5.3137934076739315,30.67596112322307,44.51999999999971
4453,-1.689858273305283,5.326699312493851,29.72678885115338,44.52999999999971
4454,-0.9882025147253695,5.302612603632641,28.84406081276302,44.53999999999971
4455,-0.3591210028895684,5.25792750777385,28.022485306660762,44.549999999999706
4456,0.20258384817677355,5.205428982154895,27.25633670981935,44.559999999999704
4457,0.7028683615745857,5.154881234044072,26.540046422570327,44.5699999999997
4458,1.1480696488215343,5.11359397349306,25.868543880572627,44.5799999999997
4459,1.5446220812886868,5.0869286345432245,25.237423664130997,44.5899999999997
4460,1.8988527366141406,5.078730712294081,24.642999522702723,44.599999999999696
4461,2.2168405341821344,5.091687900602449,24.082290485879643,44.609999999999694
4462,2.504325270824166,5.1276203941169545,23.552970674177455,44.61999999999969
4463,2.7666547831534447,5.18771226938332,23.053303749521195,44.62999999999969
4464,3.0087605317764323,5.2726931551114316,22.582075072504427,44.63999999999969
4465,3.2351537941099324,5.382978610420081,22.13852911451698,44.649999999999686
4466,3.4499362757409475,5.518776422058234,21.722315974880992,44.659999999999684
4467,3.6568202903726763,5.680164756296627,21.33344848531246,44.66999999999968
4468,3.8591547369650714,5.867146917190902,20.97226994303898,44.67999999999968
4469,4.059953954987654,6.079686425413322,20.63943168940408,44.68999999999968
4470,4.261927202030221,6.317725245394796,20.33587931383272,44.699999999999676
4471,4.467507006366678,6.5811872372610365,20.06284604958019,44.709999999999674
4472,4.678875029456114,6.86996827372954,19.82185182251813,44.71999999999967
4473,4.897984353883456,7.183913923940365,19.61470633734207,44.72999999999967
4474,5.126577310889147,7.522785156325127,19.443514481670668,44.73999999999967
4475,5.366198095432745,7.886212149954063,19.31068215913055,44.749999999999666
4476,5.618199500884877,8.273636036937356,19.21892040107969,44.759999999999664
4477,5.8837431544901255,8.684238246766828,19.171245235583143,44.76999999999966
4478,6.163792663717796,9.116857118377258,19.17097030266468,44.77999999999966
4479,6.459099109183742,9.569891631955304,19.22168859815113,44.78999999999966
4480,6.770178361460898,10.041192549193946,19.32723902068324,44.799999999999656
4481,7.097279780234203,10.527942010864933,19.49165262532984,44.809999999999654
4482,7.440346003297276,11.026523808610836,19.719072721599613,44.81999999999965
4483,7.798963783828632,11.532388212319145,20.013642305853555,44.82999999999965
4484,8.172306226677684,12.039917474409446,20.379351957786753,44.83999999999965
4485,8.55906735145086,12.542300994132336,20.81984149769379,44.849999999999646
4486,8.957390715719008,13.031432586344327,21.338149713931433,44.859999999999644
4487,9.36479490278154,13.497846219500289,21.936408720840983,44.86999999999964
4488,9.778100034453415,13.930710644341476,22.61548343636761,44.87999999999964
4489,10.19336109544222,14.31790695386175,23.374562700378434,44.88999999999964
4490,10.605815681284174,14.64621541051683,24.2107169854849,44.899999999999636
4491,11.009855654207438,14.901637628573342,25.118448476595223,44.909999999999634
4492,11.39903385164403,15.06987591561609,26.089271976905003,44.91999999999963
4493,11.766118058041235,15.136981690625376,27.111378314542698,44.92999999999963
4494,12.10320442129965,15.090168150319384,28.16944336229796,44.93999999999963
4495,12.401900794201623,14.918758392298944,29.244652104721023,44.949999999999626
4496,12.653586554011355,14.615210289115511,30.31500433080134,44.959999999999624
4497,12.84974892752177,14.176127109497298,31.35595249929731,44.96999999999962
4498,12.982386745719323,13.603134368115729,32.34139050719946,44.97999999999962
4499,13.044461507958964,12.90348691864799,33.24496494021612,44.98999999999962
4500,13.030364049027867,12.090274616729076,34.041622926097915,44.999999999999616
4501,12.936355105797988,11.182126408821697,34.70925311182231,45.009999999999614
4502,12.76093223610036,10.202372337241343,35.23023260946478,45.01999999999961
4503,12.505076246214458,9.177703530062699,35.59267756030907,45.02999999999961
4504,12.172338974599281,8.136456376716207,35.791218316120016,45.03999999999961
4505,11.768750714810974,7.1067183092598505,35.82718287838444,45.049999999999606
4506,11.302547474255862,6.11448948521782,35.70816329678148,45.059999999999604
4507,10.783741675352058,5.18212577435375,35.447038685742434,45.0699999999996
4508,10.223580085252227,4.327235102276215,35.06061137758745,45.0799999999996
4509,9.633945586954626,3.5621154925573695,34.56806008701014,45.0899999999996
4510,9.0267625775149,2.893731002730754,33.98941741965399,45.099999999999596
4511,8.413459420036485,2.324143202454962,33.34424318237833,45.109999999999594
4512,7.8045277982783325,1.8512660389729447,32.65060420938366,45.11999999999959
4513,7.209201622347794,1.4697956802739656,31.92440400309849,45.12999999999959
4514,6.635261028140411,1.1721795264123678,31.179047097043373,45.13999999999959
4515,6.088952877967606,0.9495196580518961,30.4253830124181,45.14999999999959
4516,5.575009555976035,0.792344032735008,29.671855269966102,45.159999999999584
4517,5.096743003651932,0.6912145013449587,28.924779051641522,45.16999999999958
4518,4.656190153421234,0.6371687447177313,28.188681037001942,45.17999999999958
4519,4.254288012550884,0.6220117094042965,27.46665066436745,45.18999999999958
4520,3.891060382236225,0.638481809161089,26.760668816240834,45.19999999999958
4521,3.5658025249287113,0.6803201157654302,26.07189469386513,45.209999999999575
4522,3.277254284012383,0.7422693422972176,25.400903040560955,45.21999999999957
4523,3.0237557898408665,0.8200256653230972,24.747871679965343,45.22999999999957
4524,2.8033827773890896,0.9101618270399687,24.112724008699654,45.23999999999957
4525,2.6140606823541774,1.010035434419264,23.49523335503994,45.24999999999957
4526,2.453658157560686,1.1176924137727775,22.89509673807454,45.259999999999565
4527,2.320061583181895,1.2317723649568655,22.31198517614619,45.26999999999956
4528,2.211232661359392,1.3514200880812204,21.74557678221391,45.27999999999956
4529,2.125251404031575,1.4762057361717393,21.195577777068028,45.28999999999956
4530,2.060346837245591,1.6060547576391202,20.661735452813932,45.29999999999956
4531,2.014917629284944,1.7411879115693916,20.143846139142344,45.309999999999555
4532,1.9875446575133886,1.8820710615798684,19.641760410954404,45.31999999999955
4533,1.9769972979200365,2.0293740953783144,19.15538713616399,45.32999999999955
4534,1.9822349776658643,2.183938111754057,18.68469748356327,45.33999999999955
4535,2.0024052910746835,2.3467499153927136,18.229729669143346,45.34999999999955
4536,2.0368397535064866,2.5189228262961603,17.79059498910697,45.359999999999545
4537,2.085048060785454,2.7016828178915513,17.367485544216933,45.36999999999954
4538,2.146711536496064,2.8963590261856735,16.96068398157417,45.37999999999954
4539,2.221676285465025,3.104377706441622,16.570575548752334,45.38999999999954
4540,2.3099464275626844,3.3272587419757165,16.197662757434216,45.39999999999954
4541,2.4116776590039875,3.566613822059508,15.842582978348672,45.409999999999535
4542,2.5271712753095397,3.824145394062026,15.506129327655598,45.41999999999953
4543,2.6568686871847884,4.101645450927216,15.18927524950959,45.42999999999953
4544,2.801346363559031,4.400993130915155,14.893203243167692,45.43999999999953
4545,2.9613110402946434,4.724149973932598,14.619338217716594,45.44999999999953
4546,3.137594933658439,5.073151488816517,14.369385973315627,45.459999999999525
4547,3.331150589174247,5.450093429056137,14.145377291450467,45.46999999999952
4548,3.5430448731624358,5.857110840749293,13.949718049717672,45.47999999999952
4549,3.7744514699211216,6.296347526646145,13.785245633750478,45.48999999999952
4550,4.0266410755936235,6.769913056502266,13.655291665287969,45.49999999999952
4551,4.300968273684488,7.27982384391686,13.56375065412872,45.509999999999515
4552,4.598853830707725,7.827924109753599,13.51515355059227,45.51999999999951
4553,4.921760858612313,8.415781784466782,13.514744243696107,45.52999999999951
4554,5.27116295119776,9.044553614705766,13.568555717678322,45.53999999999951
4555,5.6485020175485605,9.714813022891196,13.683480724446488,45.54999999999951
4556,6.055133118082824,10.426333772784652,13.867329314726994,45.559999999999505
4557,6.492253183553007,11.177822458190354,14.128862255612013,45.5699999999995
4558,6.960810111016742,11.966593615413503,14.477785129856125,45.5799999999995
4559,7.461388461456418,12.788183379173752,14.924682718052615,45.5899999999995
4560,7.994067953228152,13.635901760356054,15.480867217988104,45.5999999999995
4561,8.558251333940943,14.500330724501387,16.158107344933384,45.609999999999495
4562,9.152459272996987,15.368786353372466,16.968199230057316,45.61999999999949
4563,9.774091981034536,16.224779562385912,17.922335829002122,45.62999999999949
4564,10.419160739169673,17.047531932375147,19.030231751709756,45.63999999999949
4565,11.08199785849022,17.81163118477176,20.298968659092942,45.64999999999949
4566,11.754961191118374,18.486943001205024,21.731547414642378,45.659999999999485
4567,12.42815937212704,19.03892773988542,23.325172458801074,45.66999999999948
4568,13.089236208902877,19.429533479678856,25.069356142156778,45.67999999999948
4569,13.723265935980475,19.61883704187687,26.944017509808962,45.68999999999948
4570,14.312823046570115,19.567563956824404,28.917855557017464,45.69999999999948
4571,14.838297137595543,19.24051727555714,30.947383545828377,45.709999999999475
4572,15.278519151391702,18.610770574486953,32.97708510876386,45.71999999999947
4573,15.611744293701227,17.664237967218533,34.94114631897472,45.72999999999947
4574,15.816993661052958,16.40396157317636,36.76707808000844,45.73999999999947
4575,15.875690452265298,14.853233773270098,38.38123622673241,45.74999999999947
4576,15.773444784365777,13.056608507062933,39.71579001001523,45.759999999999465
4577,15.501761156635492,11.078058753710309,40.7161792099872,45.76999999999946
4578,15.059390916342974,8.99604643679125,41.34770863984613,45.77999999999946
4579,14.453056468387802,6.896002349974422,41.59985287604904,45.78999999999946
4580,13.697351056546463,4.8614479106816475,41.48720657972422,45.79999999999946
4581,12.813760741959982,2.9654433986283717,41.04677065768878,45.809999999999455
4582,11.82892900762682,1.2640069880136091,40.332174928855565,45.81999999999945
4583,10.7724368056655,-0.20739729929720552,39.406168753349654,45.82999999999945
4584,9.674453395169229,-1.4340456472063898,38.33299584359021,45.83999999999945
4585,8.563603490931667,-2.4193660579472342,37.17204654329004,45.84999999999945
4586,7.465306536043777,-3.1806300953388247,35.973607052605516,45.859999999999445
4587,6.400712872905517,-3.744078002842044,34.77686707814133,45.86999999999944
4588,5.386233785330761,-4.140405026263911,33.60983627335803,45.87999999999944
4589,4.433569904171294,-4.4011598726586225,32.49056207836099,45.88999999999944
4590,3.550096926488302,-4.556240482766378,31.42901859005604,45.89999999999944
4591,2.739463185562834,-4.632411561513006,30.42916047431244,45.909999999999435
4592,2.0022757108552502,-4.652633402809909,29.490812985666036,45.91999999999943
4593,1.3367847994887345,-4.635957255088076,28.611232757508674,45.92999999999943
4594,0.7395105940310533,-4.597768549129067,27.786293778744962,45.93999999999943
4595,0.20578267971504127,-4.550210483491492,27.01132495913526,45.94999999999943
4596,-0.269816636605612,-4.502673856663812,26.281659415159382,45.959999999999425
4597,-0.693102358611432,-4.462283486868619,25.592964127245835,45.96999999999942
4598,-1.0700204714371508,-4.434343874406616,24.94141327594803,45.97999999999942
4599,-1.4064528117340973,-4.422727939746564,24.323757309152818,45.98999999999942
4600,-1.708080324535344,-4.430205279040688,23.737327362372657,45.99999999999942
4601,-1.9802928199858782,-4.458713098872946,23.18000343075054,46.009999999999415
4602,-2.228134847874585,-4.509576013868629,22.650165581291276,46.01999999999941
4603,-2.4562789644739893,-4.58368177871678,22.146640600446577,46.02999999999941
4604,-2.6690192458982684,-4.681619796575904,21.66865152909705,46.03999999999941
4605,-2.870279300966032,-4.80378850782343,21.21577415504486,46.04999999999941
4606,-3.063630221651772,-4.950476852903732,20.787902324779235,46.059999999999405
4607,-3.252314884776968,-5.121924088367803,20.385222567766558,46.0699999999994
4608,-3.4392758051360515,-5.31836138735529,20.00819773213908,46.0799999999994
4609,-3.6271843633579754,-5.540037895274592,19.657558909040382,46.0899999999994
4610,-3.8184697165496373,-5.787233235095484,19.334304726394144,46.0999999999994
4611,-4.015346068404222,-6.060257852495642,19.03970701553185,46.109999999999395
4612,-4.219837246813364,-6.3594420460400265,18.77532182053301,46.11999999999939
4613,-4.43379772673603,-6.68511403129544,18.54300467613377,46.12999999999939
4614,-4.658929357191971,-7.037566934669599,18.344928985386158,46.13999999999939
4615,-4.896793114939734,-7.41701420328048,18.183606151060552,46.14999999999939
4616,-5.148815223773808,-7.8235325593779095,18.06190582787261,46.159999999999386
4617,-5.4162869573342185,-8.256991339471602,17.983074241250158,46.16999999999938
4618,-5.7003573955479565,-8.716966869473906,17.950747939804838,46.17999999999938
4619,-6.002018342940551,-9.202640483789757,17.96895959368823,46.18999999999938
4620,-6.322080557025472,-9.712678964126471,18.042131507728477,46.19999999999938
4621,-6.661140397735572,-10.24509664232927,18.17505138921306,46.209999999999376
4622,-7.019536022194942,-10.797099296875867,18.372823623396624,46.219999999999374
4623,-7.397292349663035,-11.364911417583025,18.640787934602404,46.22999999999937
4624,-7.794054256455034,-11.943590581509591,18.98439597918519,46.23999999999937
4625,-8.209007888960489,-12.526835744623943,19.409035349831964,46.24999999999937
4626,-8.640790674526833,-13.106800353047804,19.919790008349747,46.259999999999366
4627,-9.08739164237893,-13.673926380958026,20.521126790762093,46.269999999999364
4628,-9.54604511623684,-14.216821616108849,21.216499986136665,46.27999999999936
4629,-10.013122766224042,-14.722209371731086,22.007870858741683,46.28999999999936
4630,-10.484031426774747,-15.174986525238657,22.895147200800547,46.29999999999936
4631,-10.953126936621137,-15.55843103174493,23.875560298427388,46.309999999999356
4632,-11.413657346133517,-15.854601837365129,24.943013390723,46.319999999999354
4633,-11.857751795256679,-16.04496979569154,26.08745629428103,46.32999999999935
4634,-12.276473595300164,-16.111304783334585,27.294363487097208,46.33999999999935
4635,-12.659956714103606,-16.036819015686547,28.544413871692353,46.34999999999935
4636,-12.9976429442619,-15.807528265027853,29.81348384748561,46.359999999999346
4637,-13.278631476338495,-15.413742827029532,31.07306369375426,46.369999999999344
4638,-13.492142611407598,-14.851544595832452,32.29118276863262,46.37999999999934
4639,-13.628082809850083,-14.124056651014065,33.4338761383356,46.38999999999934
4640,-13.67768019396648,-13.242282944586865,34.46714424449032,46.39999999999934
4641,-13.63414046902852,-12.2253048076971,35.35925750951134,46.409999999999336
4642,-13.493256902895377,-11.099680253295823,36.08315920617269,46.419999999999334
4643,-13.253899237935421,-9.898002013203945,36.61864999931857,46.42999999999933
4644,-12.918309515462273,-8.6567148064919,36.95402387940228,46.43999999999933
4645,-12.492150044565236,-7.413439139597392,37.086884455191694,46.44999999999933
4646,-11.98427895406845,-6.204157507682597,37.02399881050095,46.459999999999326
4647,-11.406266809429866,-5.060654742343518,36.78021571802472,46.469999999999324
4648,-10.77170560272123,-4.0085533636786845,36.37664174775983,46.47999999999932
4649,-10.095390378816976,-3.066160641578567,35.838387535083015,46.48999999999932
4650,-9.392467405093136,-2.2441832140916222,35.19223808722313,46.49999999999932
4651,-8.677638985992985,-1.5462127639115795,34.464562581791306,46.509999999999316
4652,-7.9644963637848445,-0.9697792334010267,33.6796823412178,46.519999999999314
4653,-7.265024650746462,-0.5077233475261947,32.85879551056629,46.52999999999931
4654,-6.589294520424436,-0.14965342247892965,32.01944718997323,46.53999999999931
4655,-5.945330410629885,0.11669632518611972,31.175456369674308,46.54999999999931
4656,-5.339127737048284,0.3043207351567888,30.337172884373615,46.559999999999306
4657,-4.774782889827777,0.42606217353758413,29.51193353467664,46.569999999999304
4658,-4.254698383491241,0.4939930955215167,28.704605096656493,46.5799999999993
4659,-3.779829235589965,0.5190319862237422,27.91813104449594,46.5899999999993
4660,-3.349943113408594,0.5107471596464902,27.1540290272187,46.5999999999993
4661,-2.9638740861030857,0.47730014170590235,26.41281184719136,46.609999999999296
4662,-2.619756663322187,0.42548488193004974,25.69432362271997,46.619999999999294
4663,-2.3152325087969636,0.3608269225823101,24.997994990901645,46.62999999999929
4664,-2.0476265656590362,0.2877152574701286,24.32302780893215,46.63999999999929
4665,-1.8140923833461198,0.20954744549922694,23.668522399981878,46.64999999999929
4666,-1.611728400461585,0.12887496581596258,23.03356041840073,46.659999999999286
4667,-1.4376680638338304,0.04754069892940198,22.41725502615157,46.669999999999284
4668,-1.2891471875575071,-0.03319604963419921,21.818778081341694,46.67999999999928
4669,-1.1635520737651763,-0.11254913765892896,21.237371945112823,46.68999999999928
4670,-1.0584517801545517,-0.190110345256005,20.672351594401718,46.69999999999928
4671,-0.971617636664697,-0.26576886679596656,20.123101111551293,46.709999999999276
4672,-0.901032759677824,-0.33964451695042003,19.58906733909248,46.719999999999274
4673,-0.8448939354050836,-0.4120333304501343,19.069752518414187,46.72999999999927
4674,-0.8016078749095887,-0.4833641165342167,18.56470702921063,46.73999999999927
4675,-0.7697834990720516,-0.5541645268435129,18.073522859920974,46.74999999999927
4676,-0.7482216018491977,-0.6250352646385654,17.595828117408434,46.759999999999266
4677,-0.7359029681281345,-0.6966311735112501,17.131282683146743,46.769999999999264
4678,-0.7319757886664461,-0.7696480751083173,16.679575007745605,46.77999999999926
4679,-0.7357430173106332,-0.8448143644746817,16.24041997844012,46.78999999999926
4680,-0.746650152027038,-0.922886509703618,15.813557775044243,46.79999999999926
4681,-0.764273787794696,-1.004647734005901,15.398753634570802,46.809999999999256
4682,-0.7883111824158165,-1.0909092795722493,14.995798463606262,46.819999999999254
4683,-0.8185709921314598,-1.182513761671808,14.604510264417641,46.82999999999925
4684,-0.8549652690854946,-1.2803402172845142,14.224736371997512,46.83999999999925
4685,-0.8975027639053966,-1.3853105348560568,13.856356532928162,46.84999999999925
4686,-0.9462835410004626,-1.498397020541391,13.499286892389083,46.859999999999246
4687,-1.0014948889545554,-1.6206309118009958,13.153484992976265,46.869999999999244
4688,-1.0634084912391994,-1.7531116916661997,12.81895592891407,46.87999999999924
4689,-1.1323788112818995,-1.8970170864602305,12.495759842733113,46.88999999999924
4690,-1.2088426387997326,-2.0536136459867778,12.184020999793702,46.89999999999924
4691,-1.293319739518437,-2.2242678074250155,11.883938730521434,46.909999999999236
4692,-1.3864145463090949,-2.410457330981817,11.59580059232071,46.919999999999234
4693,-1.4888188247763672,-2.613782964465615,11.319998174261464,46.92999999999923
4694,-1.601315238745292,-2.835980141975596,11.05704604909492,46.93999999999923
4695,-1.7247817290683225,-3.0789304440652807,10.807604469966968,46.94999999999923
4696,-1.8601966005680184,-3.3446724365157965,10.572506513851142,46.959999999999226
4697,-2.008644184162796,-3.6354113535441925,10.352790489779315,46.969999999999224
4698,-2.171320901100936,-3.9535268875028224,10.149738555441893,46.97999999999922
4699,-2.3495414997411244,-4.301578076274646,9.964922616269103,46.98999999999922
4700,-2.5447451573944764,-4.682303923153083,9.800258708547766,46.99999999999922
4701,-2.758501033970337,-5.098617919094106,9.658071178658755,47.009999999999216
4702,-2.992512722482714,-5.553594036089966,9.541168041910929,47.019999999999214
4703,-3.2486208538434393,-6.050440990496587,9.45292890221167,47.02999999999921
4704,-3.5288028675087544,-6.592460600051542,9.397406685919456,47.03999999999921
4705,-3.835168640763033,-7.182984840349293,9.379444112988942,47.04999999999921
4706,-4.169950260721659,-7.825284712060203,9.404805185377075,47.05999999999921
4707,-4.535483705855514,-8.52244223959367,9.480320860686453,47.069999999999204
4708,-4.934179559229329,-9.27717484693802,9.6140462835192,47.0799999999992
4709,-5.368479088000198,-10.0915990685166,9.815424180930268,47.0899999999992
4710,-5.840791086051838,-10.966918227919734,10.095444921743598,47.0999999999992
4711,-6.3534038002386275,-11.903016702648578,10.466787839434698,47.1099999999992
4712,-6.908365090479623,-12.89794230333535,10.943920212578886,47.119999999999195
4713,-7.507322811765196,-13.947259142140549,11.543119283717273,47.12999999999919
4714,-8.151316444802731,-15.043257710837624,12.282368536678737,47.13999999999919
4715,-8.84051057140622,-16.174019011932444,13.181062248651532,47.14999999999919
4716,-9.573861415458843,-17.322348580291187,14.259433115925297,47.15999999999919
4717,-10.348710131942077,-18.46462792566802,15.53759921314707,47.169999999999185
4718,-11.160301911314672,-19.569679379323617,17.034114055098826,47.17999999999918
4719,-12.001239658115567,-20.597808564231773,18.76390631543833,47.18999999999918
4720,-12.860896548727188,-21.50027621672178,20.735527850473282,47.19999999999918
4721,-13.724834515526648,-22.219549702516293,22.94770872305051,47.20999999999918
4722,-14.574306034225613,-22.690772822494836,25.38536625053472,47.219999999999175
4723,-15.385952713052536,-22.844929818591105,28.015445823201752,47.22999999999917
4724,-16.13185042360639,-22.614104033351232,30.783277367134836,47.23999999999917
4725,-16.780075784580877,-21.938968851277437,33.610463407976866,47.24999999999917
4726,-17.295965091250533,-20.778139151039966,36.395559983364095,47.25999999999917
4727,-17.644182497229476,-19.118264635591913,39.018791411316386,47.269999999999165
4728,-17.79159071106572,-16.982906323634282,41.35155180962174,47.27999999999916
4729,-17.710722272322577,-14.437623808854152,43.270372945309866,47.28999999999916
4730,-17.383412425975735,-11.588754228473896,44.67350378894382,47.29999999999916
4731,-16.80394660622555,-8.574442756696362,45.4967312971403,47.30999999999916
4732,-15.980996221272633,-5.548556944123186,45.72432991183319,47.319999999999155
4733,-14.937752293557688,-2.6605468812259976,45.39172912309312,47.32999999999915
4734,-13.710031752324518,-0.03600799643955366,44.578708915915485,47.33999999999915
4735,-12.342629376736022,2.2372983400223108,43.39488005256965,47.34999999999915
4736,-10.884636605060189,4.115058344503824,41.96154180900697,47.35999999999915
4737,-9.384667110103788,5.593570851432741,40.394658213881335,47.369999999999145
4738,-7.886843313950134,6.700832555726313,38.79252932420307,47.37999999999914
4739,-6.428075726982489,7.485014107581068,37.22957771115736,47.38999999999914
4740,-5.036766743526133,8.00344821105915,35.75564659718253,47.39999999999914
4741,-3.732745248067605,8.314047557500864,34.39904767009437,47.40999999999914
4742,-2.5280659675107584,8.469767229752884,33.171397517100495,47.419999999999135
4743,-1.4282826477843942,8.51580589812987,32.07270561378172,47.42999999999913
4744,-0.4338737931929678,8.488817586725556,31.095803686118888,47.43999999999913
4745,0.45839534479888455,8.417361291741072,30.229751499628293,47.44999999999913
4746,1.2542919394931034,8.322966601748782,29.462209585287784,47.45999999999913
4747,1.9611594057186712,8.221396558764534,28.78094496222588,47.469999999999125
4748,2.5871831210232576,8.123867017596709,28.174687788460165,47.47999999999912
4749,3.1408515106806028,8.03810885444321,27.633542097021532,47.48999999999912
4750,3.6305772450568634,7.969237664480486,27.14911270448589,47.49999999999912
4751,4.064443286999226,7.920437408367697,26.71446569495073,47.50999999999912
4752,4.450042699136073,7.893482847047667,26.324001629630754,47.519999999999115
4753,4.794386713927233,7.889130661695447,25.973291609983203,47.52999999999911
4754,5.103861108704055,7.9074075928595065,25.658905932672337,47.53999999999911
4755,5.3842157571196,7.947819706551426,25.378251541973075,47.54999999999911
4756,5.640576152062783,8.009502103075038,25.12942592850806,47.55999999999911
4757,5.877468747164008,8.091323998548159,24.91108996927286,47.569999999999105
4758,6.0988542723024235,8.19196048024668,24.722359276005367,47.5799999999991
4759,6.3081648930968495,8.309939406770283,24.562712093713408,47.5899999999991
4760,6.508342344464193,8.443669801681615,24.431911118176554,47.5999999999991
4761,6.701875090185935,8.591456543248633,24.329936425488093,47.6099999999991
4762,6.890833235492205,8.751505054310348,24.25692680676454,47.619999999999095
4763,7.076900417374019,8.921918935395514,24.213127044139018,47.62999999999909
4764,7.261402269176169,9.100692974060308,24.19883897467209,47.63999999999909
4765,7.445331339664583,9.285703637267906,24.21437452814334,47.64999999999909
4766,7.629368569424916,9.474698960553695,24.260009277073397,47.65999999999909
4767,7.813901608537794,9.665289647662528,24.335935400895554,47.669999999999085
4768,7.999040412450268,9.854943153833188,24.44221334678688,47.67999999999908
4769,8.18463068658856,10.040982514474136,24.57872187637168,47.68999999999908
4770,8.370265869377118,10.22059166850942,24.74510662911641,47.69999999999908
4771,8.555298449290348,10.390828980732012,24.940727815084283,47.70999999999908
4772,8.738851502434514,10.548650556720357,25.16460817067235,47.719999999999075
4773,8.919831407863098,10.690944732630259,25.415382860450276,47.72999999999907
4774,9.096942740339815,10.814578776690524,25.691253563563375,47.73999999999907
4775,9.268706343974886,10.916458330265895,25.989949507459496,47.74999999999907
4776,9.433481542603987,10.993599424482436,26.308698653055306,47.75999999999907
4777,9.589493330791832,11.043212030631452,26.644212528216865,47.769999999999065
4778,9.734865200775793,11.062793059511492,26.992688275313686,47.77999999999906
4779,9.867657986649363,11.0502255674662,27.349831246422877,47.78999999999906
4780,9.985914744731046,11.00387974073059,27.71090087893578,47.79999999999906
4781,10.087711244331,10.922710135080523,28.07078157168625,47.80999999999906
4782,10.171211133405953,10.80634279316381,28.424078854923483,47.819999999999055
4783,10.234724299381739,10.655145409525774,28.76523936008448,47.82999999999905
4784,10.276766410396142,10.470273816695517,29.088691066845417,47.83999999999905
4785,10.29611715102608,10.25368884065801,29.388998221066874,47.84999999999905
4786,10.291874319989272,10.008139068184716,29.66102341717426,47.85999999999905
4787,10.263500794808817,9.737107234981703,29.900087887383595,47.869999999999045
4788,10.210861438826106,9.444720627208206,30.102120288840432,47.87999999999904
4789,10.134247357664316,9.135628830965176,30.26378441766648,47.88999999999904
4790,10.034385504994402,8.814855030124942,30.382577389936813,47.89999999999904
4791,9.912432457507457,8.4876294795626,30.456891861634293,47.90999999999904
4792,9.769952159712972,8.159215438428477,30.486038618062512,47.919999999999035
4793,9.608878487584523,7.834738500387496,30.470229033189888,47.92999999999903
4794,9.43146448886482,7.51902980921937,30.41052009462706,47.93999999999903
4795,9.240221020900275,7.216492164405475,30.308727518467357,47.94999999999903
4796,9.037848135250796,6.93099571728469,30.167314610588576,47.95999999999903
4797,8.827162893454185,6.665807156993745,29.989265754828473,47.969999999999025
4798,8.61102731980814,6.423553356861397,29.777953657277745,47.97999999999902
4799,8.392279923513467,6.206217748131069,29.53700882754546,47.98999999999902
4800,8.173673705975228,6.0151654873930305,29.270198424896847,47.99999999999902
4801,7.957822884117008,5.851191957849595,28.981319800046872,48.00999999999902
4802,7.747159791490267,5.7145883466565985,28.674112097994325,48.019999999999015
4803,7.543902647006901,5.605217921784645,28.352187399355845,48.02999999999901
4804,7.350034174484675,5.522597068024368,28.018981251878373,48.03999999999901
4805,7.167290463838644,5.465975968844319,27.67772119031383,48.04999999999901
4806,6.9971590143392115,5.434414867549485,27.331410999609485,48.05999999999901
4807,6.840884599660239,5.426852954383696,26.982828022734562,48.069999999999006
4808,6.699481435132585,5.442167985984669,26.634530690130948,48.079999999999
4809,6.573750090217793,5.479225669041933,26.288873572283894,48.089999999999
4810,6.464297648100207,5.536918587437242,25.948027546051538,48.099999999999
4811,6.37155974203391,5.614195008643124,25.614003042848427,48.109999999999
4812,6.295823268694832,5.7100782801247165,25.288674750715785,48.119999999998996
4813,6.23724876983782,5.823677743257903,24.97380652771748,48.129999999998994
4814,6.195891667179828,5.954192180948178,24.671075622045684,48.13999999999899
4815,6.171721718556663,6.1009068072790855,24.38209556931171,48.14999999999899
4816,6.164640227428905,6.263184732711708,24.10843734458381,48.15999999999899
4817,6.174494677957186,6.440453722315978,23.851648487612504,48.169999999998986
4818,6.201090582393065,6.632188928448141,23.613270000263533,48.179999999998984
4819,6.244200416998573,6.837892140052329,23.39485084330502,48.18999999999898
4820,6.303569589303948,7.05706796149756,23.197959843673278,48.19999999999898
4821,6.37891942652331,7.289197224842959,23.024194771092795,48.20999999999898
4822,6.4699472063552745,7.5337078589672535,22.875188261676758,48.219999999998976
4823,6.576323271616473,7.789943394272193,22.7526101625216,48.229999999998974
4824,6.697685283882045,8.057129279364,22.658165751804294,48.23999999999897
4825,6.833629683430241,8.334337232901134,22.59358916047016,48.24999999999897
4826,6.98370043837733,8.620447956510425,22.560631192589,48.25999999999897
4827,7.1473751901906395,8.914112700193442,22.561040622515534,48.269999999998966
4828,7.324048941190919,9.21371440634238,22.596537952141045,48.279999999998964
4829,7.513015487706065,9.517329467182822,22.668780559172692,48.28999999999896
4830,7.713446885653741,9.822691514783946,22.77931818114688,48.29999999999896
4831,7.924371348566761,10.127159118802323,22.929537789050773,48.30999999999896
4832,8.144650125590317,10.427689782298666,23.120597143643558,48.319999999998956
4833,8.372954091261152,10.720823175343972,23.353346735429888,48.329999999998954
4834,8.607740999669433,11.002677088213074,23.628240425161927,48.33999999999895
4835,8.847234608523797,11.268960058661255,23.945235960607626,48.34999999999895
4836,9.089407153537543,11.515004945461742,24.303687669322024,48.35999999999895
4837,9.331966932729962,11.73582777340886,24.70223501471644,48.369999999998946
4838,9.572353016797852,11.92621583362058,25.13869231475399,48.379999999998944
4839,9.807739298480124,12.080848147812889,25.60994666749995,48.38999999999894
4840,10.0350501834134,12.194449866281001,26.11187284774937,48.39999999999894
4841,10.25099015170016,12.261979874873196,26.63927540214854,48.40999999999894
4842,10.452089124017464,12.278847820641978,27.185869074134622,48.419999999998936
4843,10.634764993679916,12.241153032393196,27.744308683107008,48.429999999998934
4844,10.795403797551243,12.14593367273008,28.306278309069228,48.43999999999893
4845,10.930456785069127,11.991410355794445,28.86264680578134,48.44999999999893
4846,11.036552142141659,11.777205015922792,29.403692151154253,48.45999999999893
4847,11.110617429519772,11.504513749586275,29.919391066259383,48.469999999998926
4848,11.150007061526422,11.176212413741952,30.399763147668832,48.479999999998924
4849,11.152627596747974,10.79687652917955,30.83525127040775,48.48999999999892
4850,11.117052489991131,10.37270274826711,31.217113334576958,48.49999999999892
4851,11.04261751581873,9.911327542717016,31.537795788143846,48.50999999999892
4852,10.929488518508558,9.421549009914376,31.791257891742244,48.519999999998916
4853,10.77869456764914,8.912968423830213,31.973218131933365,48.529999999998914
4854,10.592121953267247,8.395577692644359,32.081300625064145,48.53999999999891
4855,10.372467527204957,7.879325576231663,32.115069102948624,48.54999999999891
4856,10.123153332107627,7.373698114043956,32.075947746960715,48.55999999999891
4857,9.84820781030126,6.8873466927420965,31.967039906706493,48.569999999998906
4858,9.552121698545344,6.427790891884639,31.792865724111472,48.579999999998904
4859,9.239688617879274,6.0012138331362515,31.559046379989333,48.5899999999989
4860,8.915841139404971,5.612356891527971,31.27196528133117,48.5999999999989
4861,8.58549271461727,5.264510095992719,30.93843503178742,48.6099999999989
4862,8.253394452754815,4.959585869454921,30.56539422835817,48.619999999998896
4863,7.924013594424825,4.698257905825766,30.15965123396449,48.629999999998894
4864,7.601438025564919,4.480144269395999,29.72768446288421,48.63999999999889
4865,7.289308649948027,4.304013962978582,29.275501600634666,48.64999999999889
4866,6.990779181251082,4.167998574843508,28.808554420049443,48.65999999999889
4867,6.708501120610325,4.0697943350291705,28.33170187882646,48.669999999998886
4868,6.44463044205221,4.00684416742072,27.84921202729639,48.679999999998884
4869,6.200851814589061,3.9764934533383234,27.364792672214342,48.68999999999888
4870,5.978415978463987,3.97611678391634,26.881641334080303,48.69999999999888
4871,5.778186059009222,4.003215749257056,26.402506366303538,48.70999999999888
4872,5.600689028034005,4.055489746200295,25.92975278420441,48.719999999998876
4873,5.446169099850635,4.130882957406535,25.465428079207445,48.729999999998874
4874,5.314640485606224,4.227611200596164,25.011324868272517,48.73999999999887
4875,5.205937557105218,4.344172427124236,24.56903854155949,48.74999999999887
4876,5.11976104410712,4.479344413987753,24.140019084380306,48.75999999999887
4877,5.055719381095184,4.6321727690757415,23.7256169724689,48.769999999998866
4878,5.013364719893239,4.801951852530117,23.32712350965504,48.779999999998864
4879,4.992223433156927,4.988200675375955,22.94580624277191,48.78999999999886
4880,4.99182115737883,5.19063531372769,22.582940199307,48.79999999999886
4881,5.011702573013716,5.40913889782927,22.239835692451848,48.80999999999886
4882,5.051446205495272,5.643729811662186,21.917863360640194,48.819999999998856
4883,5.110674566111963,5.8945283740275425,21.61847697977607,48.829999999998854
4884,5.189059946903521,6.161721964212432,21.343234422719053,48.83999999999885
4885,5.286326148634412,6.445528300900254,21.093816951264383,48.84999999999885
4886,5.402246363860996,6.74615637826912,20.872046813885454,48.85999999999885
4887,5.536637365301809,7.063764406301016,20.679902886493927,48.869999999998846
4888,5.68935006940173,7.398413994200762,20.519533829036906,48.879999999998844
4889,5.860256461881633,7.750019761548017,20.393267931976276,48.88999999999884
4890,6.049232791848271,8.11829357148692,20.303618487663464,48.89999999999884
4891,6.256138869812136,8.502682670002061,20.253283138190668,48.90999999999884
4892,6.4807932498311285,8.902301208027986,20.245135223333694,48.919999999998836
4893,6.722944045650814,9.315854948927427,20.282204686480974,48.929999999998834
4894,6.982235135978475,9.741559459923899,20.367645610431865,48.93999999999883
4895,7.258167568373017,10.17705279521548,20.504686981556723,48.94999999999883
4896,7.550056091057264,10.619304645916017,20.69656287411374,48.95999999999883
4897,7.856980946543139,11.06452519903637,20.94641798805095,48.96999999999883
4898,8.177735371792462,11.508078541773637,21.257184478416676,48.979999999998824
4899,8.51076968879058,11.944407366319131,21.63142643518318,48.98999999999882
4900,8.854133456543435,12.3669779212187,22.071149398549984,48.99999999999882
4901,9.20541790301096,12.768256486697975,22.577574144274617,49.00999999999882
4902,9.561701761379663,13.139730882331435,23.150876868956146,49.01999999999882
4903,9.91950467347484,13.471992265340608,23.789902031667083,49.029999999998815
4904,10.274753432661416,13.754893207413854,24.49185954652659,49.03999999999881
4905,10.62276741013666,13.977797057005558,25.252024653940214,49.04999999999881
4906,10.95827037482355,14.129930115935332,26.063466200261768,49.05999999999881
4907,11.27543634893473,14.200841424451138,26.916836380799268,49.06999999999881
4908,11.56797685648637,14.180964434644423,27.80026091313843,49.079999999998805
4909,11.829275614302174,14.062260561639482,28.699371305947636,49.0899999999988
4910,12.052574109035906,13.838907396675197,29.597518297226685,49.0999999999988
4911,12.231207437799835,13.50797624602979,30.476195712499102,49.1099999999988
4912,12.358884318622831,13.07002784940782,31.315685755466422,49.1199999999988
4913,12.42999867170133,12.529545804026592,32.09591042430742,49.129999999998795
4914,12.439953384933856,11.895128734650838,32.797441856669934,49.13999999999879
4915,12.385470919905554,11.179377916665285,33.402591876827174,49.14999999999879
4916,12.264861619581527,10.398447691673022,33.896474694340036,49.15999999999879
4917,12.078220226790677,9.571268753061844,34.26792392245923,49.16999999999879
4918,11.827525079417793,8.718502410528902,34.51015153635313,49.179999999998785
4919,11.516622812528905,7.861327580753344,34.621063887872,49.18999999999878
4920,11.151093289351348,7.020191350803032,34.60319496306141,49.19999999999878
4921,10.738003095496516,6.213661006886274,34.46327118399879,49.20999999999878
4922,10.285568886635492,5.457498137009287,34.211473730355266,49.21999999999878
4923,9.802761811672871,4.764037746228236,33.8605024945814,49.229999999998775
4924,9.298889405128408,4.141906268254992,33.424563034273504,49.23999999999877
4925,8.783191091441067,3.5960630883038713,32.918392636508656,49.24999999999877
4926,8.264478291127347,3.128110633528911,32.35641792568293,49.25999999999877
4927,7.750841525367503,2.7367943134547756,31.75210213856183,49.26999999999877
4928,7.24943680417623,2.4186068796903752,31.117504004978,49.279999999998765
4929,6.766353811727645,2.1684193281849287,30.4630392754632,49.28999999999876
4930,6.306560363373373,1.980077183003426,29.797414485317727,49.29999999999876
4931,5.873912045336379,1.8469213816768126,29.127691528496747,49.30999999999876
4932,5.4712129789704225,1.7622125593334361,28.459439625243043,49.31999999999876
4933,5.1003129370067235,1.7194535133332716,27.79693563749986,49.329999999998755
4934,4.762226994639378,1.7126158961509839,27.143381530486216,49.33999999999875
4935,4.457265884790539,1.736283853185726,26.50111667952757,49.34999999999875
4936,4.185167681630058,1.785730229550102,25.87181102259134,49.35999999999875
4937,3.9452239364220625,1.8569412045411213,25.256631866437136,49.36999999999875
4938,3.7363956632339685,1.9466038087652073,24.656382172218986,49.379999999998745
4939,3.5574164777870925,2.052068562189883,24.07161146791753,49.38999999999874
4940,3.4068816862273716,2.1712970175197843,23.502702453939897,49.39999999999874
4941,3.283323219356613,2.302801653816461,22.949937242278317,49.40999999999874
4942,3.185271062802598,2.445583520394653,22.413547337213046,49.41999999999874
4943,3.1113023085618035,2.5990713452956244,21.893751205745833,49.429999999998735
4944,3.0600792122351854,2.7630644915448253,21.39078280702663,49.43999999999873
4945,3.0303777401661494,2.937681128043029,20.904913894299,49.44999999999873
4946,3.021108078953837,3.1233122267553832,20.436472358765638,49.45999999999873
4947,3.0313284937339917,3.3205814491110672,19.985858400545347,49.46999999999873
4948,3.0602537892716994,3.5303105924524147,19.553559908155353,49.479999999998725
4949,3.107259469589771,3.7534899894971305,19.140168107616464,49.48999999999872
4950,3.171882521580507,3.9912530550679812,18.746394297885445,49.49999999999872
4951,3.2538195749292544,4.2448540263986505,18.373088307987583,49.50999999999872
4952,3.352923020076194,4.515647823230517,18.02125917767938,49.51999999999872
4953,3.4691955003916264,4.8050708431435405,17.692098461645262,49.529999999998715
4954,3.602783034666818,5.114621391065507,17.387006470815688,49.53999999999871
4955,3.753966870306687,5.445838307494591,17.107621676692016,49.54999999999871
4956,3.923154014025477,5.800276198065093,16.855853397854048,49.55999999999871
4957,4.110866232429439,6.179475470835415,16.63391774240023,49.56999999999871
4958,4.317727156270037,6.584925153604884,16.444376573074724,49.579999999998705
4959,4.544446956003521,7.0180161928494895,16.290178966036652,49.5899999999987
4960,4.791803879688119,7.4799826364524025,16.174704216856792,49.5999999999987
4961,5.060621755364547,7.9718277922091305,16.10180486924747,49.6099999999987
4962,5.351742359049005,8.494232165569628,16.07584745762027,49.6199999999987
4963,5.665991339701067,9.047439766482086,16.101747612964484,49.629999999998695
4964,6.0041361823791695,9.631119318642472,16.18499483025231,49.63999999999869
4965,6.3668344960055,10.244197125802838,16.33166048789097,49.64999999999869
4966,6.754570758985233,10.884659019712807,16.548380617991633,49.65999999999869
4967,7.16757958505799,11.5493201637231,16.842302463539294,49.66999999999869
4968,7.605753642924501,12.233563812871745,17.220981112112916,49.679999999998685
4969,8.068534659919226,12.93105379648002,17.692209674480225,49.68999999999868
4970,8.554786573575306,13.633430893601584,18.263763973955875,49.69999999999868
4971,9.062651005577933,14.330010796993193,18.943041183587216,49.70999999999868
4972,9.589386984719459,15.007511258273674,19.736572286284687,49.71999999999868
4973,10.131199412074881,15.649848207361654,20.649392023314967,49.729999999998675
4974,10.683064291603559,16.238054477405882,21.684258898934736,49.73999999999867
4975,11.23856331018379,16.750388614949856,22.840733794490024,49.74999999999867
4976,11.789745840660398,17.162712127647513,24.11415058916325,49.75999999999867
4977,12.32704246935911,17.44921677565949,25.494546712666068,49.76999999999867
4978,12.839259899989148,17.583572898682505,26.96566449616772,49.779999999998665
4979,13.313691199858484,17.540538193270567,28.50418073376915,49.78999999999866
4980,13.736375899199693,17.298007745354656,30.079362337380587,49.79999999999866
4981,14.09253908381519,16.839398640932128,31.653365375358366,49.80999999999866
4982,14.367225039526884,16.15615271112586,33.18237446696828,49.81999999999866
4983,14.546117806686782,15.250027781954286,34.6187019655862,49.829999999998655
4984,14.616508804213533,14.13476331894708,35.913823586552766,49.83999999999865
4985,14.568334255686887,12.836690964479196,37.02213054921334,49.84999999999865
4986,14.395169926566117,11.393949919440566,37.90496578164253,49.85999999999865
4987,14.095047925853562,9.85417376481049,38.53434514638337,49.86999999999865
4988,13.670960509749255,8.27081103010482,38.89571312399341,49.879999999998645
4989,13.130945561784811,6.698554281367066,38.9891934171152,49.88999999999864
4990,12.487706433743037,5.188583733272758,38.829065108771715,49.89999999999864
4991,11.757794163696008,3.7843960356377218,38.441558477217846,49.90999999999864
4992,10.96045435089018,2.518855122048119,37.86141174736806,49.91999999999864
4993,10.116294428005974,1.4128110379040402,37.12785206658872,49.929999999998635
4994,9.24594608899578,0.47528253751605676,36.28070013578543,49.93999999999863
4995,8.368879733847807,-0.29509935820522504,35.357159166020296,49.94999999999863
4996,7.502481824642504,-0.9078601670551716,34.389605077876205,49.95999999999863
4997,6.661447625472737,-1.3781605250187166,33.40443689843969,49.96999999999863
4998,5.857486810423591,-1.7243926532098126,32.421846472912236,49.979999999998626
4999,5.099298864060251,-1.9661578006057296,31.456257828079565,49.98999999999862
5000,4.392753197593653,-2.122741138765927,30.517164023605524,49.99999999999862
5001,3.7412037639576954,-2.2120865305138766,29.610126203726267,50.00999999999862
